000000                   	;	Text Editor 'PANORAMA' ver 1.22
000000                   	;	by Daisuke Mizobata
000000                   	;
000000                   		pre_on
000000                   		scope_on
0BD000                   		org	$bd000
0BD000                   	;
0BD000                   	fcs:	equ	$fffe4
0BD000                   	iocs:	equ	$fffe8
0BD000                   	lzfcs:	equ	$bfbf8
0BD000                   	ptrx:	equ	$ed
0BD000                   	bx:	equ	$d4
0BD000                   	cx:	equ	$d6
0BD000                   	dx:	equ	$d8
0BD000                   	si:	equ	$da
0BD000                   	di:	equ	$dd
0BD000                   	bwork:	equ	$d1
0BD000                   	btext:	equ	$cb
0BD000                   	bdata:	equ	$ce
0BD000                   	cdrv:	equ	$bfc7d
0BD000                   	mtop:	equ	$bfd1a
0BD000                   	fontad:	equ	$bfc87
0BD000                   	sym:	equ	$bfc9a
0BD000                   	rev:	equ	$bfca1
0BD000                   	;
0BD000                   	base:	equ	$50
0BD000                   	diskbuf:equ	256
0BD000                   	uwid:	equ	79
0BD000                   	twid:	equ	8
0BD000                   	wwid:	equ	70
0BD000                   	scrmgn:	equ	14	;	スクロールするときの画面右端からの幅
0BD000                   	sclmgn:	equ	4	;		〃		左端からの幅
0BD000                   	fndsiz:	equ	246	;	検索／置換の最大文字数
0BD000                   	scpsiz:	equ	512	;	スクラップのバイト数
0BD000                   	undosiz:equ	256	;	Undoできるバイト数
0BD000                   	nhist:	equ	3	;	[↑]で保存するファイル数
0BD000                   	prefver:equ	3	;	PANO.CFGのバージョン
0BD000                   	;
0BD000                   	dvwid:	equ	0	;	1行の幅
0BD000                   	scmax:	equ	1	;	scwidの最大値
0BD000                   	scwid:	equ	2	;	スクロールした幅
0BD000                   	curx:	equ	3	;	カーソルX座標
0BD000                   	cury:	equ	4	;	カーソルY座標
0BD000                   	vx:	equ	5	;	上下移動するときのカーソルX座標
0BD000                   	ins:	equ	6	;	0:上書きモード／2:挿入モード
0BD000                   	filtop:	equ	7	;	文書先頭
0BD000                   	filend:	equ	10	;	文書末尾+1
0BD000                   	gaptop:	equ	13	;	ギャップ先頭
0BD000                   	gapend:	equ	16	;	ギャップ末尾+1
0BD000                   	cptr:	equ	19	;	カーソル位置のポインタ
0BD000                   	ltptr:	equ	22	;	行先頭のポインタ
0BD000                   	mark:	equ	25	;	ブロック指定を開始した座標
0BD000                   	clpsiz:	equ	28	;	カットバッファの大きさ
0BD000                   	lineno:	equ	31	;	現在の行番号
0BD000                   	maxlin:	equ	33	;	最大行番号
0BD000                   	mrklin:	equ	35	;	markの行番号
0BD000                   	mode:	equ	37
0BD000                   	margin:	equ	38	;	左マージン
0BD000                   	u_flag:	equ	39	;	UNDOの状態
0BD000                   	subwid:	equ	40	;	現在使っていない画面幅
0BD000                   	tabwid:	equ	41	;	TABの幅
0BD000                   	;wksum:	equ	42	;	ここまでのチェックサム
0BD000                   	;
0BD000                   	wksiz:	equ	42	;	エディットに使うワークエリアの大きさ
0BD000                   	;
0BD000                   	block1:	equ	42	;	ブロックの先頭アドレス
0BD000                   	block2:	equ	45	;	ブロックの終了アドレス+1
0BD000                   	blocks:	equ	48	;	ブロックの大きさ
0BD000                   	dwid:	equ	51	;	実際のディスプレイの幅
0BD000                   	dhei:	equ	52	;	実際のディスプレイの高さ
0BD000                   	dswid:	equ	53	;	dwid+scwidとdvwidの小さいほう
0BD000                   	scrx:	equ	54	;	処理中のX座標
0BD000                   	scry:	equ	55	;	処理中のY座標
0BD000                   	cry:	equ	56	;	CRが位置するY座標
0BD000                   	fcmp:	equ	56
0BD000                   	hdl:	equ	57	;	ファイル・ハンドル
0BD000                   	bsize:	equ	58
0BD000                   	poi:	equ	61
0BD000                   	rest:	equ	64
0BD000                   	pstsiz:	equ	64	;	ペーストするデーターの大きさ(restと共用)
0BD000                   	eof:	equ	68	;	EOFの先まで読み込むか
0BD000                   	smode:	equ	69
0BD000                   	tmode:	equ	70	;	改行コードの種類、EOFの有無
0BD000                   	keycd:	equ	71	;	キーコード
0BD000                   	dblwk:	equ	73	;	2バイト文字を扱うときのワーク
0BD000                   	errno:	equ	74
0BD000                   	parawk:	equ	74
0BD000                   	fpmode:	equ	75	;	FEPのモード
0BD000                   	oldfnt:	equ	76
0BD000                   	flen:	equ	79	;	検索文字列の長さ
0BD000                   	histp:	equ	79	;	[↑]でいくつ前のファイル名を表示するか(flenと共用)
0BD000                   	fstat:	equ	80	;	ファイルの最後まで検索したか
0BD000                   	pstins:	equ	80	;	ペースト時に挿入するか上書きするか(fstatと共用)
0BD000                   	fptr:	equ	81
0BD000                   	scrapp:	equ	81	;	処理中のスクラップのポインタ(fptrと共用)
0BD000                   	fmatch:	equ	84
0BD000                   	ftail:	equ	87	;	検索文字列の最後の文字
0BD000                   	fline:	equ	88	;	検索中の行番号
0BD000                   	qline:	equ	88	;	引用符処理中の行番号(flineと共用)
0BD000                   	wrpwid:	equ	90	;	改行挿入幅
0BD000                   	scps:	equ	91
0BD000                   	pref_d:	equ	93	;	プレファレンスの設定
0BD000                   	;
0BD000                   	m_find:	equ	1	;	検索文字列入力中
0BD000                   	m_mdf:	equ	2	;	書き換えたかどうか
0BD000                   	m_tab:	equ	4	;	タブを表示するか
0BD000                   	m_cre:	equ	8	;	改行／EOFを表示するか
0BD000                   	m_rev:	equ	16	;	反転表示しているか
0BD000                   	m_pfmk:	equ	32	;	[PF3]を押したか
0BD000                   	m_fnmk:	equ	64	;	検索結果を表示しているか
0BD000                   	m_alert:equ	128	;	画面下にメッセージを表示するか
0BD000                   	;
0BD000                   	s_ind:	equ	1	;	オートインデント・モード
0BD000                   	s_pf:	equ	2	;	PFキーは有効か
0BD000                   	s_eof:	equ	4	;	テキスト末尾にEOFをつけるか
0BD000                   	s_crlf:	equ	8	;	行末はCR+LFか
0BD000                   	;
0BD000                   	r_calc:	equ	1	;	x座標を再計算する
0BD000                   	r_vx:	equ	2	;	(vx)を更新する
0BD000                   	r_adj:	equ	4	;	はみ出しているとき書き換える
0BD000                   	r_xadj:	equ	8	;	はみ出しを補正して全て書き換える
0BD000                   	r_all:	equ	16	;	全て書き換える
0BD000                   	;
0BD000                   	c_ver:	equ	0		;	バージョンNo.
0BD000                   	c_org:	equ	c_ver+1		;	TAB/CR/EOFの表示
0BD000                   	c_sym:	equ	c_org+1		;	オートインデント、PFキー
0BD000                   	c_swid:	equ	c_sym+1		;	ユーザー指定の画面幅
0BD000                   	c_twid:	equ	c_swid+1	;	タブ幅
0BD000                   	c_wwid:	equ	c_twid+1	;	改行挿入幅
0BD000                   	c_scps:	equ	c_wwid+1	;	スクラップの大きさ
0BD000                   	c_pref:	equ	c_scps+2	;	プレファレンスの設定
0BD000                   	c_lfil:	equ	c_pref+1	;	最後にsaveしたファイル名
0BD000                   	c_line:	equ	c_lfil+18	;	saveしたときの行番号
0BD000                   	c_fbuf:	equ	c_line+2	;	検索文字列
0BD000                   	c_rbuf:	equ	c_fbuf+fndsiz+1	;	置換文字列
0BD000                   	c_nbuf:	equ	c_rbuf+fndsiz+1	;	[↑]で表示されるファイル名
0BD000                   	c_scrap:equ	c_nbuf+33*nhist	;	スクラップ領域
0BD000                   	c_size:	equ	c_scrap+scpsiz
0BD000                   	;
0BD000                   	;;	MACRO	SAVE_U
0BD000                   	;;	pushu	imr			;	割り込み禁止
0BD000                   	;;	mv	[--s],u			;	pushs u
0BD000                   	;;	ENDM
0BD000                   	;
0BD000                   	;;	macro	LOAD_U
0BD000                   	;;	mv	u,[s++]			;	pops u
0BD000                   	;;	popu	imr
0BD000                   	;;	endm
0BD000                   	;
0BD000                   	;;	macro	BEEP
0BD000                   	;;	mv	a,$07
0BD000                   	;;	mv	il,$0d
0BD000                   	;;	call	lcdd
0BD000                   	;;	endm
0BD000                   	;
0BD000                   	;;	macro	CLRFND
0BD000                   	;;	test	(bp+mode),m_fnmk
0BD000                   	;;	jrz	*+5			;	次の行をスキップ
0BD000                   	;;	and	(bp+mode),$ff-(m_pfmk+m_fnmk+m_rev)
0BD000                   	;;	endm
0BD000                   	;
0BD000                   	;;	macro	CLRFND2
0BD000                   	;;	and	(bp+mode),$ff-(m_pfmk+m_fnmk+m_rev)
0BD000                   	;;	endm
0BD000                   	;
0BD000                   	undobuf:equ	*-undosiz	;	Undo用バッファ
0BD000                   	mend:	equ	undobuf
0BD000                   	;
0BD000                   	main:	local
0BD000 30 E8 37 EC       		mv	[--s],($ec)
0BD004 30 CC EC 50       		mv	($ec),base
0BD008                   	;
0BD008                   	;	LZ 10/9erの常駐チェック
0BD008 CD 86 08 00       		mvw	(bp+cx-base),$08
0BD00C 09 7F             		mv	il,$7f
0BD00E 04 68 F5          		call	icall
0BD011 0C E4 FF 0F       		mv	x,fcs
0BD015 1C 04             		jrc	notlz
0BD017 0C F8 FB 0B       		mv	x,lzfcs
0BD01B AC A2 F5 0B       	notlz:	mv	[fcall+1],x
0BD01F                   	;
0BD01F D1 33 9D FC 0B    		mvw	(bp+dwid),[$bfc9d]
0BD024 DC 3A 00 01 00    		mvp	(bp+bsize),diskbuf
0BD029                   	;
0BD029 0B 1B 01          		mv	i,title-ms
0BD02C 04 82 F5          		call	putm2
0BD02F                   	;
0BD02F 04 F2 F1          		call	makecfg
0BD032 09 D6             		mv	il,cfg_e-ms
0BD034 16 3C D1          		jpc	errend
0BD037 90 25             		mv	a,[y++]			;	c_org
0BD039 78 80             		or	a,m_alert
0BD03B A0 25             		mv	(bp+mode),a
0BD03D 90 25             		mv	a,[y++]			;	c_sym
0BD03F A0 45             		mv	(bp+smode),a
0BD041 70 0C             		and	a,s_eof+s_crlf
0BD043 A0 46             		mv	(bp+tmode),a
0BD045 E1 25 28          		mvw	(bp+subwid),[y++]	;	c_swid,c_twid
0BD048 E0 25 5A          		mv	(bp+wrpwid),[y++]	;	c_wwid
0BD04B E2 25 5B          		mvp	(bp+scps),[y++]		;	c_scps,c_pref
0BD04E                   	;
0BD04E                   	;	パラメーターをチェックする
0BD04E 72 82 F9 0B 00    		and	[fname],0
0BD053 3C                		popu	x
0BD054 04 83 F2          		call	getpara
0BD057 2C                		pushu	x
0BD058 1E 06             		jrnc	paraok
0BD05A 0B 52 01          		mv	i,help-ms
0BD05D 02 3C D1          		jp	errend
0BD060                   	paraok:
0BD060                   	;	test	(bp+parawk),2
0BD060                   	;	jrz	norsm
0BD060                   	;;	-Rオプションの処理
0BD060                   	;	call	loadwk
0BD060                   	;;	ワークエリアのチェックサムを検査
0BD060                   	;	mv	(bp+ptrx-base),wksiz-2
0BD060                   	;rloop:	mv	a,(bp+px)
0BD060                   	;	sub	(bp+wksum),a
0BD060                   	;	sub	(bp+ptrx-base),1
0BD060                   	;	jrnc	rloop
0BD060                   	;	cmp	(bp+wksum),0
0BD060                   	;	jrz	rsmok
0BD060                   	;	mv	il,rsm_e-ms
0BD060                   	;	jr	errend
0BD060                   	;;	リジューム処理
0BD060                   	;rsmok:	mv	a,$0d
0BD060                   	;	mv	[(bp+filtop)-1],a
0BD060                   	;	mv	[(bp+gaptop)-1],a
0BD060                   	;	mv	x,(bp+filend)
0BD060                   	;	mv	[x-1],a
0BD060                   	;	mv	y,(bp+gapend)
0BD060                   	;	call	gapfwd3
0BD060                   	;	mv	y,(bp+filtop)
0BD060                   	;	mv	x,(bp+gaptop)
0BD060                   	;	call	chkdbl
0BD060                   	;	jr	start
0BD060                   	;
0BD060 0D 00 CF 0B       	norsm:	mv	y,mend
0BD064 A5 0A             		mv	(bp+filend),y
0BD066 7C 05             		dec	y
0BD068 A5 10             		mv	(bp+gapend),y
0BD06A 8C 1A FD 0B       		mv	x,[mtop]
0BD06E 7C 05             		dec	y
0BD070 4D 54             		sub	y,x
0BD072 1E 04             		jrnc	memok
0BD074 09 C3             		mv	il,mem_e-ms
0BD076 12 C4             		jr	errend
0BD078 4D 55             	memok:	sub	y,y
0BD07A A5 1C             		mv	(bp+clpsiz),y
0BD07C 08 0D             		mv	a,$0d
0BD07E B0 24             		mv	[x++],a
0BD080 A4 07             		mv	(bp+filtop),x
0BD082 A4 0D             		mv	(bp+gaptop),x
0BD084                   	;
0BD084 04 2E F0          		call	initwk
0BD087 CC 06 02          		mv	(bp+ins),2
0BD08A CD 26 00 00       		mvw	(bp+margin),0		;	mv (bp+u_flag),0
0BD08E C8 00 33          		mv	(bp+dvwid),(bp+dwid)
0BD091                   	;
0BD091 0C 82 F9 0B       		mv	x,fname
0BD095 65 4A 01          		test	(bp+parawk),1
0BD098 18 06             		jrz	noload
0BD09A 04 36 EF          		call	load
0BD09D 04 12 F1          		call	filcmp
0BD0A0                   	;
0BD0A0                   	noload:
0BD0A0 84 0D             		mv	x,(bp+gaptop)
0BD0A2 08 0D             		mv	a,$0d
0BD0A4 B0 24             		mv	[x++],a
0BD0A6 A4 0D             		mv	(bp+gaptop),x
0BD0A8 84 10             		mv	x,(bp+gapend)
0BD0AA 6C 04             		inc	x
0BD0AC A4 10             		mv	(bp+gapend),x
0BD0AE                   	;
0BD0AE                   	start:
0BD0AE 09 2A             		mv	il,c_pref+$22
0BD0B0 04 E3 F1          		call	getcfg
0BD0B3 E0 05 5D          		mv	(bp+pref_d),[y]		;	Pref再読み込み(-E,Sオプションを無効)
0BD0B6 65 4A 04          		test	(bp+parawk),4		;	オプションに行番号を指定したか
0BD0B9 18 16             		jrz	frmtop
0BD0BB 85 0D             		mv	y,(bp+gaptop)
0BD0BD 7C 05             		dec	y
0BD0BF 04 56 ED          		call	bfrcr2
0BD0C2 A5 16             		mv	(bp+ltptr),y
0BD0C4 A5 13             		mv	(bp+cptr),y
0BD0C6 C9 1F 21          		mvw	(bp+lineno),(bp+maxlin)
0BD0C9 83 58             		mv	i,(bp+fline)
0BD0CB 04 84 E4          		call	golini
0BD0CE CC 04 01          		mv	(bp+cury),1
0BD0D1 85 13             	frmtop:	mv	y,(bp+cptr)
0BD0D3 04 5F ED          		call	gapbac2
0BD0D6 04 E7 E7          		call	putall
0BD0D9 04 6D E5          		call	putsym
0BD0DC                   	;
0BD0DC                   	loop:
0BD0DC 04 86 F4          		call	keyp
0BD0DF DD                		ex	a,b
0BD0E0 60 05             		cmp	a,$05			;	[BASIC]キー
0BD0E2 18 04             		jrz	menuok
0BD0E4 60 06             		cmp	a,$06			;	[MENU]
0BD0E6 1A 11             		jrnz	nomenu
0BD0E8                   	menuok:
0BD0E8 04 D5 F4          		call	fpsave
0BD0EB 04 41 D1          		call	domenu
0BD0EE F4                		shr	a
0BD0EF 1C 29             		jrc	loope
0BD0F1 04 E7 E7          		call	putall
0BD0F4 04 E1 F4          		call	fpres
0BD0F7 13 1D             		jr	loop
0BD0F9                   	nomenu:
0BD0F9                   	;	cmp	a,$cf			;	CTRL+[+/-]
0BD0F9                   	;	jrnz	nodbg
0BD0F9                   	;	call	gapclr			;	デバッグ用
0BD0F9                   	;	jr	loop
0BD0F9 DD                	nodbg:	ex	a,b
0BD0FA 0C C6 F5 0B       		mv	x,cttab
0BD0FE 09 42             		mv	il,ctnum
0BD100 04 69 D2          		call	ed_key
0BD103 1E 05             		jrnc	l2
0BD105 04 85 E7          		call	dispadj
0BD108 13 2E             		jr	loop
0BD10A F4                	l2:	shr	a
0BD10B 1E 05             		jrnc	l4
0BD10D 04 96 E7          		call	xadj
0BD110 12 03             		jr	l5
0BD112 F4                	l4:	shr	a
0BD113 1F 39             		jrnc	loop
0BD115 04 E7 E7          	l5:	call	putall
0BD118 13 3E             		jr	loop
0BD11A                   	loope:
0BD11A 04 1E F0          		call	savewk
0BD11D 09 23             		mv	il,c_org+$22
0BD11F 04 E3 F1          		call	getcfg
0BD122 80 25             		mv	a,(bp+mode)
0BD124 70 0C             		and	a,m_tab+m_cre
0BD126 B0 25             		mv	[y++],a			;	c_orgに保存
0BD128 E8 25 45          		mv	[y++],(bp+smode)	;	c_symに保存
0BD12B 09 51             		mv	il,$51			;	画面消去
0BD12D 04 63 F5          		call	lcdd
0BD130 CC 45 00          		mv	(bp+smode),0
0BD133 04 6D E5          		call	putsym			;	シンボル消灯
0BD136 30 E0 27 EC       	bas:	mv	($ec),[s++]
0BD13A 9F                		rc
0BD13B 07                		retf
0BD13C                   	errend:
0BD13C 04 82 F5          		call	putm2
0BD13F 13 0B             		jr	bas
0BD141                   		endl
0BD141                   	domenu:	local
0BD141 0C C4 F8 0B       		mv	x,menu_m
0BD145 0A 05 00          		mv	ba,5
0BD148 CD 84 00 03       		mvw	(bp+bx-base),$0300
0BD14C 09 58             		mv	il,$58
0BD14E 04 63 F5          		call	lcdd
0BD151 04 9C F4          		call	keys2
0BD154 0C 22 F7 0B       		mv	x,mntab
0BD158 09 06             		mv	il,mnnum
0BD15A 04 8D D2          		call	kcall
0BD15D 06                		ret
0BD15E                   		endl
0BD15E                   	inpfnd:
0BD15E                   	;	検索文字列の入力
0BD15E 09 3F             		mv	il,c_fbuf+$22
0BD160 04 E3 F1          		call	getcfg
0BD163 09 5A             		mv	il,srch_m-ms
0BD165 FD 45             		mv	x,y
0BD167                   	inputs:	local
0BD167                   	;	検索／置換文字列の入力
0BD167 2C                		pushu	x
0BD168 2B                		pushu	i
0BD169 04 5B D2          		call	inputi
0BD16C 91 24             		mv	il,[x++]
0BD16E 6C 01             		inc	il
0BD170 7C 01             	loop1:	dec	il
0BD172 18 06             		jrz	loop1e
0BD174 90 24             		mv	a,[x++]
0BD176 B0 25             		mv	[y++],a
0BD178 13 0A             		jr	loop1
0BD17A 08 0D             	loop1e:	mv	a,$0d
0BD17C B0 25             		mv	[y++],a
0BD17E A5 0D             		mv	(bp+gaptop),y
0BD180 0C C0 FB 0B       		mv	x,buf+fndsiz+2
0BD184 A4 10             		mv	(bp+gapend),x
0BD186 A4 0A             		mv	(bp+filend),x
0BD188 08 FF             		mv	a,255
0BD18A A0 00             		mv	(bp+dvwid),a
0BD18C 4A 33             		sub	a,(bp+dwid)
0BD18E A0 01             		mv	(bp+scmax),a
0BD190 3B                		popu	i
0BD191 04 E7 D1          		call	inputl
0BD194 95 06             		mv	y,[u]
0BD196 28                		pushu	a
0BD197 1C 09             		jrc	l1
0BD199 7C 01             		dec	il
0BD19B B1 25             		mv	[y++],il
0BD19D 18 03             		jrz	l1
0BD19F 04 C8 F3          		call	xtoy
0BD1A2 04 26 F0          	l1:	call	loadwk
0BD1A5 38                		popu	a
0BD1A6 3D                		popu	y
0BD1A7 06                		ret
0BD1A8                   		endl
0BD1A8                   	inputn:	local
0BD1A8                   	;	数字を入力する
0BD1A8 2B                		pushu	i
0BD1A9 04 D5 F4          		call	fpsave
0BD1AC 04 5B D2          		call	inputi
0BD1AF 08 0D             		mv	a,$0d
0BD1B1 B0 25             		mv	[y++],a
0BD1B3 A5 0D             		mv	(bp+gaptop),y
0BD1B5 0C EA FA 0B       		mv	x,buf+32+2
0BD1B9 A4 10             		mv	(bp+gapend),x
0BD1BB A4 0A             		mv	(bp+filend),x
0BD1BD CC 00 28          		mv	(bp+dvwid),40
0BD1C0 3B                		popu	i
0BD1C1 04 E7 D1          		call	inputl
0BD1C4 1C 15             		jrc	l1
0BD1C6 7C 03             		dec	i
0BD1C8 18 11             		jrz	l1
0BD1CA 04 DD F3          		call	str2i
0BD1CD 1C 04             		jrc	err
0BD1CF 60 0D             		cmp	a,$0d
0BD1D1 18 09             		jrz	l2
0BD1D3 79 25 80          	err:	or	(bp+mode),m_alert
0BD1D6 09 8D             		mv	il,num_e-ms
0BD1D8 04 7A F4          		call	alert
0BD1DB 97                	l1:	sc
0BD1DC 2E                	l2:	pushu	f
0BD1DD 2B                		pushu	i
0BD1DE 04 26 F0          		call	loadwk
0BD1E1 04 E1 F4          		call	fpres
0BD1E4 3B                		popu	i
0BD1E5 3E                		popu	f
0BD1E6 06                		ret
0BD1E7                   		endl
0BD1E7                   	inputl:	local
0BD1E7                   	;	1行入力
0BD1E7                   	;	i->メッセージのオフセット
0BD1E7                   	;	c=1:[リターン]で終了
0BD1E7                   	;	i<-入力された文字数(最後のCRを含む)
0BD1E7                   	;	x<-文字列の先頭アドレス
0BD1E7 CC 84 00          		mv	(bp+bx-base),0
0BD1EA C8 85 34          		mv	(bp+bx-base+1),(bp+dhei)
0BD1ED 7D 85             		dec	(bp+bx-base+1)
0BD1EF 04 57 F5          		call	putm
0BD1F2 08 3E             		mv	a,'>'
0BD1F4 04 53 F5          		call	putc
0BD1F7 04 2E F0          		call	initwk
0BD1FA CC 29 01          		mv	(bp+tabwid),1		;	TAB幅は1桁
0BD1FD 71 25 01          		and	(bp+mode),m_find	;	EOFを表示しない
0BD200 CC 06 00          		mv	(bp+ins),0
0BD203 C9 03 84          		mvw	(bp+curx),(bp+bx-base)	;	編集開始座標
0BD206 C8 26 03          		mv	(bp+margin),(bp+curx)
0BD209 04 C5 E8          		call	putlt
0BD20C 04 86 F4          	loop:	call	keyp
0BD20F 60 0D             		cmp	a,$0d
0BD211 18 12             		jrz	l4
0BD213 65 25 01          		test	(bp+mode),m_find
0BD216 18 17             		jrz	l3
0BD218 60 1E             		cmp	a,$1e
0BD21A 18 09             		jrz	l4
0BD21C 60 1F             		cmp	a,$1f
0BD21E 18 05             		jrz	l4
0BD220 DD                		ex	a,b
0BD221 60 2D             		cmp	a,$2d
0BD223 1A 0B             		jrnz	l5
0BD225 84 07             	l4:	mv	x,(bp+filtop)
0BD227 85 0D             		mv	y,(bp+gaptop)
0BD229 4D 54             		sub	y,x
0BD22B FD 35             		mv	i,y
0BD22D 12 2B             		jr	l1
0BD22F DD                	l3:	ex	a,b
0BD230 60 05             	l5:	cmp	a,$05			;	[BASIC]キー
0BD232 97                		sc
0BD233 18 25             		jrz	l1
0BD235 60 06             		cmp	a,$06			;	[MENU]
0BD237 97                		sc
0BD238 18 20             		jrz	l1
0BD23A DD                		ex	a,b
0BD23B 0C BE F5 0B       		mv	x,cltab
0BD23F 09 1E             		mv	il,clnum
0BD241 04 69 D2          		call	ed_key
0BD244 1E 0A             		jrnc	l2
0BD246 04 96 E7          		call	xadj
0BD249 19 3F             		jrz	loop
0BD24B 04 C5 E8          		call	putlt
0BD24E 13 44             		jr	loop
0BD250 19 46             	l2:	jrz	loop
0BD252 04 96 E7          		call	xadj
0BD255 04 C5 E8          		call	putlt
0BD258 13 4E             		jr	loop
0BD25A 06                	l1:	ret
0BD25B                   		endl
0BD25B                   	inputi:
0BD25B                   	;	inputlルーチンを実行するための初期化をする
0BD25B 04 1E F0          		call	savewk
0BD25E 0D C8 FA 0B       		mv	y,buf
0BD262 08 0D             		mv	a,$0d
0BD264 B0 25             		mv	[y++],a
0BD266 A5 07             		mv	(bp+filtop),y
0BD268 06                		ret
0BD269                   	ed_key:	local
0BD269 04 81 D2          		call	ed_key2
0BD26C 72 A1 FC 0B BF    		and	[rev],$bf
0BD271 F4                		shr	a
0BD272 1E 05             		jrnc	l3
0BD274 28                		pushu	a
0BD275 04 8B E7          		call	xrecalc
0BD278 38                		popu	a
0BD279 F4                	l3:	shr	a
0BD27A 1E 03             		jrnc	l1
0BD27C C8 05 03          		mv	(bp+vx),(bp+curx)
0BD27F F4                	l1:	shr	a
0BD280 06                		ret
0BD281                   	ed_key2:
0BD281 60 20             		cmp	a,$20
0BD283 1C 08             		jrc	kcall
0BD285 60 7F             		cmp	a,$7f
0BD287 14 DD DE          		jpz	delete
0BD28A 02 15 E0          		jp	keyin
0BD28D                   		endl
0BD28D                   	kcall:	local
0BD28D                   	;	baで示すキーコードのルーチンにジャンプ
0BD28D                   	;	x->キーコードテーブル
0BD28D                   	;	i->定義されているキーの数
0BD28D A2 47             		mv	(bp+keycd),ba
0BD28F                   	loop:
0BD28F 92 24             		mv	ba,[x++]
0BD291 D6 02 47          		cmpw	(bp+keycd),ba
0BD294 92 24             		mv	ba,[x++]
0BD296 1A 03             		jrnz	l1
0BD298 B2 37             		pushs	ba
0BD29A 06                		ret
0BD29B 7C 01             	l1:	dec	il
0BD29D 1B 10             		jrnz	loop
0BD29F 08 00             		mv	a,0
0BD2A1 06                		ret
0BD2A2                   		endl
0BD2A2                   	hist:	local
0BD2A2                   	;	1行入力でしか使えないルーチン
0BD2A2 0B 2D 02          		mv	i,c_nbuf+$22
0BD2A5 04 E3 F1          		call	getcfg
0BD2A8 80 4F             		mv	a,(bp+histp)
0BD2AA 09 21             		mv	il,33
0BD2AC 48 01             	loop2:	sub	a,1
0BD2AE 1C 04             		jrc	loop2e
0BD2B0 45 51             		add	y,il
0BD2B2 13 08             		jr	loop2
0BD2B4                   	loop2e:
0BD2B4 6D 4F             		inc	(bp+histp)
0BD2B6 61 4F 03          		cmp	(bp+histp),nhist
0BD2B9 1C 03             		jrc	l2
0BD2BB CC 4F 00          		mv	(bp+histp),0
0BD2BE 90 05             	l2:	mv	a,[y]
0BD2C0 60 00             		cmp	a,0
0BD2C2 18 16             		jrz	l1
0BD2C4 84 07             		mv	x,(bp+filtop)
0BD2C6 A4 13             		mv	(bp+cptr),x
0BD2C8 91 25             		mv	il,[y++]
0BD2CA 90 25             	loop1:	mv	a,[y++]
0BD2CC B0 24             		mv	[x++],a
0BD2CE 7C 01             		dec	il
0BD2D0 1B 08             		jrnz	loop1
0BD2D2 08 0D             		mv	a,$0d
0BD2D4 B0 24             		mv	[x++],a
0BD2D6 A4 0D             		mv	(bp+gaptop),x
0BD2D8 08 09             		mv	a,r_calc+r_xadj
0BD2DA 06                	l1:	ret
0BD2DB                   		endl
0BD2DB                   	ctrq:	local
0BD2DB 04 3E EC          		call	putcrsb
0BD2DE 04 9C F4          		call	keys2
0BD2E1 2A                		pushu	ba
0BD2E2 04 3D F5          		call	clrcur
0BD2E5 3A                		popu	ba
0BD2E6 0C CE F6 0B       	l1:	mv	x,cqtab
0BD2EA 09 15             		mv	il,cqnum
0BD2EC 04 8D D2          		call	kcall
0BD2EF 06                		ret
0BD2F0                   		endl
0BD2F0                   	asksave:local
0BD2F0 65 25 02          		test	(bp+mode),m_mdf
0BD2F3 18 20             		jrz	l1
0BD2F5 09 38             		mv	il,end_m-ms
0BD2F7 04 27 F5          		call	putel
0BD2FA 04 5D F5          		call	putp
0BD2FD 04 9C F4          		call	keys2
0BD300 70 DF             		and	a,$df			;	大文字小文字を無視する
0BD302 60 4E             		cmp	a,'N'
0BD304 18 0F             		jrz	l1
0BD306 60 59             		cmp	a,'Y'
0BD308 1A 05             		jrnz	l2
0BD30A 04 0F E6          		call	save
0BD30D 1E 06             		jrnc	l1
0BD30F 04 E8 F4          	l2:	call	kclr
0BD312 08 00             		mv	a,0
0BD314 06                		ret
0BD315 08 01             	l1:	mv	a,1
0BD317 06                		ret
0BD318                   		endl
0BD318                   	pref:	local
0BD318                   	;	プレファレンス
0BD318 30 49 EC 07       		sub	($ec),7
0BD31C 22 C8 00 AD       		mv	(bp+0),(pref_d+base)
0BD320 DC 03 01 00 01    		mvp	(bp+3),$010001		;	(bp+3)：マスクビット
0BD325 CC 06 00          		mv	(bp+6),0
0BD328                   	loop4:
0BD328 0C E5 F8 0B       		mv	x,pref_m
0BD32C                   	loop3:
0BD32C 2C                		pushu	x
0BD32D 09 51             		mv	il,$51			;	画面消去
0BD32F 04 63 F5          		call	lcdd
0BD332 3C                		popu	x
0BD333 CD 01 03 00       		mvw	(bp+1),$0003		;	(bp+1,2)：X,Y座標
0BD337                   	loop1:
0BD337 30 C9 D4 01       		mvw	(bx),(bp+1)
0BD33B 04 5D F5          		call	putp
0BD33E 2C                		pushu	x
0BD33F 04 D6 D3          		call	onoff
0BD342 3C                		popu	x
0BD343 E7 03             		rol	(bp+3)
0BD345 6D 02             		inc	(bp+2)
0BD347 90 04             		mv	a,[x]
0BD349 60 00             		cmp	a,0
0BD34B 1B 16             		jrnz	loop1
0BD34D CC 01 01          		mv	(bp+1),1
0BD350 C9 02 04          		mvw	(bp+2),(bp+4)
0BD353                   	loop2:
0BD353 30 C9 D4 01       		mvw	(bx),(bp+1)
0BD357 08 2A             		mv	a,'*'
0BD359 04 53 F5          		call	putc
0BD35C 04 9C F4          		call	keys2
0BD35F 60 1C             		cmp	a,$1c
0BD361 18 08             		jrz	sw
0BD363 60 1D             		cmp	a,$1d
0BD365 18 04             		jrz	sw
0BD367 60 20             		cmp	a,' '
0BD369 1A 08             		jrnz	l2
0BD36B 6E 00 03          	sw:	xor	(bp+0),(bp+3)		;	ON/OFFの反転
0BD36E 04 D6 D3          		call	onoff
0BD371 13 20             		jr	loop2
0BD373 60 0D             	l2:	cmp	a,$0d
0BD375 1A 0E             		jrnz	l3
0BD377 30 C8 AD 00       		mv	(pref_d+base),(bp+0)
0BD37B 09 2A             		mv	il,c_pref+$22
0BD37D 04 E3 F1          		call	getcfg
0BD380 E8 05 00          		mv	[y],(bp+0)		;	カスタマイズ内容を保存
0BD383 12 4A             		jr	loope
0BD385 2A                	l3:	pushu	ba
0BD386 30 C9 D4 01       		mvw	(bx),(bp+1)
0BD38A 04 51 F5          		call	putspc
0BD38D 3A                		popu	ba
0BD38E 60 1E             		cmp	a,$1e
0BD390 1A 15             		jrnz	l4
0BD392 61 06 00          		cmp	(bp+6),0
0BD395 19 44             		jrz	loop2
0BD397 7D 06             		dec	(bp+6)			;	ひとつ上へ
0BD399 E5 03             		ror	(bp+3)			;	マスクビットをずらす
0BD39B 49 02 01          		sub	(bp+2),1
0BD39E 1F 4D             		jrnc	loop2
0BD3A0 DC 03 01 03 08    		mvp	(bp+3),$080301
0BD3A5 13 7F             		jr	loop4
0BD3A7 60 1F             	l4:	cmp	a,$1f
0BD3A9 1A 1B             		jrnz	l5
0BD3AB 61 06 05          		cmp	(bp+6),5
0BD3AE 19 5D             		jrz	loop2
0BD3B0 6D 06             		inc	(bp+6)			;	ひとつ下へ
0BD3B2 E7 03             		rol	(bp+3)			;	マスクビットをずらす
0BD3B4 6D 02             		inc	(bp+2)
0BD3B6 61 02 04          		cmp	(bp+2),4
0BD3B9 1D 68             		jrc	loop2
0BD3BB 0C 1D F9 0B       		mv	x,pref2_m
0BD3BF DC 03 10 00 10    		mvp	(bp+3),$100010
0BD3C4 13 9A             		jr	loop3
0BD3C6 74                	l5:	mv	a,b
0BD3C7 60 05             		cmp	a,$05
0BD3C9 18 04             		jrz	loope
0BD3CB 60 06             		cmp	a,$06
0BD3CD 1B 7C             		jrnz	loop2
0BD3CF                   	loope:
0BD3CF 30 47 EC 07       		pmdf	($ec),7
0BD3D3 08 00             		mv	a,0
0BD3D5 06                		ret
0BD3D6                   	onoff:
0BD3D6 0B F2 00          		mv	i,onof_d-ms
0BD3D9 80 00             		mv	a,(bp+0)
0BD3DB 67 03             		test	(bp+3),a
0BD3DD 30 CC D4 14       		mv	(bx),20
0BD3E1 12 B3             		jr	showrev
0BD3E3                   		endl	;of pref
0BD3E3                   	fform:	local
0BD3E3 30 49 EC 03       		sub	($ec),3
0BD3E7 22 C8 02 96       		mv	(bp+2),(base+tmode)
0BD3EB 09 51             		mv	il,$51			;	画面消去
0BD3ED 04 63 F5          		call	lcdd
0BD3F0 0C 39 F9 0B       		mv	x,form_m
0BD3F4 CD 00 03 00       		mvw	(bp+0),$0003		;	(bp+0,1)：X,Y座標
0BD3F8                   	loop1:
0BD3F8 30 C9 D4 00       		mvw	(bx),(bp+0)
0BD3FC 04 5D F5          		call	putp
0BD3FF 2C                		pushu	x
0BD400 04 7D D4          		call	showmod
0BD403 3C                		popu	x
0BD404 6D 01             		inc	(bp+1)
0BD406 61 01 02          		cmp	(bp+1),2
0BD409 1D 13             		jrc	loop1
0BD40B CD 00 01 00       		mvw	(bp+0),$0001
0BD40F                   	loop2:
0BD40F 30 C9 D4 00       		mvw	(bx),(bp+0)
0BD413 08 2A             		mv	a,'*'
0BD415 04 53 F5          		call	putc
0BD418 04 9C F4          		call	keys2
0BD41B 60 1C             		cmp	a,$1c
0BD41D 18 08             		jrz	sw
0BD41F 60 1D             		cmp	a,$1d
0BD421 18 04             		jrz	sw
0BD423 60 20             		cmp	a,' '
0BD425 1A 12             		jrnz	l2
0BD427 61 01 00          	sw:	cmp	(bp+1),0
0BD42A 18 05             		jrz	sw1
0BD42C 69 02 08          		xor	(bp+2),s_crlf
0BD42F 12 03             		jr	sw2
0BD431 69 02 04          	sw1:	xor	(bp+2),s_eof
0BD434 04 7D D4          	sw2:	call	showmod
0BD437 13 2A             		jr	loop2
0BD439 60 0D             	l2:	cmp	a,$0d
0BD43B 1A 17             		jrnz	l3
0BD43D 30 C8 96 02       		mv	(base+tmode),(bp+2)
0BD441 62 82 F9 0B 00    		cmp	[fname],0
0BD446 1A 2E             		jrnz	loope
0BD448 30 80 95          		mv	a,(base+smode)
0BD44B 70 F3             		and	a,$ff-(s_eof+s_crlf)
0BD44D 7F 02             		or	a,(bp+2)
0BD44F 30 A0 95          		mv	(base+smode),a
0BD452 12 22             		jr	loope
0BD454 2A                	l3:	pushu	ba
0BD455 30 C9 D4 00       		mvw	(bx),(bp+0)
0BD459 04 51 F5          		call	putspc
0BD45C 3A                		popu	ba
0BD45D 60 1E             		cmp	a,$1e
0BD45F 1A 05             		jrnz	l4
0BD461 CC 01 00          		mv	(bp+1),0
0BD464 13 57             		jr	loop2
0BD466 60 1F             	l4:	cmp	a,$1f
0BD468 1A 03             		jrnz	l5
0BD46A CC 01 01          		mv	(bp+1),1
0BD46D 74                	l5:	mv	a,b
0BD46E 60 05             		cmp	a,$05
0BD470 18 04             		jrz	loope
0BD472 60 06             		cmp	a,$06
0BD474 1B 67             		jrnz	loop2
0BD476                   	loope:
0BD476 08 00             		mv	a,0
0BD478 30 41 EC 03       		add	($ec),3
0BD47C 06                		ret
0BD47D                   	showmod:
0BD47D 30 CC D4 11       		mv	(bx),17
0BD481 80 02             		mv	a,(bp+2)
0BD483 68 0C             		xor	a,s_crlf+s_eof
0BD485 61 01 00          		cmp	(bp+1),0
0BD488 18 07             		jrz	l1
0BD48A 0B 0C 01          		mv	i,cr_d-ms
0BD48D 64 08             		test	a,s_crlf
0BD48F 12 05             		jr	showrev
0BD491                   	l1:
0BD491 0B FD 00          		mv	i,eof_d-ms
0BD494 64 04             		test	a,s_eof
0BD496                   		endl	; of fform
0BD496                   	showrev:local
0BD496 18 05             		jrz	l1
0BD498 7A A1 FC 0B 40    		or	[rev],$40
0BD49D 04 57 F5          	l1:	call	putm
0BD4A0 6A A1 FC 0B 40    		xor	[rev],$40
0BD4A5 04 5D F5          		call	putp
0BD4A8 72 A1 FC 0B BF    		and	[rev],$bf
0BD4AD 06                		ret
0BD4AE                   		endl
0BD4AE                   	rename:	local
0BD4AE                   	;	リネームしてSaveする
0BD4AE 04 5B D2          		call	inputi
0BD4B1 0C 82 F9 0B       		mv	x,fname
0BD4B5 90 24             	loop1:	mv	a,[x++]
0BD4B7 60 20             		cmp	a,' '
0BD4B9 19 06             		jrz	loop1
0BD4BB 1C 04             		jrc	loop1e
0BD4BD B0 25             		mv	[y++],a
0BD4BF 13 0C             		jr	loop1
0BD4C1                   	loop1e:
0BD4C1 09 38             		mv	il,end_m-ms
0BD4C3 04 7B D5          		call	inputf
0BD4C6 1C 17             		jrc	l2
0BD4C8 04 9F EE          		call	askow
0BD4CB 1E 12             		jrnc	l2
0BD4CD 0C 95 F9 0B       		mv	x,subnam
0BD4D1 04 1F E6          		call	save2
0BD4D4 1C 09             		jrc	l2
0BD4D6 0D 82 F9 0B       		mv	y,fname
0BD4DA 09 13             		mv	il,19
0BD4DC 04 C8 F3          		call	xtoy
0BD4DF 08 00             	l2:	mv	a,0
0BD4E1 06                		ret
0BD4E2                   		endl
0BD4E2                   	import:	local
0BD4E2 04 5B D2          		call	inputi
0BD4E5 09 47             		mv	il,impo_m-ms
0BD4E7 04 7B D5          		call	inputf
0BD4EA 1C 47             		jrc	l1
0BD4EC 71 25 8F          		and	(bp+mode),$ff-(m_pfmk+m_fnmk+m_rev)
0BD4EF 85 13             		mv	y,(bp+cptr)
0BD4F1 A5 2A             		mv	(bp+block1),y
0BD4F3 04 65 ED          		call	gapback
0BD4F6 DC 30 00 00 00    		mvp	(bp+blocks),0
0BD4FB 04 50 EA          		call	savundo
0BD4FE E9 36 21          		mvw	[--u],(bp+maxlin)
0BD501 E8 36 46          		mv	[--u],(bp+tmode)
0BD504 0C 95 F9 0B       		mv	x,subnam
0BD508 04 36 EF          		call	load
0BD50B E0 26 46          		mv	(bp+tmode),[u++]
0BD50E 3A                		popu	ba
0BD50F 1C 25             		jrc	l3
0BD511 79 25 02          		or	(bp+mode),m_mdf
0BD514 83 21             		mv	i,(bp+maxlin)
0BD516 4C 32             		sub	i,ba
0BD518 2E                		pushu	f
0BD519 82 1F             		mv	ba,(bp+lineno)
0BD51B 44 23             		add	ba,i
0BD51D AA 7E F9 0B       		mv	[u_line],ba
0BD521 DA 78 F9 0B 0D    		mvp	[u_end],(bp+gaptop)
0BD526 3E                		popu	f
0BD527 18 07             		jrz	l2
0BD529 85 13             		mv	y,(bp+cptr)		;	挿入ファイルにCRがあるとき
0BD52B 04 5F ED          		call	gapbac2
0BD52E 12 03             		jr	l1
0BD530 04 AC ED          	l2:	call	gapfwd			;	挿入ファイルにCRがないとき
0BD533 08 00             	l1:	mv	a,0
0BD535 06                		ret
0BD536 09 9B             	l3:	mv	il,opn_e-ms		;	ファイルが見つからないとき
0BD538 04 7A F4          		call	alert
0BD53B 13 0D             		jr	l2
0BD53D                   		endl
0BD53D                   	export:	local
0BD53D 04 B4 EA          		call	setblo
0BD540 65 25 10          		test	(bp+mode),m_rev
0BD543 18 33             		jrz	l1
0BD545 04 5B D2          		call	inputi
0BD548 09 4E             		mv	il,expo_m-ms
0BD54A 04 7B D5          		call	inputf
0BD54D 1C 29             		jrc	l1
0BD54F 04 B4 EA          		call	setblo
0BD552 04 BB EE          		call	chkow
0BD555 0C 95 F9 0B       		mv	x,subnam
0BD559 1C 1A             		jrc	l2
0BD55B 2C                		pushu	x
0BD55C 04 C9 EE          		call	owfile
0BD55F 04 5D F5          		call	putp
0BD562                   	;	[O]/[A]の入力
0BD562 04 9C F4          		call	keys2
0BD565 70 DF             		and	a,$df			;	大文字小文字を無視する
0BD567 3C                		popu	x
0BD568 60 4F             		cmp	a,'O'
0BD56A 18 09             		jrz	l2
0BD56C 60 41             		cmp	a,'A'
0BD56E 1A 08             		jrnz	l1
0BD570 04 E6 ED          		call	addsave
0BD573 12 03             		jr	l1
0BD575 04 0F EE          	l2:	call	save_b
0BD578 08 00             	l1:	mv	a,0
0BD57A 06                		ret
0BD57B                   		endl
0BD57B                   	inputf:	local
0BD57B                   	;	ファイル名を入力
0BD57B                   	;	y->初期文字列終了アドレス
0BD57B                   	;	i->メッセージオフセット
0BD57B 08 0D             		mv	a,$0d
0BD57D B0 25             		mv	[y++],a
0BD57F A5 0D             		mv	(bp+gaptop),y
0BD581 0C EA FA 0B       		mv	x,buf+32+2		;	ファイル名は32文字まで
0BD585 A4 10             		mv	(bp+gapend),x
0BD587 A4 0A             		mv	(bp+filend),x
0BD589 CC 4F 00          		mv	(bp+histp),0
0BD58C CC 00 28          		mv	(bp+dvwid),40
0BD58F 04 E7 D1          		call	inputl
0BD592 1C 2A             		jrc	l1
0BD594 7C 01             		dec	il
0BD596 97                		sc
0BD597 18 25             		jrz	l1
0BD599 0D 95 F9 0B       		mv	y,subnam
0BD59D 2C                		pushu	x
0BD59E 29                		pushu	il
0BD59F 6C 01             		inc	il
0BD5A1 08 01             		mv	a,1
0BD5A3 04 17 F3          		call	file
0BD5A6 0B 6F 02          		mv	i,c_nbuf+33*(nhist-1)+$22
0BD5A9 04 E3 F1          		call	getcfg
0BD5AC 09 42             		mv	il,33*(nhist-1)
0BD5AE 90 35             	loop2:	mv	a,[--y]
0BD5B0 B0 85 21          		mv	[y+33],a
0BD5B3 7C 01             		dec	il
0BD5B5 1B 09             		jrnz	loop2
0BD5B7 39                		popu	il
0BD5B8 3C                		popu	x
0BD5B9 B1 25             		mv	[y++],il
0BD5BB 04 C8 F3          		call	xtoy
0BD5BE 04 26 F0          	l1:	call	loadwk
0BD5C1 06                		ret
0BD5C2                   		endl
0BD5C2                   	inrplc:	local
0BD5C2                   	;	置換文字列入力
0BD5C2 04 5E D1          		call	inpfnd
0BD5C5 1C 39             		jrc	!find!l1
0BD5C7 0B 36 01          		mv	i,c_rbuf+$22
0BD5CA 04 E3 F1          		call	getcfg
0BD5CD FD 45             		mv	x,y
0BD5CF 09 61             		mv	il,rplc_m-ms
0BD5D1 79 25 01          		or	(bp+mode),m_find
0BD5D4 04 67 D1          		call	inputs
0BD5D7 71 25 FE          		and	(bp+mode),$ff-m_find
0BD5DA 1C 24             		jrc	!find!l1
0BD5DC 60 2D             		cmp	a,$2d
0BD5DE 18 20             		jrz	!find!l1
0BD5E0 71 25 CF          		and	(bp+mode),$ff-(m_pfmk+m_rev)
0BD5E3 60 1E             		cmp	a,$1e
0BD5E5 1A 1F             		jrnz	fndhere
0BD5E7 02 0C D7          		jp	findbf
0BD5EA                   		endl
0BD5EA                   	find:	local
0BD5EA 79 25 01          		or	(bp+mode),m_find
0BD5ED 04 5E D1          		call	inpfnd
0BD5F0 71 25 FE          		and	(bp+mode),$ff-m_find
0BD5F3 1C 0B             		jrc	l1
0BD5F5 60 2D             		cmp	a,$2d
0BD5F7 18 07             		jrz	l1
0BD5F9 60 1E             		cmp	a,$1e
0BD5FB 1A 0E             		jrnz	findnx
0BD5FD 02 0C D7          		jp	findbf
0BD600 08 10             	l1:	mv	a,r_all
0BD602 06                		ret
0BD603                   		endl
0BD603                   	rplfwd:
0BD603 04 EC D7          		call	replace
0BD606                   	fndhere:
0BD606 CA 51 13          		mvp	(bp+fptr),(bp+cptr)
0BD609 12 0C             		jr	findnx!l4
0BD60B                   	findnx:	local
0BD60B                   	;	前方検索
0BD60B 85 13             		mv	y,(bp+cptr)
0BD60D 90 25             		mv	a,[y++]
0BD60F 60 0D             		cmp	a,$0d
0BD611 1A 02             		jrnz	l17
0BD613 7C 05             		dec	y
0BD615 A5 51             	l17:	mv	(bp+fptr),y
0BD617 83 1F             	l4:	mv	i,(bp+lineno)
0BD619 A3 58             		mv	(bp+fline),i
0BD61B 04 44 F0          		call	copyfnd
0BD61E 18 E3             		jrz	l1
0BD620 CC 50 00          		mv	(bp+fstat),0
0BD623 A1 4F             		mv	(bp+flen),il
0BD625 0C C8 FA 0B       		mv	x,buf
0BD629 08 00             		mv	a,256			;	バグではない
0BD62B                   	loop1:
0BD62B B1 24             		mv	[x++],il
0BD62D 7C 00             		dec	a
0BD62F 1B 06             		jrnz	loop1
0BD631 7C 01             		dec	il
0BD633 29                		pushu	il
0BD634 18 16             		jrz	l3
0BD636                   	loop2:
0BD636 0C C8 FA 0B       		mv	x,buf
0BD63A 90 25             		mv	a,[y++]
0BD63C 65 5D 02          		test	(bp+pref_d),2
0BD63F 18 03             		jrz	l15
0BD641 04 06 F4          		call	toupper
0BD644 45 40             	l15:	add	x,a
0BD646 B1 04             		mv	[x],il
0BD648 7C 01             		dec	il
0BD64A 1B 16             		jrnz	loop2
0BD64C A5 54             	l3:	mv	(bp+fmatch),y
0BD64E E0 05 57          		mv	(bp+ftail),[y]
0BD651 38                		popu	a
0BD652                   	loop3:
0BD652 85 51             		mv	y,(bp+fptr)
0BD654 45 50             		add	y,a
0BD656 A5 51             		mv	(bp+fptr),y
0BD658 C7 51 0D          	loop5:	cmpp	(bp+fptr),(bp+gaptop)
0BD65B 1C 37             		jrc	l7
0BD65D C7 0A 10          		cmpp	(bp+filend),(bp+gapend)
0BD660 1A 27             		jrnz	l8
0BD662                   	;	ファイルの末尾まで行ってしまった場合
0BD662 65 5D 01          		test	(bp+pref_d),1
0BD665 1A 07             		jrnz	l14
0BD667 85 13             		mv	y,(bp+cptr)
0BD669 04 5F ED          		call	gapbac2
0BD66C 12 83             		jr	nfend
0BD66E 65 50 01          	l14:	test	(bp+fstat),1
0BD671 1A 21             		jrnz	l7			;	1回戻っているとき
0BD673 79 50 01          		or	(bp+fstat),1
0BD676 CD 58 00 00       		mvw	(bp+fline),0
0BD67A 85 07             		mv	y,(bp+filtop)
0BD67C 04 65 ED          		call	gapback
0BD67F 80 4F             		mv	a,(bp+flen)
0BD681 45 50             		add	y,a
0BD683 7C 05             		dec	y
0BD685 7C 05             		dec	y
0BD687 A5 51             		mv	(bp+fptr),y		;	先頭に戻る
0BD689 04 AC ED          	l8:	call	gapfwd
0BD68C 41 58 01          		add	(bp+fline),1
0BD68F 51 59 00          		adc	(bp+fline+1),0
0BD692 13 3C             		jr	loop5			;	2行以上一度に読み飛ばすこともある
0BD694                   	l7:
0BD694 65 50 01          		test	(bp+fstat),1
0BD697 18 05             		jrz	l12
0BD699 C7 51 13          		cmpp	(bp+fptr),(bp+cptr)
0BD69C 1E 53             		jrnc	nfend			;	何も見つからなかった
0BD69E 85 51             	l12:	mv	y,(bp+fptr)
0BD6A0 90 05             		mv	a,[y]
0BD6A2 C8 38 57          		mv	(bp+fcmp),(bp+ftail)
0BD6A5 04 02 F1          		call	lowcmp
0BD6A8 1A 35             		jrnz	l9
0BD6AA 84 54             		mv	x,(bp+fmatch)
0BD6AC 81 4F             		mv	il,(bp+flen)
0BD6AE                   	loop4:
0BD6AE 7C 01             		dec	il
0BD6B0 1A 21             		jrnz	l10
0BD6B2                   	;	見つかったときの処理
0BD6B2 85 51             		mv	y,(bp+fptr)
0BD6B4 81 4F             		mv	il,(bp+flen)
0BD6B6 7C 01             		dec	il
0BD6B8 4D 51             		sub	y,il
0BD6BA 04 AF F0          		call	found
0BD6BD 1C 1E             		jrc	l11
0BD6BF 83 58             		mv	i,(bp+fline)
0BD6C1 65 25 20          		test	(bp+mode),m_pfmk
0BD6C4 1A 02             		jrnz	l18
0BD6C6 A3 23             		mv	(bp+mrklin),i
0BD6C8 A3 1F             	l18:	mv	(bp+lineno),i
0BD6CA 65 50 01          		test	(bp+fstat),1
0BD6CD 18 31             		jrz	fndend
0BD6CF 09 78             		mv	il,rev_m-ms
0BD6D1 12 20             		jr	msgend
0BD6D3 90 35             	l10:	mv	a,[--y]
0BD6D5 E0 34 38          		mv	(bp+fcmp),[--x]
0BD6D8 04 02 F1          		call	lowcmp
0BD6DB 19 2F             		jrz	loop4
0BD6DD 80 57             	l11:	mv	a,(bp+ftail)
0BD6DF 0C C8 FA 0B       	l9:	mv	x,buf
0BD6E3 65 5D 02          		test	(bp+pref_d),2
0BD6E6 18 03             		jrz	l16
0BD6E8 04 06 F4          		call	toupper
0BD6EB 45 40             	l16:	add	x,a
0BD6ED 90 04             		mv	a,[x]
0BD6EF 13 9F             		jr	loop3
0BD6F1                   	nfend:
0BD6F1 09 82             		mv	il,nf_e-ms
0BD6F3                   	msgend:
0BD6F3 04 27 F5          		call	putel
0BD6F6 04 9C F4          	msloop:	call	keys2
0BD6F9 0B 00 71          		mv	i,rfkey
0BD6FC 4C 32             		sub	i,ba
0BD6FE 19 0A             		jrz	msloop
0BD700                   	fndend:
0BD700 04 6B EC          		call	setlt
0BD703 08 0B             	l1:	mv	a,r_calc+r_vx+r_xadj
0BD705 06                		ret
0BD706                   		endl
0BD706                   	rplbfr:
0BD706 04 EC D7          		call	replace
0BD709 CA 13 2A          		mvp	(bp+cptr),(bp+block1)
0BD70C                   	findbf:	local
0BD70C                   	;	後方検索
0BD70C 04 44 F0          		call	copyfnd
0BD70F 18 D8             		jrz	l1
0BD711 45 51             		add	y,il
0BD713 CC 50 00          		mv	(bp+fstat),0
0BD716 A1 4F             		mv	(bp+flen),il
0BD718 0C C8 FA 0B       		mv	x,buf
0BD71C 08 00             		mv	a,256			;	バグではない
0BD71E                   	loop1:
0BD71E B1 24             		mv	[x++],il
0BD720 7C 00             		dec	a
0BD722 1B 06             		jrnz	loop1
0BD724 12 0A             		jr	l3
0BD726                   	loop2:
0BD726 0C C8 FA 0B       		mv	x,buf
0BD72A 90 35             		mv	a,[--y]
0BD72C 45 40             		add	x,a
0BD72E B1 04             		mv	[x],il
0BD730 7C 01             	l3:	dec	il
0BD732 1B 0E             		jrnz	loop2
0BD734 A5 54             		mv	(bp+fmatch),y
0BD736 E0 35 57          		mv	(bp+ftail),[--y]
0BD739 85 13             		mv	y,(bp+cptr)
0BD73B 90 35             		mv	a,[--y]
0BD73D 60 0D             		cmp	a,$0d
0BD73F 18 02             		jrz	l14
0BD741 6C 05             		inc	y
0BD743 A5 51             	l14:	mv	(bp+fptr),y
0BD745 08 01             		mv	a,1
0BD747                   	loop3:
0BD747 85 51             		mv	y,(bp+fptr)
0BD749 4D 50             		sub	y,a
0BD74B A5 51             		mv	(bp+fptr),y
0BD74D 85 07             		mv	y,(bp+filtop)
0BD74F 7C 05             		dec	y
0BD751 D7 05 51          		cmpp	(bp+fptr),y
0BD754 1E 1C             		jrnc	l7
0BD756                   	;	ファイルの先頭まで行ってしまった場合
0BD756 65 5D 01          		test	(bp+pref_d),1
0BD759 18 77             		jrz	nfend			;	Wrap aroundがOFFの場合
0BD75B 65 50 01          		test	(bp+fstat),1
0BD75E 1A 12             		jrnz	l7
0BD760 79 50 01          		or	(bp+fstat),1
0BD763 84 0A             		mv	x,(bp+filend)
0BD765 85 10             		mv	y,(bp+gapend)
0BD767 04 B6 ED          		call	gapfwd3
0BD76A 85 0D             		mv	y,(bp+gaptop)
0BD76C 80 4F             		mv	a,(bp+flen)
0BD76E 4D 50             		sub	y,a
0BD770 A5 51             		mv	(bp+fptr),y		;	末尾に戻る
0BD772                   	l7:
0BD772 65 50 01          		test	(bp+fstat),1
0BD775 18 05             		jrz	l12
0BD777 C7 13 51          		cmpp	(bp+cptr),(bp+fptr)
0BD77A 1E 56             		jrnc	nfend
0BD77C 85 51             	l12:	mv	y,(bp+fptr)
0BD77E 90 25             		mv	a,[y++]
0BD780 C8 38 57          		mv	(bp+fcmp),(bp+ftail)
0BD783 04 02 F1          		call	lowcmp
0BD786 1A 40             		jrnz	l9
0BD788 84 54             		mv	x,(bp+fmatch)
0BD78A 81 4F             		mv	il,(bp+flen)
0BD78C                   	loop4:
0BD78C 7C 01             		dec	il
0BD78E 1A 2C             		jrnz	l10
0BD790                   	;	見つかったときの処理
0BD790 85 51             		mv	y,(bp+fptr)
0BD792 04 AF F0          		call	found
0BD795 1C 2F             		jrc	l11
0BD797 09 01             		mv	il,1
0BD799 84 07             		mv	x,(bp+filtop)
0BD79B                   	loop5:
0BD79B D7 04 13          		cmpp	(bp+cptr),x
0BD79E 18 0A             		jrz	loop5e
0BD7A0 90 24             		mv	a,[x++]
0BD7A2 60 0D             		cmp	a,$0d
0BD7A4 1B 0B             		jrnz	loop5
0BD7A6 6C 03             		inc	i
0BD7A8 13 0F             		jr	loop5
0BD7AA                   	loop5e:
0BD7AA 65 25 20          		test	(bp+mode),m_pfmk
0BD7AD 1A 02             		jrnz	l18
0BD7AF A3 23             		mv	(bp+mrklin),i
0BD7B1 A3 1F             	l18:	mv	(bp+lineno),i
0BD7B3 65 50 01          		test	(bp+fstat),1
0BD7B6 18 29             		jrz	fndend
0BD7B8 09 78             		mv	il,rev_m-ms
0BD7BA 12 18             		jr	msgend
0BD7BC 90 25             	l10:	mv	a,[y++]
0BD7BE E0 24 38          		mv	(bp+fcmp),[x++]
0BD7C1 04 02 F1          		call	lowcmp
0BD7C4 19 3A             		jrz	loop4
0BD7C6 80 57             	l11:	mv	a,(bp+ftail)
0BD7C8 0C C8 FA 0B       	l9:	mv	x,buf
0BD7CC 45 40             		add	x,a
0BD7CE 90 04             		mv	a,[x]
0BD7D0 13 8B             		jr	loop3
0BD7D2                   	nfend:
0BD7D2 09 82             		mv	il,nf_e-ms
0BD7D4                   	msgend:
0BD7D4 04 27 F5          		call	putel
0BD7D7 04 9C F4          	msloop:	call	keys2
0BD7DA 0B 00 6C          		mv	i,rbkey
0BD7DD 4C 32             		sub	i,ba
0BD7DF 19 0A             		jrz	msloop
0BD7E1                   	fndend:
0BD7E1 85 13             		mv	y,(bp+cptr)
0BD7E3 04 5F ED          		call	gapbac2
0BD7E6 04 6B EC          		call	setlt
0BD7E9 08 0B             	l1:	mv	a,r_calc+r_vx+r_xadj
0BD7EB 06                		ret
0BD7EC                   		endl
0BD7EC                   	replace:local
0BD7EC 0B 36 01          		mv	i,c_rbuf+$22
0BD7EF 04 E3 F1          		call	getcfg
0BD7F2 91 25             		mv	il,[y++]
0BD7F4 FD 43             		mv	x,i
0BD7F6 12 25             		jr	paste
0BD7F8                   	;	ret
0BD7F8                   		endl
0BD7F8                   	spaste:
0BD7F8                   	;	スクラップからのペースト
0BD7F8 04 CC F1          		call	getscp
0BD7FB FD 43             		mv	x,i
0BD7FD CC 50 01          		mv	(bp+pstins),1
0BD800 12 1E             		jr	paste!paste2
0BD802                   	cpaste:
0BD802                   	;;	CLRFND
0BD802 65 25 40          		test	(bp+mode),m_fnmk
0BD805 18 03             		jrz	*+5			;	次の行をスキップ
0BD807 71 25 8F          		and	(bp+mode),$ff-(m_pfmk+m_fnmk+m_rev)
0BD80A 84 1C             		mv	x,(bp+clpsiz)
0BD80C 6C 04             		inc	x
0BD80E 7C 04             		dec	x
0BD810 18 BE             		jrz	paste!l7		;	カットバッファがない
0BD812 85 0A             		mv	y,(bp+filend)		;	カットバッファの内容をペースト
0BD814 65 25 80          		test	(bp+mode),m_alert
0BD817 1A 04             		jrnz	paste
0BD819 8D B2 F9 0B       		mv	y,[wkbuf+filend]	;	1行入力中のカットバッファ
0BD81D                   	paste:	local
0BD81D                   	;	汎用ペーストルーチン
0BD81D                   	;	y->ペーストする文字列の先頭アドレス
0BD81D                   	;	x->ペーストする文字列の大きさ
0BD81D CC 50 00          		mv	(bp+pstins),0
0BD820                   	paste2:
0BD820 A4 40             		mv	(bp+pstsiz),x
0BD822 65 25 80          		test	(bp+mode),m_alert
0BD825 1A 05             		jrnz	l8
0BD827 04 16 EB          		call	chkcr
0BD82A 1E A4             		jrnc	l7
0BD82C 2D                	l8:	pushu	y
0BD82D CA 2A 13          		mvp	(bp+block1),(bp+cptr)
0BD830 CA 2D 13          		mvp	(bp+block2),(bp+cptr)
0BD833 65 50 01          		test	(bp+pstins),1
0BD836 1A 03             		jrnz	l9
0BD838 04 B4 EA          		call	setblo
0BD83B 04 24 EB          	l9:	call	blosiz
0BD83E 84 10             		mv	x,(bp+gapend)
0BD840 85 0D             		mv	y,(bp+gaptop)
0BD842 4D 45             		sub	x,y
0BD844 85 30             		mv	y,(bp+blocks)
0BD846 45 45             		add	x,y
0BD848 D7 04 40          		cmpp	(bp+pstsiz),x		;	x：ペーストに使えるメモリ容量
0BD84B 18 02             		jrz	l2
0BD84D 1E 7D             		jrnc	l1
0BD84F 04 50 EA          	l2:	call	savundo
0BD852 C7 2A 2D          		cmpp	(bp+block1),(bp+block2)
0BD855 1A 0E             		jrnz	l3
0BD857 85 13             		mv	y,(bp+cptr)
0BD859 D7 05 19          		cmpp	(bp+mark),y
0BD85C 1A 14             		jrnz	l4
0BD85E 04 65 ED          		call	gapback
0BD861 A5 19             		mv	(bp+mark),y
0BD863 12 10             		jr	l6
0BD865 04 A2 EB          	l3:	call	linsub
0BD868 85 2D             		mv	y,(bp+block2)
0BD86A D7 05 0D          		cmpp	(bp+gaptop),y
0BD86D 1E 03             		jrnc	l4
0BD86F A5 10             		mv	(bp+gapend),y
0BD871 0C                		db	$0c			;	次の命令をスキップ
0BD872 04 65 ED          	l4:	call	gapback
0BD875 3C                	l6:	popu	x
0BD876                   	;;	SAVE_U
0BD876 2F                		pushu	imr			;	割り込み禁止
0BD877 B6 37             		mv	[--s],u			;	pushs u
0BD879 FD 64             		mv	u,x			;	u=転送元
0BD87B 85 2A             		mv	y,(bp+block1)
0BD87D A5 13             		mv	(bp+cptr),y
0BD87F 84 40             		mv	x,(bp+pstsiz)
0BD881 6C 04             		inc	x
0BD883 12 23             		jr	l5
0BD885 38                	loop:	popu	a			;	mv	a,[u++]
0BD886 B0 25             		mv	[y++],a
0BD888 60 0D             		cmp	a,$0d
0BD88A 1A 1C             		jrnz	l5
0BD88C 41 21 01          		add	(bp+maxlin),1
0BD88F 51 22 00          		adc	(bp+maxlin+1),0
0BD892 41 1F 01          		add	(bp+lineno),1
0BD895 51 20 00          		adc	(bp+lineno+1),0
0BD898 65 50 01          		test	(bp+pstins),1
0BD89B 18 0B             		jrz	l5
0BD89D D7 05 19          		cmpp	(bp+mark),y
0BD8A0 1C 06             		jrc	l5
0BD8A2 41 23 01          		add	(bp+mrklin),1
0BD8A5 51 24 00          		adc	(bp+mrklin+1),0
0BD8A8 7C 04             	l5:	dec	x
0BD8AA 1B 27             		jrnz	loop
0BD8AC                   	;;	LOAD_U
0BD8AC 96 27             		mv	u,[s++]			;	pops u
0BD8AE 3F                		popu	imr
0BD8AF 2D                		pushu	y
0BD8B0 04 E9 EB          		call	addcury
0BD8B3 3D                		popu	y
0BD8B4 A5 0D             		mv	(bp+gaptop),y
0BD8B6 A5 13             		mv	(bp+cptr),y
0BD8B8 04 AC ED          		call	gapfwd
0BD8BB 79 25 02          		or	(bp+mode),m_mdf
0BD8BE 65 50 01          		test	(bp+pstins),1
0BD8C1 1A 03             		jrnz	l10
0BD8C3 71 25 8F          		and	(bp+mode),$ff-(m_pfmk+m_fnmk+m_rev)
0BD8C6 04 82 EA          	l10:	call	setundo
0BD8C9 08 0B             		mv	a,r_calc+r_vx+r_xadj
0BD8CB 06                		ret
0BD8CC 04 78 F4          	l1:	call	memerr
0BD8CF 3D                		popu	y
0BD8D0 08 10             	l7:	mv	a,r_all
0BD8D2 06                		ret
0BD8D3                   		endl
0BD8D3                   	undo:	local
0BD8D3 61 27 00          		cmp	(bp+u_flag),0
0BD8D6 1A 09             		jrnz	l5
0BD8D8 09 E6             		mv	il,undo_e-ms
0BD8DA 04 7A F4          		call	alert
0BD8DD 08 10             		mv	a,r_all
0BD8DF 12 AB             		jr	end
0BD8E1                   	l5:
0BD8E1 71 25 8F          		and	(bp+mode),$ff-(m_pfmk+m_fnmk+m_rev)
0BD8E4 84 10             		mv	x,(bp+gapend)
0BD8E6 85 0D             		mv	y,(bp+gaptop)
0BD8E8 4D 45             		sub	x,y
0BD8EA 8D 78 F9 0B       		mv	y,[u_end]
0BD8EE 45 54             		add	y,x
0BD8F0 A5 19             		mv	(bp+mark),y
0BD8F2 8D 75 F9 0B       		mv	y,[u_stat]
0BD8F6 2D                		pushu	y
0BD8F7 D7 05 13          		cmpp	(bp+cptr),y
0BD8FA 1C 05             		jrc	l7
0BD8FC 04 C9 EB          		call	subcury
0BD8FF 12 03             		jr	l8
0BD901 04 E9 EB          	l7:	call	addcury
0BD904 3D                	l8:	popu	y
0BD905 D7 05 0D          		cmpp	(bp+gaptop),y
0BD908 1E 09             		jrnc	l1
0BD90A 45 45             		add	x,y
0BD90C 85 10             		mv	y,(bp+gapend)
0BD90E 04 B6 ED          		call	gapfwd3
0BD911 12 03             		jr	l2
0BD913                   	l1:
0BD913 04 65 ED          		call	gapback
0BD916                   	l2:
0BD916                   	;;	SAVE_U
0BD916 2F                		pushu	imr			;	割り込み禁止
0BD917 B6 37             		mv	[--s],u			;	pushs u
0BD919 0E 00 CF 0B       		mv	u,undobuf
0BD91D 85 0D             		mv	y,(bp+gaptop)
0BD91F 8C 7B F9 0B       		mv	x,[u_siz]
0BD923 6C 04             		inc	x
0BD925 7C 04             		dec	x
0BD927 18 03             		jrz	l4
0BD929 04 C0 F3          		call	utoy
0BD92C                   	l4:
0BD92C                   	;;	LOAD_U
0BD92C 96 27             		mv	u,[s++]			;	pops u
0BD92E 3F                		popu	imr
0BD92F CC 27 00          		mv	(bp+u_flag),0
0BD932 A5 13             		mv	(bp+cptr),y
0BD934 A5 0D             		mv	(bp+gaptop),y
0BD936 AD 78 F9 0B       		mv	[u_end],y
0BD93A 2D                		pushu	y
0BD93B 04 E9 EB          		call	addcury
0BD93E 3D                		popu	y
0BD93F D7 05 10          		cmpp	(bp+gapend),y
0BD942 1C 23             		jrc	l9			;	redoできない
0BD944                   	;;	SAVE_U
0BD944 2F                		pushu	imr			;	割り込み禁止
0BD945 B6 37             		mv	[--s],u			;	pushs u
0BD947 84 19             		mv	x,(bp+mark)
0BD949 86 10             		mv	u,(bp+gapend)
0BD94B 4D 46             		sub	x,u
0BD94D AC 7B F9 0B       		mv	[u_siz],x
0BD951 18 0F             		jrz	l6
0BD953 0D FF 00 00       		mv	y,undosiz-1
0BD957 4D 54             		sub	y,x
0BD959 1C 09             		jrc	l3			;	redoできない
0BD95B 0D 00 CF 0B       		mv	y,undobuf
0BD95F 04 C0 F3          		call	utoy
0BD962 6D 27             	l6:	inc	(bp+u_flag)
0BD964                   	;;l3:	LOAD_U
0BD964 96 27             		mv	u,[s++]			;	pops u
0BD966 3F                		popu	imr
0BD967 CA 10 19          	l9:	mvp	(bp+gapend),(bp+mark)
0BD96A 8A 80 F9 0B       		mv	ba,[u_max]
0BD96E 83 21             		mv	i,(bp+maxlin)
0BD970 A2 21             		mv	(bp+maxlin),ba
0BD972 AB 80 F9 0B       		mv	[u_max],i
0BD976 4C 23             		sub	ba,i
0BD978 8B 7E F9 0B       		mv	i,[u_line]
0BD97C 44 32             		add	i,ba
0BD97E A3 1F             		mv	(bp+lineno),i
0BD980 AB 7E F9 0B       		mv	[u_line],i
0BD984 04 AC ED          		call	gapfwd
0BD987 79 25 02          		or	(bp+mode),m_mdf
0BD98A 08 0B             		mv	a,r_calc+r_vx+r_xadj
0BD98C 06                	end:	ret
0BD98D                   		endl
0BD98D                   	defscp:	local
0BD98D 04 23 EC          		call	inpscp
0BD990 1E 03             		jrnc	li2
0BD992 08 00             		mv	a,0
0BD994 06                		ret
0BD995 04 B4 EA          	li2:	call	setblo
0BD998 CD 30 00 00       		mvw	(bp+blocks),0
0BD99C 65 25 10          		test	(bp+mode),m_rev
0BD99F 18 08             		jrz	l1
0BD9A1 04 24 EB          		call	blosiz
0BD9A4 61 32 00          		cmp	(bp+blocks+2),0		;	選択領域が64KB以上のとき
0BD9A7 1A 70             		jrnz	l2
0BD9A9 04 CC F1          	l1:	call	getscp
0BD9AC 30 49 EC 11       		sub	($ec),17
0BD9B0 A5 09             		mv	(bp+9),y
0BD9B2 A3 0F             		mv	(bp+15),i
0BD9B4 A4 00             		mv	(bp+0),x
0BD9B6 30 82 AB          		mv	ba,(base+scps)
0BD9B9 45 42             		add	x,ba
0BD9BB A4 06             		mv	(bp+6),x
0BD9BD                   	;	スクラップの最後部を探す
0BD9BD 45 53             		add	y,i
0BD9BF A5 03             		mv	(bp+3),y
0BD9C1 08 69             		mv	a,sckey+9
0BD9C3 30 4A 98          		sub	a,(base+keycd+1)
0BD9C6 18 08             	loop:	jrz	loope
0BD9C8 93 25             		mv	i,[y++]
0BD9CA 45 53             		add	y,i
0BD9CC 7C 00             		dec	a
0BD9CE 13 0A             		jr	loop
0BD9D0 A5 0C             	loope:	mv	(bp+12),y
0BD9D2                   	;;	SAVE_U
0BD9D2 2F                		pushu	imr			;	割り込み禁止
0BD9D3 B6 37             		mv	[--s],u			;	pushs u
0BD9D5 30 83 80          		mv	i,(base+blocks)
0BD9D8 D6 03 0F          		cmpw	(bp+15),i
0BD9DB 1C 10             		jrc	bigger
0BD9DD                   	;	これから登録するデーターのほうが小さい
0BD9DD 04 1E DA          		call	movscp
0BD9E0 86 03             		mv	u,(bp+3)
0BD9E2 84 0C             		mv	x,(bp+12)
0BD9E4 4D 46             		sub	x,u
0BD9E6 18 20             		jrz	end
0BD9E8 04 C0 F3          		call	utoy
0BD9EB 12 1B             		jr	end
0BD9ED                   	bigger:
0BD9ED                   	;	これから登録するデーターのほうが大きい
0BD9ED FD 45             		mv	x,y
0BD9EF 86 03             		mv	u,(bp+3)
0BD9F1 4D 46             		sub	x,u
0BD9F3 18 10             		jrz	l4
0BD9F5 FD 65             		mv	u,y
0BD9F7 82 0F             		mv	ba,(bp+15)
0BD9F9 4D 62             		sub	u,ba
0BD9FB 45 63             		add	u,i
0BD9FD D7 06 06          		cmpp	(bp+6),u
0BDA00 1C 10             		jrc	errend
0BDA02 04 B8 F3          		call	ytou
0BDA05 04 1E DA          	l4:	call	movscp
0BDA08                   	;;end:	LOAD_U
0BDA08 96 27             		mv	u,[s++]			;	pops u
0BDA0A 3F                		popu	imr
0BDA0B 30 41 EC 11       		add	($ec),17
0BDA0F 08 10             	l3:	mv	a,r_all
0BDA11 06                		ret
0BDA12                   	;;errend:	LOAD_U
0BDA12 96 27             		mv	u,[s++]			;	pops u
0BDA14 3F                		popu	imr
0BDA15 30 41 EC 11       		add	($ec),17
0BDA19 04 78 F4          	l2:	call	memerr
0BDA1C 13 0F             		jr	l3
0BDA1E                   	movscp:
0BDA1E                   	;	選択範囲をスクラップにコピーする
0BDA1E 85 09             		mv	y,(bp+9)
0BDA20 B3 C5 02          		mv	[y-2],i
0BDA23 30 86 7A          		mv	u,(base+block1)
0BDA26 6C 03             		inc	i
0BDA28 7C 03             	loop2:	dec	i
0BDA2A 18 0E             		jrz	loop2e
0BDA2C 38                		popu	a
0BDA2D B0 25             		mv	[y++],a
0BDA2F 30 D7 06 5D       		cmpp	(base+gaptop),u
0BDA33 1B 0D             		jrnz	loop2
0BDA35 30 86 60          		mv	u,(base+gapend)
0BDA38 13 12             		jr	loop2
0BDA3A 06                	loop2e:	ret
0BDA3B                   		endl	;of defscp
0BDA3B                   	quoman:
0BDA3B 0A DA DA          		mv	ba,qmmain
0BDA3E 12 08             		jr	sellin2
0BDA40                   	wrpquo:
0BDA40 0A EF DB          		mv	ba,wrpqum
0BDA43 12 03             		jr	sellin2
0BDA45                   	dquman:
0BDA45 0A 72 DB          		mv	ba,dqumm
0BDA48                   	sellin2:
0BDA48 72 91 DA 0B DF    		and	[sellin!ptch],$df	;	mv (n),y → mv y,(n)
0BDA4D 04 70 DA          		call	sellin
0BDA50 7A 91 DA 0B 20    		or	[sellin!ptch],$20	;	mv y,(n) → mv (n),y
0BDA55 06                		ret
0BDA56                   	quote:
0BDA56 0A 04 DB          		mv	ba,quomain
0BDA59 12 15             		jr	sellin
0BDA5B                   	delquo:	local
0BDA5B 04 23 EC          		call	inpscp
0BDA5E 1E 03             		jrnc	l1
0BDA60 08 00             		mv	a,0
0BDA62 06                		ret
0BDA63 0A A7 DB          	l1:	mv	ba,dqumain
0BDA66 12 08             		jr	sellin
0BDA68                   		endl
0BDA68                   	wraplin:
0BDA68 0A 11 DC          		mv	ba,wrpmain
0BDA6B 12 03             		jr	sellin
0BDA6D                   	tabspc:
0BDA6D 0A E3 DC          		mv	ba,tabspm
0BDA70                   	sellin:	local
0BDA70                   	;	カーソルまたは、選択範囲のある行を全て選択して
0BDA70                   	;	コールバックを呼び出す
0BDA70 0B BD DA          		mv	i,retad
0BDA73 B3 37             		pushs	i			;	リターンアドレスをpush
0BDA75 B2 37             		pushs	ba			;	コールバックルーチンのアドレス
0BDA77 65 25 60          		test	(bp+mode),m_pfmk+m_fnmk
0BDA7A 1A 06             		jrnz	l1
0BDA7C CA 19 13          		mvp	(bp+mark),(bp+cptr)
0BDA7F C9 23 1F          		mvw	(bp+mrklin),(bp+lineno)
0BDA82 C7 13 19          	l1:	cmpp	(bp+cptr),(bp+mark)
0BDA85 2E                		pushu	f
0BDA86 1C 06             		jrc	l2
0BDA88                   	;	必ず(bp+mark)が(bp+cptr)より後ろに来るようにする
0BDA88 C2 13 19          		exp	(bp+cptr),(bp+mark)
0BDA8B C1 23 1F          		exw	(bp+mrklin),(bp+lineno)
0BDA8E                   	l2:
0BDA8E 04 54 ED          		call	bfrcr
0BDA91 A5 13             	ptch:	mv	(bp+cptr),y
0BDA93 85 19             		mv	y,(bp+mark)
0BDA95 D7 05 13          		cmpp	(bp+cptr),y
0BDA98 18 15             		jrz	loop
0BDA9A D7 05 10          		cmpp	(bp+gapend),y
0BDA9D 1A 02             		jrnz	l4
0BDA9F 85 0D             		mv	y,(bp+gaptop)
0BDAA1 90 35             	l4:	mv	a,[--y]
0BDAA3 60 0D             		cmp	a,$0d
0BDAA5 1A 08             		jrnz	loop
0BDAA7 A5 19             		mv	(bp+mark),y
0BDAA9 49 23 01          		sub	(bp+mrklin),1
0BDAAC 59 24 00          		sbc	(bp+mrklin+1),0
0BDAAF 90 25             	loop:	mv	a,[y++]
0BDAB1 60 0D             		cmp	a,$0d
0BDAB3 1B 06             		jrnz	loop
0BDAB5 7C 05             		dec	y
0BDAB7 A5 19             		mv	(bp+mark),y
0BDAB9 79 25 60          		or	(bp+mode),m_pfmk+m_fnmk
0BDABC 06                		ret				;	コールバックを呼び出す
0BDABD 3E                	retad:	popu	f
0BDABE 1C 09             		jrc	l3
0BDAC0 04 9A ED          		call	gapfwd4
0BDAC3 C2 13 19          		exp	(bp+cptr),(bp+mark)
0BDAC6 C1 23 1F          		exw	(bp+mrklin),(bp+lineno)
0BDAC9 04 6B EC          	l3:	call	setlt
0BDACC 04 5F ED          		call	gapbac2
0BDACF C7 13 19          		cmpp	(bp+cptr),(bp+mark)
0BDAD2 1A 03             		jrnz	end
0BDAD4 71 25 8F          		and	(bp+mode),$ff-(m_pfmk+m_fnmk+m_rev)
0BDAD7 08 0B             	end:	mv	a,r_calc+r_vx+r_xadj
0BDAD9 06                		ret
0BDADA                   		endl
0BDADA                   	qmmain:	local
0BDADA 04 BC F1          		call	getquo
0BDADD 1E 21             		jrnc	end
0BDADF 90 25             	loop:	mv	a,[y++]
0BDAE1 60 0D             		cmp	a,$0d
0BDAE3 1B 06             		jrnz	loop
0BDAE5 A5 13             		mv	(bp+cptr),y
0BDAE7 83 1F             		mv	i,(bp+lineno)
0BDAE9 2B                		pushu	i
0BDAEA 6C 03             		inc	i
0BDAEC A3 1F             		mv	(bp+lineno),i
0BDAEE 04 3D EA          		call	savund3
0BDAF1 E8 36 27          		mv	[--u],(bp+u_flag)
0BDAF4 04 1C DB          		call	!quomain!start
0BDAF7 E0 26 27          		mv	(bp+u_flag),[u++]
0BDAFA 04 92 EA          		call	setund2
0BDAFD E1 26 1F          		mvw	(bp+lineno),[u++]
0BDB00 E2 26 13          	end:	mvp	(bp+cptr),[u++]
0BDB03 06                		ret
0BDB04                   		endl
0BDB04                   	quomain:local
0BDB04 04 CC F1          		call	getscp
0BDB07 6C 03             		inc	i
0BDB09 7C 03             		dec	i
0BDB0B 18 64             		jrz	end			;	スクラップの文字数が0の場合
0BDB0D A5 51             		mv	(bp+scrapp),y
0BDB0F FD 43             		mv	x,i
0BDB11 A4 40             		mv	(bp+pstsiz),x
0BDB13 04 16 EB          		call	chkcr
0BDB16 1E 59             		jrnc	end
0BDB18 85 13             		mv	y,(bp+cptr)
0BDB1A 83 1F             		mv	i,(bp+lineno)
0BDB1C 82 23             	start:	mv	ba,(bp+mrklin)
0BDB1E 4C 23             		sub	ba,i
0BDB20 1C 4F             		jrc	end
0BDB22 A2 58             		mv	(bp+qline),ba
0BDB24 04 65 ED          		call	gapback
0BDB27                   	;	mv	y,(bp+gaptop)
0BDB27 98 00 10          	qloop:	mv	a,[(bp+gapend)]
0BDB2A 60 0D             		cmp	a,$0d
0BDB2C 18 32             		jrz	l1			;	空行には引用符を挿入しない
0BDB2E 84 10             		mv	x,(bp+gapend)
0BDB30 4D 45             		sub	x,y
0BDB32 D7 04 40          		cmpp	(bp+pstsiz),x		;	メモリ不足か？
0BDB35 1C 1A             		jrc	l2
0BDB37 18 18             		jrz	l2
0BDB39 04 78 F4          		call	memerr
0BDB3C 04 AC ED          		call	gapfwd
0BDB3F 82 23             		mv	ba,(bp+mrklin)
0BDB41 83 1F             		mv	i,(bp+lineno)
0BDB43 4C 23             		sub	ba,i
0BDB45 83 58             		mv	i,(bp+qline)
0BDB47 4C 23             		sub	ba,i
0BDB49 18 26             		jrz	end
0BDB4B 7C 02             		dec	ba
0BDB4D A2 58             		mv	(bp+qline),ba
0BDB4F 12 72             		jr	!dqumain!l2		;	挿入した引用符を削除
0BDB51                   	;;l2:	SAVE_U
0BDB51 2F                		pushu	imr			;	割り込み禁止
0BDB52 B6 37             		mv	[--s],u			;	pushs u
0BDB54 86 51             		mv	u,(bp+scrapp)
0BDB56 84 40             		mv	x,(bp+pstsiz)
0BDB58 04 C0 F3          		call	utoy
0BDB5B                   	;;	LOAD_U
0BDB5B 96 27             		mv	u,[s++]			;	pops u
0BDB5D 3F                		popu	imr
0BDB5E A5 0D             		mv	(bp+gaptop),y
0BDB60 04 AC ED          	l1:	call	gapfwd
0BDB63                   	;	mv	y,(bp+gaptop)
0BDB63 49 58 01          		sub	(bp+qline),1
0BDB66 59 59 00          		sbc	(bp+qline+1),0
0BDB69 1F 44             		jrnc	qloop
0BDB6B 79 25 02          		or	(bp+mode),m_mdf
0BDB6E CC 27 00          		mv	(bp+u_flag),0		;	undo不可
0BDB71 06                	end:	ret
0BDB72                   		endl
0BDB72                   	dqumm:	local
0BDB72 04 54 ED          		call	bfrcr
0BDB75 84 13             		mv	x,(bp+cptr)
0BDB77 4D 45             		sub	x,y
0BDB79 18 2B             		jrz	end
0BDB7B A4 40             		mv	(bp+pstsiz),x
0BDB7D 09 00             		mv	il,0
0BDB7F D6 03 41          		cmpw	(bp+pstsiz+1),i
0BDB82 1A 22             		jrnz	end			;	引用符は255文字まで
0BDB84 A5 13             		mv	(bp+cptr),y
0BDB86                   	;;	SAVE_U
0BDB86 2F                		pushu	imr			;	割り込み禁止
0BDB87 B6 37             		mv	[--s],u			;	pushs u
0BDB89 FD 65             		mv	u,y
0BDB8B 0D C8 FA 0B       		mv	y,buf
0BDB8F A5 51             		mv	(bp+scrapp),y
0BDB91 04 C0 F3          		call	utoy
0BDB94                   	;;	LOAD_U
0BDB94 96 27             		mv	u,[s++]			;	pops u
0BDB96 3F                		popu	imr
0BDB97 04 3D EA          		call	savund3
0BDB9A E8 36 27          		mv	[--u],(bp+u_flag)
0BDB9D 04 BB DB          		call	!dqumain!start
0BDBA0 E0 26 27          		mv	(bp+u_flag),[u++]
0BDBA3 04 92 EA          		call	setund2
0BDBA6 06                	end:	ret
0BDBA7                   		endl
0BDBA7                   	dqumain:local
0BDBA7 04 CC F1          		call	getscp
0BDBAA 6C 03             		inc	i
0BDBAC 7C 03             		dec	i
0BDBAE 18 3E             		jrz	end			;	スクラップの文字数が0の場合
0BDBB0 A5 51             		mv	(bp+scrapp),y
0BDBB2 FD 43             		mv	x,i
0BDBB4 A4 40             		mv	(bp+pstsiz),x
0BDBB6 04 16 EB          		call	chkcr
0BDBB9 1E 33             		jrnc	end
0BDBBB 82 23             	start:	mv	ba,(bp+mrklin)
0BDBBD 83 1F             		mv	i,(bp+lineno)
0BDBBF 4C 23             		sub	ba,i
0BDBC1 A2 58             		mv	(bp+qline),ba
0BDBC3                   	l2:
0BDBC3 85 13             		mv	y,(bp+cptr)
0BDBC5 04 65 ED          		call	gapback
0BDBC8                   	loop1:
0BDBC8 85 10             		mv	y,(bp+gapend)
0BDBCA 84 51             		mv	x,(bp+scrapp)
0BDBCC 83 40             		mv	i,(bp+pstsiz)
0BDBCE 90 25             	loop2:	mv	a,[y++]
0BDBD0 E0 24 38          		mv	(bp+fcmp),[x++]
0BDBD3 63 38             		cmp	(bp+fcmp),a
0BDBD5 1A 06             		jrnz	l1
0BDBD7 7C 01             		dec	il
0BDBD9 1B 0D             		jrnz	loop2
0BDBDB A5 10             		mv	(bp+gapend),y
0BDBDD 04 AC ED          	l1:	call	gapfwd
0BDBE0 49 58 01          		sub	(bp+qline),1
0BDBE3 59 59 00          		sbc	(bp+qline+1),0
0BDBE6 1F 20             		jrnc	loop1
0BDBE8 79 25 02          		or	(bp+mode),m_mdf
0BDBEB CC 27 00          		mv	(bp+u_flag),0		;	undo不可
0BDBEE 06                	end:	ret
0BDBEF                   		endl
0BDBEF                   	wrpqum:	local
0BDBEF 04 BC F1          		call	getquo
0BDBF2 1E 19             		jrnc	noquo
0BDBF4 84 13             		mv	x,(bp+cptr)
0BDBF6 A5 13             		mv	(bp+cptr),y
0BDBF8 04 06 ED          		call	calccur
0BDBFB B7 36 5A          		cmp	(bp+scrx),(bp+wrpwid)
0BDBFE 1E 0D             		jrnc	noquo
0BDC00 6A B3 DC 0B 1B    		xor	[!wrpmain!ptch],$1b	;	jr -n → mv a,n
0BDC05 04 11 DC          		call	wrpmain
0BDC08 6A B3 DC 0B 1B    		xor	[!wrpmain!ptch],$1b	;	mv a,n → jr -n
0BDC0D                   	noquo:
0BDC0D E2 26 13          		mvp	(bp+cptr),[u++]
0BDC10 06                		ret
0BDC11                   		endl
0BDC11                   	wrpmain:local
0BDC11 E8 36 00          		mv	[--u],(bp+dvwid)
0BDC14 CC 00 FF          		mv	(bp+dvwid),255
0BDC17 04 3D EA          		call	savund3
0BDC1A 04 65 ED          		call	gapback
0BDC1D 85 10             		mv	y,(bp+gapend)
0BDC1F CC 36 00          	loop2:	mv	(bp+scrx),0
0BDC22 80 5A             	loop1:	mv	a,(bp+wrpwid)
0BDC24 04 DE EC          		call	calcwid
0BDC27 FD 45             		mv	x,y
0BDC29 85 10             		mv	y,(bp+gapend)
0BDC2B 04 B6 ED          		call	gapfwd3
0BDC2E 85 10             		mv	y,(bp+gapend)
0BDC30 D7 05 19          		cmpp	(bp+mark),y
0BDC33 18 9C             		jrz	end
0BDC35 90 05             		mv	a,[y]
0BDC37 60 0D             		cmp	a,$0d
0BDC39 1A 30             		jrnz	l1
0BDC3B                   	;	空行があるか調べる
0BDC3B FD 45             		mv	x,y
0BDC3D 6C 04             		inc	x
0BDC3F 90 04             		mv	a,[x]
0BDC41 60 0D             		cmp	a,$0d
0BDC43 1A 14             		jrnz	l3
0BDC45 D7 04 19          	loop3:	cmpp	(bp+mark),x
0BDC48 18 87             		jrz	end
0BDC4A 90 24             		mv	a,[x++]
0BDC4C 60 0D             		cmp	a,$0d
0BDC4E 19 0B             		jrz	loop3
0BDC50 7C 04             		dec	x
0BDC52 04 B6 ED          		call	gapfwd3
0BDC55 85 10             		mv	y,(bp+gapend)
0BDC57 12 5A             		jr	ptch
0BDC59                   	;	既にある改行は削除する
0BDC59 6C 05             	l3:	inc	y
0BDC5B A5 10             		mv	(bp+gapend),y
0BDC5D 49 23 01          		sub	(bp+mrklin),1
0BDC60 59 24 00          		sbc	(bp+mrklin+1),0
0BDC63 49 21 01          		sub	(bp+maxlin),1
0BDC66 59 22 00          		sbc	(bp+maxlin+1),0
0BDC69 13 49             		jr	loop1
0BDC6B                   	;	改行を挿入する
0BDC6B C7 0D 10          	l1:	cmpp	(bp+gaptop),(bp+gapend)
0BDC6E 1E 6E             		jrnc	l2
0BDC70                   	;	ワードラップ処理
0BDC70 65 5D 10          		test	(bp+pref_d),$10
0BDC73 18 2A             		jrz	l6
0BDC75                   	;	mv	a,[y]
0BDC75 60 20             		cmp	a,' '
0BDC77 1C 26             		jrc	l6
0BDC79 60 80             		cmp	a,$80
0BDC7B 1E 22             		jrnc	l6
0BDC7D 85 0D             		mv	y,(bp+gaptop)
0BDC7F 90 35             	loop4:	mv	a,[--y]
0BDC81 60 0D             		cmp	a,$0d
0BDC83 18 18             		jrz	l4
0BDC85 60 21             		cmp	a,' '+1
0BDC87 1C 08             		jrc	loop4e
0BDC89 60 2D             		cmp	a,'-'
0BDC8B 18 04             		jrz	loop4e
0BDC8D 60 80             		cmp	a,$80
0BDC8F 1D 12             		jrc	loop4
0BDC91 6C 05             	loop4e:	inc	y
0BDC93 04 3B F1          		call	isjis2
0BDC96 18 02             		jrz	l5
0BDC98 6C 05             		inc	y
0BDC9A 04 65 ED          	l5:	call	gapback
0BDC9D 85 10             	l4:	mv	y,(bp+gapend)
0BDC9F                   	l6:
0BDC9F 84 0D             		mv	x,(bp+gaptop)
0BDCA1 08 0D             		mv	a,$0d
0BDCA3 B0 24             		mv	[x++],a
0BDCA5 A4 0D             		mv	(bp+gaptop),x
0BDCA7 41 23 01          		add	(bp+mrklin),1
0BDCAA 51 24 00          		adc	(bp+mrklin+1),0
0BDCAD 41 21 01          		add	(bp+maxlin),1
0BDCB0 51 22 00          		adc	(bp+maxlin+1),0
0BDCB3 13 96             	ptch:	jr	loop2
0BDCB5                   	;	引用符処理
0BDCB5 84 40             		mv	x,(bp+pstsiz)
0BDCB7 4D 54             		sub	y,x
0BDCB9 D7 05 0D          		cmpp	(bp+gaptop),y		;	メモリ不足か？
0BDCBC 18 02             		jrz	l7
0BDCBE 1E 1E             		jrnc	l2
0BDCC0 A5 10             	l7:	mv	(bp+gapend),y
0BDCC2                   	;;	SAVE_U
0BDCC2 2F                		pushu	imr			;	割り込み禁止
0BDCC3 B6 37             		mv	[--s],u			;	pushs u
0BDCC5 86 51             		mv	u,(bp+scrapp)
0BDCC7 04 C0 F3          		call	utoy
0BDCCA                   	;;	LOAD_U
0BDCCA 96 27             		mv	u,[s++]			;	pops u
0BDCCC 3F                		popu	imr
0BDCCD 85 10             		mv	y,(bp+gapend)
0BDCCF 13 B2             		jr	loop2
0BDCD1                   	end:
0BDCD1 04 AC ED          		call	gapfwd
0BDCD4 04 92 EA          		call	setund2
0BDCD7 E0 26 00          		mv	(bp+dvwid),[u++]
0BDCDA 79 25 02          		or	(bp+mode),m_mdf
0BDCDD 06                		ret
0BDCDE 04 78 F4          	l2:	call	memerr
0BDCE1 13 12             		jr	end
0BDCE3                   		endl
0BDCE3                   	tabspm:	local
0BDCE3 E8 36 00          		mv	[--u],(bp+dvwid)
0BDCE6 CC 00 FF          		mv	(bp+dvwid),255
0BDCE9 04 3D EA          		call	savund3
0BDCEC 04 65 ED          		call	gapback
0BDCEF 84 10             		mv	x,(bp+gapend)
0BDCF1 CC 36 00          	loop2:	mv	(bp+scrx),0
0BDCF4 D7 04 19          	loop1:	cmpp	(bp+mark),x
0BDCF7 18 42             		jrz	end
0BDCF9 90 04             		mv	a,[x]
0BDCFB 60 0D             		cmp	a,$0d
0BDCFD 18 35             		jrz	l1
0BDCFF 60 09             		cmp	a,$09
0BDD01 18 0B             		jrz	l2
0BDD03 04 2C ED          		call	chrwid
0BDD06 1C 2C             		jrc	l1
0BDD08 43 36             		add	(bp+scrx),a
0BDD0A 45 41             		add	x,il
0BDD0C 13 1A             		jr	loop1
0BDD0E 85 10             	l2:	mv	y,(bp+gapend)
0BDD10 04 B6 ED          		call	gapfwd3
0BDD13 85 0D             		mv	y,(bp+gaptop)
0BDD15 84 10             		mv	x,(bp+gapend)
0BDD17 90 24             		mv	a,[x++]
0BDD19 04 2C ED          		call	chrwid
0BDD1C 2C                		pushu	x
0BDD1D 4D 45             		sub	x,y
0BDD1F 4D 40             		sub	x,a
0BDD21 3C                		popu	x
0BDD22 1C 24             		jrc	l3
0BDD24 43 36             		add	(bp+scrx),a
0BDD26 09 20             		mv	il,' '
0BDD28 B1 25             	loop3:	mv	[y++],il
0BDD2A 7C 00             		dec	a
0BDD2C 1B 06             		jrnz	loop3
0BDD2E A5 0D             		mv	(bp+gaptop),y
0BDD30 A4 10             		mv	(bp+gapend),x
0BDD32 13 40             		jr	loop1
0BDD34 04 AC ED          	l1:	call	gapfwd
0BDD37 84 10             		mv	x,(bp+gapend)
0BDD39 13 4A             		jr	loop2
0BDD3B                   	end:
0BDD3B 04 AC ED          		call	gapfwd
0BDD3E 04 92 EA          		call	setund2
0BDD41 E0 26 00          		mv	(bp+dvwid),[u++]
0BDD44 79 25 02          		or	(bp+mode),m_mdf
0BDD47 06                		ret
0BDD48 04 78 F4          	l3:	call	memerr
0BDD4B 13 12             		jr	end
0BDD4D                   		endl
0BDD4D                   	clrblo:
0BDD4D 65 25 60          		test	(bp+mode),m_pfmk+m_fnmk
0BDD50 1A 2B             		jrnz	revs!l2
0BDD52 08 00             		mv	a,0
0BDD54 06                		ret
0BDD55                   	revs:	local
0BDD55 65 25 20          		test	(bp+mode),m_pfmk
0BDD58 1A 16             		jrnz	copy
0BDD5A 08 04             		mv	a,r_adj
0BDD5C 65 25 40          		test	(bp+mode),m_fnmk
0BDD5F 18 05             		jrz	l3
0BDD61 71 25 BF          		and	(bp+mode),$ff-m_fnmk
0BDD64 08 08             		mv	a,r_xadj
0BDD66 CA 19 13          	l3:	mvp	(bp+mark),(bp+cptr)
0BDD69 C9 23 1F          		mvw	(bp+mrklin),(bp+lineno)
0BDD6C 79 25 20          		or	(bp+mode),m_pfmk
0BDD6F 06                		ret
0BDD70 04 B4 EA          	copy:	call	setblo
0BDD73 65 25 10          		test	(bp+mode),m_rev
0BDD76 18 08             		jrz	l1
0BDD78 04 A2 DD          		call	copy_m
0BDD7B 1A 03             		jrnz	l1
0BDD7D 71 25 8F          	l2:	and	(bp+mode),$ff-(m_pfmk+m_fnmk+m_rev)
0BDD80 08 10             	l1:	mv	a,r_all
0BDD82 06                		ret
0BDD83                   		endl
0BDD83                   	cut:	local
0BDD83 65 25 20          		test	(bp+mode),m_pfmk
0BDD86 1A 07             		jrnz	l3
0BDD88 65 25 40          		test	(bp+mode),m_fnmk
0BDD8B 1B 10             		jrnz	!revs!l2
0BDD8D 12 10             		jr	l1
0BDD8F 04 B4 EA          	l3:	call	setblo
0BDD92 04 A2 DD          		call	copy_m
0BDD95 1A 08             		jrnz	l1
0BDD97 65 25 10          		test	(bp+mode),m_rev
0BDD9A 1A 7A             		jrnz	delblo
0BDD9C 71 25 9F          		and	(bp+mode),$ff-(m_pfmk+m_fnmk)
0BDD9F 08 10             	l1:	mv	a,r_all
0BDDA1 06                		ret
0BDDA2                   		endl
0BDDA2                   	copy_m:	local
0BDDA2                   	;	コピールーチン
0BDDA2                   	;	z=1：正常終了／z=0：メモリ不足
0BDDA2 04 24 EB          		call	blosiz
0BDDA5 84 10             		mv	x,(bp+gapend)
0BDDA7 85 0D             		mv	y,(bp+gaptop)
0BDDA9 4D 45             		sub	x,y
0BDDAB 85 1C             		mv	y,(bp+clpsiz)
0BDDAD 45 45             		add	x,y
0BDDAF D7 04 30          		cmpp	(bp+blocks),x		;	x：コピーに使えるメモリ容量
0BDDB2 18 09             		jrz	l3
0BDDB4 1C 07             		jrc	l3
0BDDB6 04 78 F4          		call	memerr
0BDDB9 78 FF             		or	a,$ff			;	z=0
0BDDBB 12 17             		jr	l2
0BDDBD                   	;;l3:	SAVE_U
0BDDBD 2F                		pushu	imr			;	割り込み禁止
0BDDBE B6 37             		mv	[--s],u			;	pushs u
0BDDC0 04 42 EB          		call	sftclp
0BDDC3 65 25 10          		test	(bp+mode),m_rev
0BDDC6 18 09             		jrz	l4
0BDDC8 86 2A             		mv	u,(bp+block1)
0BDDCA 85 0A             		mv	y,(bp+filend)
0BDDCC 84 30             		mv	x,(bp+blocks)
0BDDCE 04 9D EA          		call	copygap
0BDDD1                   	;;l4:	LOAD_U
0BDDD1 96 27             		mv	u,[s++]			;	pops u
0BDDD3 3F                		popu	imr
0BDDD4 06                	l2:	ret
0BDDD5                   		endl
0BDDD5                   	ctry:
0BDDD5 65 25 20          		test	(bp+mode),m_pfmk
0BDDD8 1A 3C             		jrnz	delblo
0BDDDA                   	dell:	local
0BDDDA                   	;	1行削除
0BDDDA                   	;;	CLRFND
0BDDDA 65 25 40          		test	(bp+mode),m_fnmk
0BDDDD 18 03             		jrz	*+5			;	次の行をスキップ
0BDDDF 71 25 8F          		and	(bp+mode),$ff-(m_pfmk+m_fnmk+m_rev)
0BDDE2 04 54 ED          		call	bfrcr
0BDDE5 04 CC EB          		call	sbcury2
0BDDE8 A5 13             		mv	(bp+cptr),y
0BDDEA 84 0D             		mv	x,(bp+gaptop)
0BDDEC C7 0A 10          		cmpp	(bp+filend),(bp+gapend)
0BDDEF 2E                		pushu	f
0BDDF0 1A 02             		jrnz	l3
0BDDF2 7C 04             		dec	x
0BDDF4 04 41 EA          	l3:	call	savund2
0BDDF7 3E                		popu	f
0BDDF8 18 0D             		jrz	l1
0BDDFA A5 0D             		mv	(bp+gaptop),y
0BDDFC 49 21 01          		sub	(bp+maxlin),1
0BDDFF 59 22 00          		sbc	(bp+maxlin+1),0
0BDE02 04 AC ED          		call	gapfwd
0BDE05 12 06             		jr	l2
0BDE07 08 0D             	l1:	mv	a,$0d
0BDE09 B0 25             		mv	[y++],a
0BDE0B A5 0D             		mv	(bp+gaptop),y
0BDE0D 04 82 EA          	l2:	call	setundo
0BDE10 79 25 02          		or	(bp+mode),m_mdf
0BDE13 08 0B             		mv	a,r_calc+r_vx+r_xadj
0BDE15 06                		ret
0BDE16                   		endl
0BDE16                   	delblo:	local
0BDE16 04 B4 EA          		call	setblo
0BDE19 04 24 EB          		call	blosiz
0BDE1C 04 50 EA          		call	savundo
0BDE1F 71 25 8F          		and	(bp+mode),$ff-(m_pfmk+m_fnmk+m_rev)
0BDE22 04 A2 EB          		call	linsub
0BDE25 08 10             		mv	a,r_all
0BDE27 18 35             		jrz	l1
0BDE29 79 25 02          		or	(bp+mode),m_mdf
0BDE2C 1E 12             		jrnc	l2
0BDE2E                   	;	(mark) > (cptr)
0BDE2E 84 19             		mv	x,(bp+mark)
0BDE30 85 13             		mv	y,(bp+cptr)
0BDE32 D7 04 0D          		cmpp	(bp+gaptop),x
0BDE35 1E 0F             		jrnc	l6
0BDE37 A4 10             		mv	(bp+gapend),x
0BDE39 A5 0D             		mv	(bp+gaptop),y
0BDE3B 04 AC ED          		call	gapfwd
0BDE3E 12 19             		jr	l7
0BDE40                   	;	(mark) < (cptr)
0BDE40 84 13             	l2:	mv	x,(bp+cptr)
0BDE42 85 19             		mv	y,(bp+mark)
0BDE44 A5 13             		mv	(bp+cptr),y
0BDE46                   	;;l6:	SAVE_U
0BDE46 2F                		pushu	imr			;	割り込み禁止
0BDE47 B6 37             		mv	[--s],u			;	pushs u
0BDE49 86 0D             		mv	u,(bp+gaptop)
0BDE4B 4D 64             		sub	u,x
0BDE4D 18 07             		jrz	l5
0BDE4F ED 46             		ex	x,u
0BDE51 04 C0 F3          		call	utoy
0BDE54 A5 0D             		mv	(bp+gaptop),y
0BDE56                   	;;l5:	LOAD_U
0BDE56 96 27             		mv	u,[s++]			;	pops u
0BDE58 3F                		popu	imr
0BDE59 04 82 EA          	l7:	call	setundo
0BDE5C 08 0B             		mv	a,r_calc+r_vx+r_xadj
0BDE5E 06                	l1:	ret
0BDE5F                   		endl
0BDE5F                   	delc:	local
0BDE5F                   	;	行頭からカーソル位置まで削除する
0BDE5F 04 54 ED          		call	bfrcr
0BDE62 D7 05 13          		cmpp	(bp+cptr),y
0BDE65 08 00             		mv	a,0
0BDE67 18 45             		jrz	l1
0BDE69 84 13             		mv	x,(bp+cptr)
0BDE6B 04 41 EA          		call	savund2
0BDE6E 04 CC EB          		call	sbcury2
0BDE71                   	;;	SAVE_U
0BDE71 2F                		pushu	imr			;	割り込み禁止
0BDE72 B6 37             		mv	[--s],u			;	pushs u
0BDE74 65 25 60          		test	(bp+mode),m_pfmk+m_fnmk
0BDE77 18 1D             		jrz	l2
0BDE79 84 19             		mv	x,(bp+mark)
0BDE7B D7 04 16          		cmpp	(bp+ltptr),x
0BDE7E 1E 16             		jrnc	l2
0BDE80 D7 04 13          		cmpp	(bp+cptr),x
0BDE83 1C 04             		jrc	l3
0BDE85 A5 19             		mv	(bp+mark),y
0BDE87 12 0D             		jr	l2
0BDE89 D7 04 0D          	l3:	cmpp	(bp+gaptop),x
0BDE8C 1C 08             		jrc	l2
0BDE8E 86 13             		mv	u,(bp+cptr)
0BDE90 4D 65             		sub	u,y
0BDE92 4D 46             		sub	x,u
0BDE94 A4 19             		mv	(bp+mark),x
0BDE96 86 13             	l2:	mv	u,(bp+cptr)
0BDE98 A5 13             		mv	(bp+cptr),y
0BDE9A 84 0D             		mv	x,(bp+gaptop)
0BDE9C 4D 46             		sub	x,u
0BDE9E 04 C0 F3          		call	utoy
0BDEA1 A5 0D             		mv	(bp+gaptop),y
0BDEA3                   	;;	LOAD_U
0BDEA3 96 27             		mv	u,[s++]			;	pops u
0BDEA5 3F                		popu	imr
0BDEA6 04 82 EA          		call	setundo
0BDEA9 79 25 02          		or	(bp+mode),m_mdf
0BDEAC 08 0B             		mv	a,r_calc+r_vx+r_xadj
0BDEAE 06                	l1:	ret
0BDEAF                   		endl
0BDEAF                   	ctre:	local
0BDEAF                   	;	CTRL+Eの処理
0BDEAF 04 9D EC          		call	findcr
0BDEB2 85 13             		mv	y,(bp+cptr)
0BDEB4 90 05             		mv	a,[y]
0BDEB6 60 0D             		cmp	a,$0d
0BDEB8 18 49             		jrz	!delete!l1
0BDEBA 84 0D             		mv	x,(bp+gaptop)
0BDEBC 7C 04             		dec	x
0BDEBE 04 41 EA          		call	savund2
0BDEC1 04 07 EB          		call	tstmk
0BDEC4 1E 03             		jrnc	l1
0BDEC6 CA 19 13          		mvp	(bp+mark),(bp+cptr)
0BDEC9 08 0D             	l1:	mv	a,$0d
0BDECB B0 25             		mv	[y++],a
0BDECD 04 82 EA          		call	setundo
0BDED0 12 72             		jr	!delete!l5
0BDED2                   		endl
0BDED2                   	bs:
0BDED2                   	;	バックスペース
0BDED2 C7 07 13          		cmpp	(bp+filtop),(bp+cptr)
0BDED5 1C 03             		jrc	bs_ok
0BDED7 08 00             		mv	a,0
0BDED9 06                		ret
0BDEDA 04 17 E2          	bs_ok:	call	c_left
0BDEDD                   	;	call	delete
0BDEDD                   	;	ret
0BDEDD                   	delete:	local
0BDEDD                   	;	カーソル位置の1文字を削除
0BDEDD 04 9D EC          		call	findcr
0BDEE0 85 13             		mv	y,(bp+cptr)
0BDEE2 90 05             		mv	a,[y]
0BDEE4 60 0D             		cmp	a,$0d
0BDEE6 18 1B             		jrz	l1
0BDEE8 84 0D             		mv	x,(bp+gaptop)
0BDEEA 04 5D F1          		call	isjis1
0BDEED 1C 3D             		jrc	l2
0BDEEF                   	;	1バイト文字の削除
0BDEEF 08 01             		mv	a,1
0BDEF1 04 F1 EA          		call	sftmkp
0BDEF4 7C 04             		dec	x
0BDEF6 4D 45             		sub	x,y
0BDEF8 90 85 01          	loop:	mv	a,[y+1]
0BDEFB B0 25             		mv	[y++],a
0BDEFD 7C 04             		dec	x
0BDEFF 1B 09             		jrnz	loop
0BDF01 12 3E             		jr	l7
0BDF03                   	;	改行の削除
0BDF03 C7 0A 10          	l1:	cmpp	(bp+filend),(bp+gapend)	;	ファイル・エンドか？
0BDF06 08 00             		mv	a,0
0BDF08 18 4A             		jrz	l3
0BDF0A 49 21 01          		sub	(bp+maxlin),1
0BDF0D 59 22 00          		sbc	(bp+maxlin+1),0
0BDF10 C7 13 19          		cmpp	(bp+cptr),(bp+mark)
0BDF13 1E 06             		jrnc	l6
0BDF15 49 23 01          		sub	(bp+mrklin),1
0BDF18 59 23 00          		sbc	(bp+mrklin),0
0BDF1B 85 0D             	l6:	mv	y,(bp+gaptop)
0BDF1D 7C 05             		dec	y
0BDF1F A5 0D             		mv	(bp+gaptop),y
0BDF21 04 AC ED          		call	gapfwd
0BDF24 C8 38 34          		mv	(bp+cry),(bp+dhei)	;	カーソル位置から全て書き直させる
0BDF27 CC 27 00          		mv	(bp+u_flag),0		;	undo不可
0BDF2A 12 1A             		jr	l4
0BDF2C                   	;	2バイト文字の削除
0BDF2C 08 02             	l2:	mv	a,2
0BDF2E 04 F1 EA          		call	sftmkp
0BDF31 93 34             		mv	i,[--x]			;	sub x,2
0BDF33 4D 45             		sub	x,y
0BDF35 04 5D F1          		call	isjis1
0BDF38 90 85 02          	loop2:	mv	a,[y+2]
0BDF3B B0 25             		mv	[y++],a
0BDF3D 7C 04             		dec	x
0BDF3F 1B 09             		jrnz	loop2
0BDF41 CC 27 00          	l7:	mv	(bp+u_flag),0		;	undo不可
0BDF44 A5 0D             	l5:	mv	(bp+gaptop),y
0BDF46 04 B4 EA          	l4:	call	setblo
0BDF49 04 3F E7          		call	addbfr
0BDF4C 04 1C E8          		call	putcur
0BDF4F 79 25 02          		or	(bp+mode),m_mdf
0BDF52 08 06             		mv	a,r_vx+r_adj
0BDF54 06                	l3:	ret
0BDF55                   		endl
0BDF55                   	ctrlin:	local
0BDF55                   	;	コントロールコードの入力
0BDF55 04 3E EC          		call	putcrsb
0BDF58 04 9C F4          		call	keys2
0BDF5B 2A                		pushu	ba
0BDF5C 04 3D F5          		call	clrcur
0BDF5F 3A                		popu	ba
0BDF60 60 00             		cmp	a,0
0BDF62 18 08             		jrz	l1
0BDF64 60 20             		cmp	a,$20
0BDF66 1E 04             		jrnc	l1
0BDF68 60 0D             		cmp	a,$0d
0BDF6A 1A A9             		jrnz	keyin
0BDF6C 06                	l1:	ret
0BDF6D                   		endl
0BDF6D                   	retkey:
0BDF6D                   	;	改行の挿入（オートインデントあり）
0BDF6D 65 45 01          		test	(bp+smode),s_ind
0BDF70 0A                		db	$0a			;	次の命令をスキップ
0BDF71                   	ins_cr:	local
0BDF71                   	;	改行コードのみの挿入
0BDF71 70 00             		and	a,0			;	z=1
0BDF73 2E                		pushu	f
0BDF74 C7 0D 10          		cmpp	(bp+gaptop),(bp+gapend)
0BDF77 18 96             		jrz	l1			;	メモリ不足
0BDF79 85 13             		mv	y,(bp+cptr)
0BDF7B 04 65 ED          		call	gapback
0BDF7E C7 19 10          		cmpp	(bp+mark),(bp+gapend)	;	カーソル位置と(mark)が同じとき
0BDF81 1A 03             		jrnz	l5
0BDF83 CA 19 0D          		mvp	(bp+mark),(bp+gaptop)	;	gapの後ろにずれてしまうので戻す
0BDF86 41 21 01          	l5:	add	(bp+maxlin),1
0BDF89 51 22 00          		adc	(bp+maxlin+1),0
0BDF8C 41 1F 01          		add	(bp+lineno),1
0BDF8F 51 20 00          		adc	(bp+lineno+1),0
0BDF92 C7 13 19          		cmpp	(bp+cptr),(bp+mark)
0BDF95 1E 06             		jrnc	l2
0BDF97 41 23 01          		add	(bp+mrklin),1
0BDF9A 51 23 00          		adc	(bp+mrklin),0
0BDF9D 85 0D             	l2:	mv	y,(bp+gaptop)
0BDF9F 08 0D             		mv	a,$0d
0BDFA1 B0 25             		mv	[y++],a
0BDFA3 3E                		popu	f
0BDFA4 2D                		pushu	y
0BDFA5 18 1F             		jrz	loop1e			;	オートインデントモードでない場合
0BDFA7 04 54 ED          		call	bfrcr
0BDFAA FD 45             		mv	x,y
0BDFAC 95 06             		mv	y,[u]
0BDFAE D7 04 13          	loop1:	cmpp	(bp+cptr),x
0BDFB1 18 13             		jrz	loop1e
0BDFB3 D7 05 10          		cmpp	(bp+gapend),y
0BDFB6 18 0E             		jrz	loop1e
0BDFB8 90 24             		mv	a,[x++]
0BDFBA 60 09             		cmp	a,$09
0BDFBC 18 04             		jrz	l3
0BDFBE 60 20             		cmp	a,' '
0BDFC0 1A 04             		jrnz	loop1e
0BDFC2 B0 25             	l3:	mv	[y++],a
0BDFC4 13 18             		jr	loop1
0BDFC6 A5 0D             	loop1e:	mv	(bp+gaptop),y
0BDFC8 04 3F E7          		call	addbfr
0BDFCB EA 36 13          		mvp	[--u],(bp+cptr)
0BDFCE CA 13 0D          		mvp	(bp+cptr),(bp+gaptop)
0BDFD1 04 AC ED          		call	gapfwd
0BDFD4 04 B4 EA          		call	setblo
0BDFD7 3D                		popu	y
0BDFD8 C9 36 03          		mvw	(bp+scrx),(bp+curx)
0BDFDB 04 B6 E8          		call	putlin2
0BDFDE 3D                		popu	y
0BDFDF 04 79 E8          		call	down
0BDFE2 1E 12             		jrnc	l4
0BDFE4 C8 37 04          		mv	(bp+scry),(bp+cury)
0BDFE7 D7 05 0A          	loop2:	cmpp	(bp+filend),y
0BDFEA 18 0A             		jrz	l4
0BDFEC 04 CA E8          		call	putline
0BDFEF 6D 37             		inc	(bp+scry)
0BDFF1 B7 37 34          		cmp	(bp+scry),(bp+dhei)
0BDFF4 1D 0F             		jrc	loop2
0BDFF6 79 25 02          	l4:	or	(bp+mode),m_mdf
0BDFF9 CC 27 00          		mv	(bp+u_flag),0		;	undo不可
0BDFFC 04 8B E7          		call	xrecalc
0BDFFF 1C 08             		jrc	l6
0BE001 B7 03 00          		cmp	(bp+curx),(bp+dvwid)
0BE004 1E 03             		jrnc	l6
0BE006 08 06             		mv	a,r_vx+r_adj
0BE008 06                		ret
0BE009 04 E9 EB          	l6:	call	addcury
0BE00C 08 0B             		mv	a,r_calc+r_vx+r_xadj
0BE00E 06                		ret
0BE00F 3E                	l1:	popu	f
0BE010 08 00             		mv	a,0
0BE012 06                		ret
0BE013                   		endl
0BE013                   	tab:
0BE013                   	;	TABの入力
0BE013 08 09             		mv	a,$09
0BE015                   	keyin:	local
0BE015                   	;	1文字入力
0BE015 28                		pushu	a
0BE016 04 9D EC          		call	findcr
0BE019 38                		popu	a
0BE01A 65 06 02          		test	(bp+ins),2
0BE01D 1A 5C             		jrnz	insert
0BE01F 85 13             		mv	y,(bp+cptr)
0BE021 75                		mv	b,a
0BE022 90 05             		mv	a,[y]
0BE024 60 0D             		cmp	a,$0d
0BE026 DD                		ex	a,b
0BE027 18 52             		jrz	insert
0BE029 04 5D F1          		call	isjis1
0BE02C 1C 15             		jrc	o1
0BE02E                   	;	1バイト文字の上書き
0BE02E DD                		ex	a,b
0BE02F 04 5D F1          		call	isjis1			;	カーソル位置の文字を調べる
0BE032 74                		mv	a,b
0BE033 B0 25             		mv	[y++],a
0BE035 1E 04             		jrnc	o3
0BE037 08 20             		mv	a,' '
0BE039 B0 05             		mv	[y],a
0BE03B 04 B4 EA          	o3:	call	setblo
0BE03E 04 3F E7          		call	addbfr
0BE041 12 AB             		jr	l3
0BE043                   	;	2バイト文字の上書き
0BE043 A0 49             	o1:	mv	(bp+dblwk),a
0BE045 04 22 F4          		call	iskey
0BE048 1C 78             		jrc	l4
0BE04A 04 EC F4          		call	keyr
0BE04D 85 13             		mv	y,(bp+cptr)
0BE04F 75                		mv	b,a
0BE050 90 25             		mv	a,[y++]			;	カーソル位置の文字
0BE052 04 5D F1          		call	isjis1
0BE055 1C 1F             		jrc	o2
0BE057 90 05             		mv	a,[y]			;	カーソル位置の次の文字
0BE059 60 0D             		cmp	a,$0d
0BE05B 1A 0F             		jrnz	o4
0BE05D C7 0D 10          		cmpp	(bp+gaptop),(bp+gapend)
0BE060 1E 60             		jrnc	l4			;	メモリ不足
0BE062 2D                		pushu	y
0BE063 6C 05             		inc	y
0BE065 B0 25             		mv	[y++],a
0BE067 A5 0D             		mv	(bp+gaptop),y
0BE069 3D                		popu	y
0BE06A 12 0A             		jr	o2
0BE06C 04 5D F1          	o4:	call	isjis1
0BE06F 1E 05             		jrnc	o2
0BE071 08 20             		mv	a,' '
0BE073 B0 85 01          		mv	[y+1],a
0BE076 7C 05             	o2:	dec	y
0BE078 74                		mv	a,b
0BE079 12 64             		jr	l11
0BE07B                   	insert:
0BE07B                   	;	1文字挿入
0BE07B 04 5D F1          		call	isjis1
0BE07E 1C 2F             		jrc	l6
0BE080                   	;	1バイト文字の挿入
0BE080 84 0D             		mv	x,(bp+gaptop)
0BE082 D7 04 10          		cmpp	(bp+gapend),x
0BE085 18 3B             		jrz	l4			;	メモリ不足
0BE087 85 13             		mv	y,(bp+cptr)
0BE089 4D 45             		sub	x,y
0BE08B 28                		pushu	a
0BE08C 08 01             		mv	a,1
0BE08E 04 F8 EA          		call	sftmkf
0BE091 85 0D             		mv	y,(bp+gaptop)
0BE093 6C 05             		inc	y
0BE095 A5 0D             		mv	(bp+gaptop),y
0BE097 7C 05             		dec	y
0BE099 90 35             	loop:	mv	a,[--y]
0BE09B B0 85 01          		mv	[y+1],a
0BE09E 7C 04             		dec	x
0BE0A0 1B 09             		jrnz	loop
0BE0A2 38                		popu	a
0BE0A3 B0 05             		mv	[y],a
0BE0A5 04 B4 EA          	l10:	call	setblo
0BE0A8 04 3F E7          		call	addbfr
0BE0AB 1E 44             		jrnc	l2
0BE0AD 12 3F             		jr	l3
0BE0AF                   	;	2バイト文字の挿入
0BE0AF A0 49             	l6:	mv	(bp+dblwk),a
0BE0B1 04 22 F4          		call	iskey
0BE0B4 1C 0C             		jrc	l4
0BE0B6 04 EC F4          		call	keyr
0BE0B9 84 0D             		mv	x,(bp+gaptop)
0BE0BB 93 24             		mv	i,[x++]			;	add x,2
0BE0BD D7 04 10          		cmpp	(bp+gapend),x
0BE0C0 1E 03             		jrnc	l1
0BE0C2 08 00             	l4:	mv	a,0
0BE0C4 06                		ret
0BE0C5 28                	l1:	pushu	a
0BE0C6 08 02             		mv	a,2
0BE0C8 04 F8 EA          		call	sftmkf
0BE0CB A4 0D             		mv	(bp+gaptop),x
0BE0CD 85 13             		mv	y,(bp+cptr)
0BE0CF 93 34             		mv	i,[--x]			;	sub x,2
0BE0D1 2C                		pushu	x
0BE0D2 4D 45             		sub	x,y
0BE0D4 3D                		popu	y
0BE0D5 90 35             	loop2:	mv	a,[--y]
0BE0D7 B0 85 02          		mv	[y+2],a
0BE0DA 7C 04             		dec	x
0BE0DC 1B 09             		jrnz	loop2
0BE0DE 38                		popu	a
0BE0DF E8 25 49          	l11:	mv	[y++],(bp+dblwk)
0BE0E2 D7 05 19          		cmpp	(bp+mark),y
0BE0E5 B0 25             		mv	[y++],a
0BE0E7 1A 02             		jrnz	l12
0BE0E9 A5 19             		mv	(bp+mark),y
0BE0EB 04 B4 EA          	l12:	call	setblo
0BE0EE 04 1C E8          	l3:	call	putcur
0BE0F1                   	l2:
0BE0F1 79 25 02          		or	(bp+mode),m_mdf
0BE0F4 CC 27 00          		mv	(bp+u_flag),0		;	undo不可
0BE0F7 72 A1 FC 0B BF    		and	[rev],$bf
0BE0FC 04 DF E2          		call	c_right
0BE0FF 04 22 F4          		call	iskey
0BE102 08 06             		mv	a,r_vx+r_adj
0BE104 1C 02             		jrc	l5
0BE106 08 02             		mv	a,r_vx			;	キーバッファに文字があるとき
0BE108 06                	l5:	ret
0BE109                   		endl
0BE109 04 49 E3          	scdown:	call	c_down
0BE10C 70 FB             		and	a,$ff-r_adj
0BE10E 06                		ret
0BE10F 04 93 E3          	scup:	call	c_up
0BE112 70 FB             		and	a,$ff-r_adj
0BE114 06                		ret
0BE115                   	scleft:
0BE115 61 02 00          		cmp	(bp+scwid),0
0BE118 18 16             		jrz	scright!end
0BE11A                   	;;	CLRFND
0BE11A 65 25 40          		test	(bp+mode),m_fnmk
0BE11D 18 03             		jrz	*+5			;	次の行をスキップ
0BE11F 71 25 8F          		and	(bp+mode),$ff-(m_pfmk+m_fnmk+m_rev)
0BE122 7D 02             		dec	(bp+scwid)
0BE124 12 86             		jr	pgright!l3
0BE126                   	scright:local
0BE126 B7 33 00          		cmp	(bp+dwid),(bp+dvwid)
0BE129 1E 05             		jrnc	end			;	実際の画面幅より1行の幅が狭いとき
0BE12B B7 02 01          		cmp	(bp+scwid),(bp+scmax)
0BE12E 1C 03             		jrc	l1
0BE130 08 00             	end:	mv	a,0
0BE132 06                		ret
0BE133                   	;;l1:	CLRFND
0BE133 65 25 40          		test	(bp+mode),m_fnmk
0BE136 18 03             		jrz	*+5			;	次の行をスキップ
0BE138 71 25 8F          		and	(bp+mode),$ff-(m_pfmk+m_fnmk+m_rev)
0BE13B 6D 02             		inc	(bp+scwid)
0BE13D 12 6D             		jr	!pgright!l3
0BE13F                   		endl
0BE13F                   	pgleft:	local
0BE13F B7 33 00          		cmp	(bp+dwid),(bp+dvwid)
0BE142 1E 95             		jrnc	clntop			;	実際の画面幅より1行の幅が狭いとき
0BE144                   	;;	CLRFND
0BE144 65 25 40          		test	(bp+mode),m_fnmk
0BE147 18 03             		jrz	*+5			;	次の行をスキップ
0BE149 71 25 8F          		and	(bp+mode),$ff-(m_pfmk+m_fnmk+m_rev)
0BE14C 61 02 00          		cmp	(bp+scwid),0
0BE14F 1A 2C             		jrnz	l1
0BE151 85 16             		mv	y,(bp+ltptr)
0BE153 90 C5 01          		mv	a,[y-1]
0BE156 60 0D             		cmp	a,$0d
0BE158 1A 12             		jrnz	l2
0BE15A D7 05 07          		cmpp	(bp+filtop),y
0BE15D 08 00             		mv	a,0
0BE15F 1E 60             		jrnc	!pgright!l1
0BE161 49 1F 01          		sub	(bp+lineno),1
0BE164 59 20 00          		sbc	(bp+lineno+1),0
0BE167 04 65 ED          		call	gapback
0BE16A 85 16             		mv	y,(bp+ltptr)
0BE16C FD 45             	l2:	mv	x,y
0BE16E 7C 04             		dec	x
0BE170 A4 13             		mv	(bp+cptr),x
0BE172 04 73 EC          		call	bfrlin
0BE175 04 9A E8          		call	up
0BE178 C8 02 01          		mv	(bp+scwid),(bp+scmax)
0BE17B 12 2F             		jr	!pgright!l3
0BE17D 80 33             	l1:	mv	a,(bp+dwid)
0BE17F 7C 00             		dec	a			;	スクロール幅は画面幅-1
0BE181 4B 02             		sub	(bp+scwid),a
0BE183 1E 27             		jrnc	!pgright!l3
0BE185 CC 02 00          		mv	(bp+scwid),0
0BE188 12 22             		jr	!pgright!l3
0BE18A                   		endl
0BE18A                   	pgright:local
0BE18A B7 33 00          		cmp	(bp+dwid),(bp+dvwid)
0BE18D 1E EA             		jrnc	clnend			;	実際の画面幅より1行の幅が狭いとき
0BE18F                   	;;	CLRFND
0BE18F 65 25 40          		test	(bp+mode),m_fnmk
0BE192 18 03             		jrz	*+5			;	次の行をスキップ
0BE194 71 25 8F          		and	(bp+mode),$ff-(m_pfmk+m_fnmk+m_rev)
0BE197 B7 02 01          		cmp	(bp+scwid),(bp+scmax)
0BE19A 1E 26             		jrnc	l5
0BE19C 80 33             		mv	a,(bp+dwid)
0BE19E 7C 00             		dec	a			;	スクロール幅は画面幅-1
0BE1A0 43 02             		add	(bp+scwid),a
0BE1A2 1C 05             		jrc	l2
0BE1A4 B7 01 02          		cmp	(bp+scmax),(bp+scwid)
0BE1A7 1E 03             		jrnc	l3
0BE1A9 C8 02 01          	l2:	mv	(bp+scwid),(bp+scmax)
0BE1AC 85 16             	l3:	mv	y,(bp+ltptr)
0BE1AE C8 36 26          		mv	(bp+scrx),(bp+margin)
0BE1B1 80 02             	l4:	mv	a,(bp+scwid)
0BE1B3 40 04             		add	a,sclmgn
0BE1B5 A0 05             		mv	(bp+vx),a
0BE1B7 04 CD EC          		call	calcwd2
0BE1BA A5 13             		mv	(bp+cptr),y
0BE1BC C8 03 36          		mv	(bp+curx),(bp+scrx)
0BE1BF 08 10             		mv	a,r_all
0BE1C1 06                	l1:	ret
0BE1C2                   	;	次の行へ移動する
0BE1C2 85 13             	l5:	mv	y,(bp+cptr)
0BE1C4 C8 36 03          		mv	(bp+scrx),(bp+curx)
0BE1C7 04 DB EC          		call	nxtlin
0BE1CA 1E 05             		jrnc	l6
0BE1CC 04 65 E8          		call	gonext
0BE1CF 1F 10             		jrnc	l1
0BE1D1 A5 13             	l6:	mv	(bp+cptr),y
0BE1D3 04 79 E8          		call	down
0BE1D6 08 0B             		mv	a,r_calc+r_vx+r_xadj
0BE1D8 06                		ret
0BE1D9                   		endl
0BE1D9                   	clntop:	local
0BE1D9                   	;	crで切られた行頭へ
0BE1D9                   	;;	CLRFND
0BE1D9 65 25 40          		test	(bp+mode),m_fnmk
0BE1DC 18 03             		jrz	*+5			;	次の行をスキップ
0BE1DE 71 25 8F          		and	(bp+mode),$ff-(m_pfmk+m_fnmk+m_rev)
0BE1E1 04 54 ED          		call	bfrcr
0BE1E4 D7 05 13          		cmpp	(bp+cptr),y
0BE1E7 18 2E             		jrz	c_left
0BE1E9 04 CC EB          		call	sbcury2
0BE1EC A5 13             		mv	(bp+cptr),y
0BE1EE 08 0B             		mv	a,r_calc+r_vx+r_xadj
0BE1F0 06                		ret
0BE1F1                   		endl
0BE1F1                   	lintop:	local
0BE1F1                   	;	画面上の行頭へ
0BE1F1 B7 03 26          		cmp	(bp+curx),(bp+margin)
0BE1F4 18 21             		jrz	c_left			;	すでに左端に到達しているときは前の行に
0BE1F6 CA 13 16          		mvp	(bp+cptr),(bp+ltptr)
0BE1F9 65 25 40          		test	(bp+mode),m_fnmk
0BE1FC 18 06             		jrz	l2
0BE1FE                   	;;	CLRFND2
0BE1FE 71 25 8F          		and	(bp+mode),$ff-(m_pfmk+m_fnmk+m_rev)
0BE201 08 0B             		mv	a,r_calc+r_vx+r_xadj
0BE203 06                		ret
0BE204 65 25 20          	l2:	test	(bp+mode),m_pfmk
0BE207 18 0B             		jrz	l1
0BE209 04 B4 EA          		call	setblo
0BE20C C8 37 04          		mv	(bp+scry),(bp+cury)
0BE20F 85 13             		mv	y,(bp+cptr)
0BE211 04 CA E8          		call	putline
0BE214 08 07             	l1:	mv	a,r_calc+r_vx+r_adj
0BE216 06                		ret
0BE217                   		endl
0BE217                   	c_left:	local
0BE217 65 25 40          		test	(bp+mode),m_fnmk
0BE21A 18 06             		jrz	l0
0BE21C                   	;;	CLRFND2
0BE21C 71 25 8F          		and	(bp+mode),$ff-(m_pfmk+m_fnmk+m_rev)
0BE21F 04 E7 E7          		call	putall
0BE222 85 16             	l0:	mv	y,(bp+ltptr)
0BE224 84 13             		mv	x,(bp+cptr)
0BE226 90 34             		mv	a,[--x]
0BE228 60 0D             		cmp	a,$0d
0BE22A 1A 20             		jrnz	l3
0BE22C D7 05 07          		cmpp	(bp+filtop),y
0BE22F 1E 45             		jrnc	l1
0BE231 49 1F 01          		sub	(bp+lineno),1
0BE234 59 20 00          		sbc	(bp+lineno+1),0
0BE237 A4 13             		mv	(bp+cptr),x
0BE239 04 65 ED          		call	gapback
0BE23C 85 16             		mv	y,(bp+ltptr)
0BE23E 04 73 EC          		call	bfrlin
0BE241 A0 03             		mv	(bp+curx),a
0BE243 A0 36             		mv	(bp+scrx),a
0BE245 04 9A E8          		call	up
0BE248 85 13             		mv	y,(bp+cptr)
0BE24A 12 1C             		jr	l4
0BE24C B7 03 26          	l3:	cmp	(bp+curx),(bp+margin)
0BE24F 1A 08             		jrnz	l2
0BE251 04 73 EC          		call	bfrlin
0BE254 A0 03             		mv	(bp+curx),a
0BE256 04 9A E8          		call	up
0BE259 80 03             	l2:	mv	a,(bp+curx)
0BE25B C8 36 26          		mv	(bp+scrx),(bp+margin)
0BE25E 7C 00             		dec	a
0BE260 04 DE EC          		call	calcwid
0BE263 C8 03 36          		mv	(bp+curx),(bp+scrx)
0BE266 A5 13             		mv	(bp+cptr),y
0BE268 65 25 60          	l4:	test	(bp+mode),m_pfmk+m_fnmk
0BE26B 18 09             		jrz	l1
0BE26D 04 B4 EA          		call	setblo
0BE270 C8 37 04          		mv	(bp+scry),(bp+cury)
0BE273 04 B6 E8          		call	putlin2
0BE276 08 06             	l1:	mv	a,r_vx+r_adj
0BE278 06                		ret
0BE279                   		endl
0BE279                   	clnend:	local
0BE279                   	;	crで切られた行末へ
0BE279                   	;;	CLRFND
0BE279 65 25 40          		test	(bp+mode),m_fnmk
0BE27C 18 03             		jrz	*+5			;	次の行をスキップ
0BE27E 71 25 8F          		and	(bp+mode),$ff-(m_pfmk+m_fnmk+m_rev)
0BE281 85 13             		mv	y,(bp+cptr)
0BE283 90 25             		mv	a,[y++]
0BE285 60 0D             		cmp	a,$0d
0BE287 18 56             		jrz	c_right
0BE289 90 25             	loop:	mv	a,[y++]
0BE28B 60 0D             		cmp	a,$0d
0BE28D 1B 06             		jrnz	loop
0BE28F 7C 05             		dec	y
0BE291 2D                		pushu	y
0BE292 04 E9 EB          		call	addcury
0BE295 3D                		popu	y
0BE296 A5 13             		mv	(bp+cptr),y
0BE298 08 0B             		mv	a,r_calc+r_vx+r_xadj
0BE29A 06                		ret
0BE29B                   		endl
0BE29B                   	linend:	local
0BE29B                   	;	画面上の行末へ
0BE29B 85 13             		mv	y,(bp+cptr)
0BE29D C9 36 03          		mvw	(bp+scrx),(bp+curx)
0BE2A0 04 DB EC          		call	nxtlin
0BE2A3 1C 0C             		jrc	l1
0BE2A5 80 36             		mv	a,(bp+scrx)
0BE2A7 7C 00             		dec	a
0BE2A9 85 13             		mv	y,(bp+cptr)
0BE2AB C8 36 03          		mv	(bp+scrx),(bp+curx)
0BE2AE 04 DE EC          		call	calcwid
0BE2B1 B7 36 03          	l1:	cmp	(bp+scrx),(bp+curx)
0BE2B4 18 29             		jrz	c_right			;	すでに右端に到達しているときは次の行へ
0BE2B6 65 25 20          		test	(bp+mode),m_pfmk
0BE2B9 18 11             		jrz	l2
0BE2BB 84 13             		mv	x,(bp+cptr)
0BE2BD A5 13             		mv	(bp+cptr),y
0BE2BF C0 36 03          		ex	(bp+scrx),(bp+curx)
0BE2C2 04 B4 EA          		call	setblo
0BE2C5 FD 54             		mv	y,x
0BE2C7 04 B6 E8          		call	putlin2
0BE2CA 12 10             		jr	l3
0BE2CC A5 13             	l2:	mv	(bp+cptr),y
0BE2CE C8 03 36          		mv	(bp+curx),(bp+scrx)
0BE2D1 65 25 40          		test	(bp+mode),m_fnmk
0BE2D4 18 06             		jrz	l3
0BE2D6                   	;;	CLRFND2
0BE2D6 71 25 8F          		and	(bp+mode),$ff-(m_pfmk+m_fnmk+m_rev)
0BE2D9 08 0A             		mv	a,r_vx+r_xadj
0BE2DB 06                		ret
0BE2DC 08 06             	l3:	mv	a,r_vx+r_adj
0BE2DE 06                		ret
0BE2DF                   		endl
0BE2DF                   	c_right:local
0BE2DF 65 25 40          		test	(bp+mode),m_fnmk
0BE2E2 18 06             		jrz	l0
0BE2E4                   	;;	CLRFND2
0BE2E4 71 25 8F          		and	(bp+mode),$ff-(m_pfmk+m_fnmk+m_rev)
0BE2E7 04 E7 E7          		call	putall
0BE2EA C9 36 03          	l0:	mvw	(bp+scrx),(bp+curx)
0BE2ED 85 13             		mv	y,(bp+cptr)
0BE2EF 90 05             		mv	a,[y]
0BE2F1 60 0D             		cmp	a,$0d
0BE2F3 1A 1C             		jrnz	l2
0BE2F5 04 65 E8          		call	gonext
0BE2F8 1E 4C             		jrnc	l1
0BE2FA 65 25 60          		test	(bp+mode),m_pfmk+m_fnmk
0BE2FD 18 0E             		jrz	l6
0BE2FF FD 45             		mv	x,y
0BE301 85 13             		mv	y,(bp+cptr)
0BE303 A4 13             		mv	(bp+cptr),x
0BE305 04 B0 EA          		call	setblo2
0BE308 04 B6 E8          		call	putlin2
0BE30B 12 33             		jr	l3
0BE30D A5 13             	l6:	mv	(bp+cptr),y
0BE30F 12 2F             		jr	l3
0BE311 04 2C ED          	l2:	call	chrwid
0BE314 65 25 60          		test	(bp+mode),m_pfmk+m_fnmk
0BE317 18 12             		jrz	l4
0BE319 28                		pushu	a
0BE31A FD 45             		mv	x,y
0BE31C 45 41             		add	x,il
0BE31E A4 13             		mv	(bp+cptr),x
0BE320 04 B0 EA          		call	setblo2
0BE323 04 B6 E8          		call	putlin2
0BE326 38                		popu	a
0BE327 85 13             		mv	y,(bp+cptr)
0BE329 12 04             		jr	l5
0BE32B 45 51             	l4:	add	y,il
0BE32D A5 13             		mv	(bp+cptr),y
0BE32F 43 03             	l5:	add	(bp+curx),a
0BE331 1C 0D             		jrc	l3
0BE333 90 05             		mv	a,[y]
0BE335 04 5D F1          		call	isjis1
0BE338 80 00             		mv	a,(bp+dvwid)
0BE33A 58 00             		sbc	a,0
0BE33C 63 03             		cmp	(bp+curx),a
0BE33E 1C 06             		jrc	l1
0BE340 C8 03 26          	l3:	mv	(bp+curx),(bp+margin)	;	次の行へ
0BE343 04 79 E8          		call	down
0BE346 08 06             	l1:	mv	a,r_vx+r_adj
0BE348 06                		ret
0BE349                   		endl
0BE349                   	c_down:	local
0BE349 65 25 40          		test	(bp+mode),m_fnmk
0BE34C 18 06             		jrz	l0
0BE34E                   	;;	CLRFND2
0BE34E 71 25 8F          		and	(bp+mode),$ff-(m_pfmk+m_fnmk+m_rev)
0BE351 04 E7 E7          		call	putall
0BE354 85 13             	l0:	mv	y,(bp+cptr)
0BE356 C8 36 03          		mv	(bp+scrx),(bp+curx)
0BE359 04 DB EC          		call	nxtlin
0BE35C 1E 05             		jrnc	l4
0BE35E 04 65 E8          		call	gonext
0BE361 1E 2D             		jrnc	l2
0BE363 65 25 60          	l4:	test	(bp+mode),m_pfmk+m_fnmk
0BE366 18 20             		jrz	l1
0BE368 EA 36 13          		mvp	[--u],(bp+cptr)
0BE36B E9 36 03          		mvw	[--u],(bp+curx)
0BE36E 04 BF EC          		call	setcurx
0BE371 04 B4 EA          		call	setblo
0BE374 E1 26 36          		mvw	(bp+scrx),[u++]
0BE377 3D                		popu	y
0BE378 04 B6 E8          		call	putlin2
0BE37B 04 79 E8          		call	down
0BE37E 1E 10             		jrnc	l2
0BE380 C8 37 04          		mv	(bp+scry),(bp+cury)
0BE383 04 CA E8          		call	putline
0BE386 12 08             		jr	l2
0BE388 2D                	l1:	pushu	y
0BE389 04 BF EC          		call	setcurx
0BE38C 3D                		popu	y
0BE38D 04 79 E8          		call	down
0BE390 08 04             	l2:	mv	a,r_adj
0BE392 06                		ret
0BE393                   		endl
0BE393                   	c_up:	local
0BE393 65 25 40          		test	(bp+mode),m_fnmk
0BE396 18 06             		jrz	l0
0BE398                   	;;	CLRFND2
0BE398 71 25 8F          		and	(bp+mode),$ff-(m_pfmk+m_fnmk+m_rev)
0BE39B 04 E7 E7          		call	putall
0BE39E 85 16             	l0:	mv	y,(bp+ltptr)
0BE3A0 D7 05 07          		cmpp	(bp+filtop),y
0BE3A3 1E 3B             		jrnc	l1
0BE3A5 65 25 60          		test	(bp+mode),m_pfmk+m_fnmk
0BE3A8 18 0D             		jrz	l2
0BE3AA 2D                		pushu	y
0BE3AB FD 45             		mv	x,y
0BE3AD 04 B0 EA          		call	setblo2
0BE3B0 C8 37 04          		mv	(bp+scry),(bp+cury)
0BE3B3 04 CA E8          		call	putline
0BE3B6 3D                		popu	y
0BE3B7 90 C5 01          	l2:	mv	a,[y-1]
0BE3BA 60 0D             		cmp	a,$0d
0BE3BC 1A 0B             		jrnz	l3
0BE3BE 49 1F 01          		sub	(bp+lineno),1
0BE3C1 59 20 00          		sbc	(bp+lineno+1),0
0BE3C4 04 65 ED          		call	gapback
0BE3C7 85 16             		mv	y,(bp+ltptr)
0BE3C9 04 73 EC          	l3:	call	bfrlin
0BE3CC 04 9A E8          		call	up
0BE3CF 04 BF EC          		call	setcurx
0BE3D2 65 25 60          		test	(bp+mode),m_pfmk+m_fnmk
0BE3D5 18 09             		jrz	l1
0BE3D7 04 B4 EA          		call	setblo
0BE3DA C8 37 04          		mv	(bp+scry),(bp+cury)
0BE3DD 04 B6 E8          		call	putlin2
0BE3E0 08 04             	l1:	mv	a,r_adj
0BE3E2 06                		ret
0BE3E3                   		endl
0BE3E3                   	pgdown:	local
0BE3E3 85 16             		mv	y,(bp+ltptr)
0BE3E5 C8 37 34          		mv	(bp+scry),(bp+dhei)	;	scryはカウンタとして使う
0BE3E8 C8 36 26          	loop:	mv	(bp+scrx),(bp+margin)
0BE3EB 04 DB EC          		call	nxtlin
0BE3EE 1E 05             		jrnc	l1
0BE3F0 04 65 E8          		call	gonext
0BE3F3 1E 06             		jrnc	l2
0BE3F5 A5 16             	l1:	mv	(bp+ltptr),y
0BE3F7 7D 37             		dec	(bp+scry)
0BE3F9 1B 13             		jrnz	loop
0BE3FB 12 25             	l2:	jr	!pgup!l2
0BE3FD                   		endl
0BE3FD                   	pgup:	local
0BE3FD 85 16             		mv	y,(bp+ltptr)
0BE3FF C8 37 34          		mv	(bp+scry),(bp+dhei)
0BE402 D7 05 07          	loop:	cmpp	(bp+filtop),y
0BE405 1E 16             		jrnc	l1
0BE407 90 C5 01          		mv	a,[y-1]
0BE40A 60 0D             		cmp	a,$0d
0BE40C 1A 06             		jrnz	l3
0BE40E 49 1F 01          		sub	(bp+lineno),1
0BE411 59 20 00          		sbc	(bp+lineno+1),0
0BE414 04 73 EC          	l3:	call	bfrlin
0BE417 A5 16             		mv	(bp+ltptr),y
0BE419 7D 37             		dec	(bp+scry)
0BE41B 1B 1B             		jrnz	loop
0BE41D 85 16             	l1:	mv	y,(bp+ltptr)
0BE41F 04 5F ED          		call	gapbac2
0BE422 85 16             	l2:	mv	y,(bp+ltptr)
0BE424 04 BF EC          		call	setcurx
0BE427                   	;;	CLRFND
0BE427 65 25 40          		test	(bp+mode),m_fnmk
0BE42A 18 03             		jrz	*+5			;	次の行をスキップ
0BE42C 71 25 8F          		and	(bp+mode),$ff-(m_pfmk+m_fnmk+m_rev)
0BE42F 08 10             		mv	a,r_all
0BE431 06                		ret
0BE432                   		endl
0BE432                   	alltop:
0BE432                   	;;	CLRFND
0BE432 65 25 40          		test	(bp+mode),m_fnmk
0BE435 18 03             		jrz	*+5			;	次の行をスキップ
0BE437 71 25 8F          		and	(bp+mode),$ff-(m_pfmk+m_fnmk+m_rev)
0BE43A CD 1F 01 00       		mvw	(bp+lineno),1
0BE43E 85 07             		mv	y,(bp+filtop)
0BE440 A5 13             		mv	(bp+cptr),y
0BE442 A5 16             		mv	(bp+ltptr),y
0BE444 04 5F ED          		call	gapbac2
0BE447 C9 03 26          		mvw	(bp+curx),(bp+margin)
0BE44A 08 0A             		mv	a,r_vx+r_xadj
0BE44C 06                		ret
0BE44D                   	allend:	local
0BE44D                   	;;	CLRFND
0BE44D 65 25 40          		test	(bp+mode),m_fnmk
0BE450 18 03             		jrz	*+5			;	次の行をスキップ
0BE452 71 25 8F          		and	(bp+mode),$ff-(m_pfmk+m_fnmk+m_rev)
0BE455 C9 1F 21          		mvw	(bp+lineno),(bp+maxlin)
0BE458 84 0A             		mv	x,(bp+filend)
0BE45A 85 10             		mv	y,(bp+gapend)
0BE45C 04 B6 ED          		call	gapfwd3
0BE45F 85 0D             		mv	y,(bp+gaptop)
0BE461 7C 05             		dec	y
0BE463 A5 13             		mv	(bp+cptr),y
0BE465 04 75 EC          		call	srchlt
0BE468 A5 16             		mv	(bp+ltptr),y
0BE46A A0 03             		mv	(bp+curx),a
0BE46C 80 34             		mv	a,(bp+dhei)
0BE46E 7C 00             		dec	a
0BE470 A0 04             		mv	(bp+cury),a
0BE472 08 0A             		mv	a,r_vx+r_xadj
0BE474 06                		ret
0BE475                   		endl
0BE475                   	goline:
0BE475                   	;	指定した行番号へジャンプする
0BE475 09 55             		mv	il,line_m-ms
0BE477 04 A8 D1          		call	inputn
0BE47A 1C 1E             		jrc	golini!l1
0BE47C                   	;;	CLRFND
0BE47C 65 25 40          		test	(bp+mode),m_fnmk
0BE47F 18 03             		jrz	*+5			;	次の行をスキップ
0BE481 71 25 8F          		and	(bp+mode),$ff-(m_pfmk+m_fnmk+m_rev)
0BE484                   	golini:	local
0BE484 D6 03 21          		cmpw	(bp+maxlin),i
0BE487 1E 04             		jrnc	l2
0BE489 83 21             		mv	i,(bp+maxlin)
0BE48B 12 08             		jr	l3
0BE48D 6C 03             	l2:	inc	i
0BE48F 7C 03             		dec	i
0BE491 1A 02             		jrnz	l3
0BE493 6C 03             		inc	i
0BE495 D6 03 1F          	l3:	cmpw	(bp+lineno),i
0BE498 1A 03             		jrnz	l7
0BE49A 08 10             	l1:	mv	a,r_all
0BE49C 06                		ret
0BE49D 1C 1E             	l7:	jrc	l4
0BE49F                   	;	現在の行より前に移動する
0BE49F 85 13             		mv	y,(bp+cptr)
0BE4A1 12 08             		jr	l6
0BE4A3 7C 05             	loop1:	dec	y
0BE4A5 49 1F 01          		sub	(bp+lineno),1
0BE4A8 59 20 00          		sbc	(bp+lineno+1),0
0BE4AB 04 56 ED          	l6:	call	bfrcr2
0BE4AE D6 03 1F          		cmpw	(bp+lineno),i
0BE4B1 1B 10             		jrnz	loop1
0BE4B3 04 CC EB          		call	sbcury2
0BE4B6 A5 13             		mv	(bp+cptr),y
0BE4B8 04 5F ED          		call	gapbac2
0BE4BB 12 18             		jr	l5
0BE4BD                   	l4:
0BE4BD                   	;	現在の行よりあとに移動する
0BE4BD A3 58             		mv	(bp+fline),i
0BE4BF CA 13 0D          	loop2:	mvp	(bp+cptr),(bp+gaptop)
0BE4C2 04 AC ED          		call	gapfwd
0BE4C5 41 1F 01          		add	(bp+lineno),1
0BE4C8 51 20 00          		adc	(bp+lineno+1),0
0BE4CB C6 1F 58          		cmpw	(bp+lineno),(bp+fline)
0BE4CE 1B 11             		jrnz	loop2
0BE4D0 85 13             		mv	y,(bp+cptr)
0BE4D2 04 E9 EB          		call	addcury
0BE4D5 08 0B             	l5:	mv	a,r_calc+r_vx+r_xadj
0BE4D7 06                		ret
0BE4D8                   		endl
0BE4D8                   	swapmk:	local
0BE4D8                   	;	カーソル⇔ブロック指定開始位置
0BE4D8 65 25 60          		test	(bp+mode),m_pfmk+m_fnmk
0BE4DB 08 00             		mv	a,0
0BE4DD 18 2C             		jrz	l1
0BE4DF C7 13 19          		cmpp	(bp+cptr),(bp+mark)
0BE4E2 18 27             		jrz	l1
0BE4E4 1E 0D             		jrnc	l2
0BE4E6                   	;	(mark) > (cptr)
0BE4E6 04 9A ED          		call	gapfwd4
0BE4E9 85 19             		mv	y,(bp+mark)
0BE4EB 04 E9 EB          		call	addcury
0BE4EE C2 13 19          		exp	(bp+cptr),(bp+mark)
0BE4F1 12 0B             		jr	l4
0BE4F3                   	;	(mark) < (cptr)
0BE4F3 C2 13 19          	l2:	exp	(bp+cptr),(bp+mark)
0BE4F6 85 13             		mv	y,(bp+cptr)
0BE4F8 04 C9 EB          		call	subcury
0BE4FB 04 5F ED          		call	gapbac2
0BE4FE C1 1F 23          	l4:	exw	(bp+lineno),(bp+mrklin)
0BE501 08 0B             		mv	a,r_calc+r_vx+r_xadj
0BE503 65 25 20          		test	(bp+mode),m_pfmk
0BE506 18 03             		jrz	l1
0BE508 71 25 BF          		and	(bp+mode),$ff-m_fnmk
0BE50B 06                	l1:	ret
0BE50C                   		endl
0BE50C                   	case:	local
0BE50C 85 13             		mv	y,(bp+cptr)
0BE50E                   	;	スペースを読み飛ばす
0BE50E 90 35             	loop1:	mv	a,[--y]
0BE510 60 20             		cmp	a,' '
0BE512 19 06             		jrz	loop1
0BE514 60 09             		cmp	a,$09
0BE516 19 0A             		jrz	loop1
0BE518 2D                		pushu	y
0BE519                   	;	単語の先頭を探す（単語：英数字と"_"、"'"、"-"、"/"、"."で構成される文字列）
0BE519 04 0E F4          	loop2:	call	isalph
0BE51C 1E 19             		jrnc	l3
0BE51E 04 FD F3          		call	isnum
0BE521 1E 14             		jrnc	l3
0BE523 60 5F             		cmp	a,'_'
0BE525 18 10             		jrz	l3
0BE527 60 27             		cmp	a,$27			;	シングルクォート(''''でもOKだが)
0BE529 18 0C             		jrz	l3
0BE52B 60 2D             		cmp	a,'-'
0BE52D 18 08             		jrz	l3
0BE52F 60 2F             		cmp	a,'/'
0BE531 18 04             		jrz	l3
0BE533 60 2E             		cmp	a,'.'
0BE535 1A 04             		jrnz	loop2e
0BE537 90 35             	l3:	mv	a,[--y]
0BE539 13 22             		jr	loop2
0BE53B 6C 05             	loop2e:	inc	y
0BE53D 04 3B F1          		call	isjis2
0BE540 18 02             		jrz	l1
0BE542 6C 05             		inc	y
0BE544 3C                	l1:	popu	x
0BE545 6C 04             		inc	x
0BE547 4D 45             		sub	x,y
0BE549 18 17             		jrz	loop3e
0BE54B 1C 15             		jrc	loop3e
0BE54D 79 25 02          		or	(bp+mode),m_mdf
0BE550 CC 27 00          		mv	(bp+u_flag),0		;	undo不可
0BE553                   	;	大文字と小文字を入れ替える
0BE553 90 05             	loop3:	mv	a,[y]
0BE555 04 0E F4          		call	isalph
0BE558 1C 02             		jrc	l2
0BE55A 68 20             		xor	a,$20			;	大文字⇔小文字
0BE55C B0 25             	l2:	mv	[y++],a
0BE55E 7C 04             		dec	x
0BE560 1B 0F             		jrnz	loop3
0BE562                   	loop3e:
0BE562 08 08             		mv	a,r_xadj
0BE564 06                		ret
0BE565                   		endl
0BE565 69 45 01          	chgind:	xor	(bp+smode),s_ind
0BE568 12 03             		jr	putsym
0BE56A                   	;	ret
0BE56A 69 45 02          	chgpf:	xor	(bp+smode),s_pf
0BE56D                   	;	call	putsym
0BE56D                   	;	ret
0BE56D                   	putsym:	local
0BE56D                   	;	シンボル点／消灯
0BE56D 80 45             		mv	a,(bp+smode)
0BE56F 30 7D EC          		dec	($ec)
0BE572 70 03             		and	a,3
0BE574 D0 00 9A FC 0B    		mv	(bp+0),[sym]
0BE579 71 00 FC          		and	(bp+0),$fc
0BE57C 7F 00             		or	a,(bp+0)
0BE57E 30 6D EC          		inc	($ec)
0BE581 CC 84 03          		mv	(bp+bx-base),3
0BE584 09 46             		mv	il,$46
0BE586 04 63 F5          		call	lcdd
0BE589 08 00             		mv	a,0
0BE58B 06                		ret
0BE58C                   		endl
0BE58C                   	displn:	local
0BE58C                   	;	現在の行番号/最終行番号/X座標/メモリ容量/属性を左上に表示する
0BE58C 7A A1 FC 0B 40    		or	[rev],$40
0BE591 CD 84 00 00       		mvw	(bp+bx-base),0
0BE595                   	;	現在の行番号
0BE595 83 1F             		mv	i,(bp+lineno)
0BE597 04 3F F4          		call	puti
0BE59A                   	;	最終行番号
0BE59A 08 2F             		mv	a,'/'
0BE59C 04 53 F5          		call	putc
0BE59F 83 21             		mv	i,(bp+maxlin)
0BE5A1 04 3F F4          		call	puti
0BE5A4                   	;	X座標
0BE5A4 09 19             		mv	il,h_m-ms
0BE5A6 04 57 F5          		call	putm
0BE5A9 81 03             		mv	il,(bp+curx)
0BE5AB 04 3F F4          		call	puti
0BE5AE 04 54 ED          		call	bfrcr
0BE5B1 84 13             		mv	x,(bp+cptr)
0BE5B3 E8 36 00          		mv	[--u],(bp+dvwid)
0BE5B6 CC 00 FF          		mv	(bp+dvwid),255
0BE5B9 04 06 ED          		call	calccur
0BE5BC E0 26 00          		mv	(bp+dvwid),[u++]
0BE5BF 1C 0F             		jrc	l2
0BE5C1 B7 36 03          		cmp	(bp+scrx),(bp+curx)
0BE5C4 18 0A             		jrz	l2
0BE5C6 08 2F             		mv	a,'/'
0BE5C8 04 53 F5          		call	putc
0BE5CB 81 36             		mv	il,(bp+scrx)
0BE5CD 04 3F F4          		call	puti
0BE5D0                   	;	残りメモリ容量
0BE5D0 84 10             	l2:	mv	x,(bp+gapend)
0BE5D2 85 0D             		mv	y,(bp+gaptop)
0BE5D4 4D 45             		sub	x,y
0BE5D6 A4 8D             		mv	(bp+di-base),x
0BE5D8 04 44 F4          		call	putdi
0BE5DB 08 42             		mv	a,'B'
0BE5DD 04 53 F5          		call	putc
0BE5E0                   	;	属性
0BE5E0 04 51 F5          		call	putspc
0BE5E3 08 2A             		mv	a,'*'
0BE5E5 65 25 02          		test	(bp+mode),m_mdf
0BE5E8 04 4B F5          		call	putst
0BE5EB 08 43             		mv	a,'C'
0BE5ED 65 25 08          		test	(bp+mode),m_cre
0BE5F0 04 4B F5          		call	putst
0BE5F3 08 55             		mv	a,'U'
0BE5F5 61 27 00          		cmp	(bp+u_flag),0
0BE5F8 04 4B F5          		call	putst
0BE5FB 72 A1 FC 0B BF    		and	[rev],$bf
0BE600 09 41             	loop2:	mv	il,$41
0BE602 04 F0 F4          		call	keyd
0BE605 64 80             		test	a,$80
0BE607 19 09             		jrz	loop2			;	キーが押された場合ループ
0BE609 04 E8 F4          		call	kclr
0BE60C 08 08             		mv	a,r_xadj
0BE60E 06                		ret
0BE60F                   		endl
0BE60F                   	save:
0BE60F 0C 82 F9 0B       		mv	x,fname
0BE613 90 04             		mv	a,[x]
0BE615 60 00             		cmp	a,0
0BE617 1A 06             		jrnz	save2
0BE619 04 AE D4          		call	rename			;	ファイル名を設定していないとき
0BE61C 08 10             		mv	a,r_all
0BE61E 06                		ret
0BE61F                   	save2:	local
0BE61F 2C                		pushu	x
0BE620 CA 2A 07          		mvp	(bp+block1),(bp+filtop)
0BE623 85 0A             		mv	y,(bp+filend)
0BE625 D7 05 10          		cmpp	(bp+gapend),y
0BE628 1A 02             		jrnz	l2
0BE62A 85 0D             		mv	y,(bp+gaptop)
0BE62C 7C 05             	l2:	dec	y			;	最後の$0dはSaveしない
0BE62E A5 2D             		mv	(bp+block2),y
0BE630 04 0F EE          		call	save_b
0BE633 1C 12             		jrc	l1
0BE635 71 25 FD          		and	(bp+mode),$ff-m_mdf
0BE638 09 2B             		mv	il,c_lfil+$22
0BE63A 04 E3 F1          		call	getcfg
0BE63D 94 06             		mv	x,[u]
0BE63F 09 12             		mv	il,18
0BE641 04 C8 F3          		call	xtoy
0BE644 E9 05 1F          		mvw	[y],(bp+lineno)
0BE647 3C                	l1:	popu	x
0BE648 08 10             		mv	a,r_all
0BE64A 06                		ret
0BE64B                   		endl
0BE64B                   	kalku:	local
0BE64B                   	;	Kalku（(c)Ｍasa氏）に選択文字列を渡して起動
0BE64B 04 B4 EA          		call	setblo
0BE64E 08 00             		mv	a,0
0BE650 65 25 10          		test	(bp+mode),m_rev
0BE653 18 25             		jrz	l2
0BE655 85 2A             		mv	y,(bp+block1)
0BE657 84 2D             		mv	x,(bp+block2)
0BE659 4D 45             		sub	x,y
0BE65B 2C                		pushu	x
0BE65C 04 16 EB          		call	chkcr
0BE65F 3C                		popu	x
0BE660 0A 00 01          		mv	ba,$100
0BE663 1E 26             		jrnc	l1
0BE665 4D 42             		sub	x,ba
0BE667 1E 22             		jrnc	l1
0BE669 FD 04             		mv	a,x
0BE66B C7 13 19          		cmpp	(bp+cptr),(bp+mark)
0BE66E 1E 07             		jrnc	l4
0BE670 28                		pushu	a
0BE671 85 19             		mv	y,(bp+mark)
0BE673 04 E9 EB          		call	addcury
0BE676 38                		popu	a
0BE677 CA 13 2D          	l4:	mvp	(bp+cptr),(bp+block2)
0BE67A 84 2A             	l2:	mv	x,(bp+block1)
0BE67C 09 60             		mv	il,$60
0BE67E 04 F0 F4          		call	keyd
0BE681 04 22 F4          		call	iskey
0BE684 1E 03             		jrnc	l5
0BE686 71 25 8F          		and	(bp+mode),$ff-(m_pfmk+m_fnmk+m_rev)
0BE689 08 0B             	l5:	mv	a,r_calc+r_vx+r_xadj
0BE68B 06                	l1:	ret
0BE68C                   		endl
0BE68C                   	settab:
0BE68C 09 6F             		mv	il,tab_m-ms
0BE68E 6A 29 E7 0B 03    		xor	[inpwid!ptch+1],3
0BE693 04 1E E7          		call	inpwid
0BE696 6A 29 E7 0B 03    		xor	[inpwid!ptch+1],3
0BE69B 1C 32             		jrc	setwid!l1
0BE69D A0 29             		mv	(bp+tabwid),a
0BE69F 62 82 F9 0B 00    		cmp	[fname],0
0BE6A4 1A 5D             		jrnz	ltend
0BE6A6 28                		pushu	a
0BE6A7 09 26             		mv	il,c_twid+$22
0BE6A9 04 E3 F1          		call	getcfg
0BE6AC 38                		popu	a
0BE6AD B0 05             		mv	[y],a
0BE6AF 12 52             		jr	ltend
0BE6B1                   	setwid:	local
0BE6B1 09 69             		mv	il,wid_m-ms
0BE6B3 04 1E E7          		call	inpwid
0BE6B6 1C 17             		jrc	l1
0BE6B8 A0 00             		mv	(bp+dvwid),a
0BE6BA C8 28 33          		mv	(bp+subwid),(bp+dwid)
0BE6BD 62 82 F9 0B 00    		cmp	[fname],0
0BE6C2 1A 36             		jrnz	chgwid2
0BE6C4 28                		pushu	a
0BE6C5 09 25             		mv	il,c_swid+$22
0BE6C7 04 E3 F1          		call	getcfg
0BE6CA 38                		popu	a
0BE6CB B0 05             		mv	[y],a
0BE6CD 12 2B             		jr	chgwid2
0BE6CF 08 10             	l1:	mv	a,r_all
0BE6D1 06                		ret
0BE6D2                   		endl
0BE6D2                   	chgcol:	local
0BE6D2 B7 33 00          		cmp	(bp+dwid),(bp+dvwid)
0BE6D5 1A 03             		jrnz	l1
0BE6D7 C0 00 28          		ex	(bp+dvwid),(bp+subwid)
0BE6DA 0C 4D F7 0B       	l1:	mv	x,ini60
0BE6DE 08 36             		mv	a,'6'
0BE6E0 61 33 3C          		cmp	(bp+dwid),60
0BE6E3 1A 02             		jrnz	l2
0BE6E5 08 34             		mv	a,'4'
0BE6E7 B0 84 01          	l2:	mv	[x+1],a
0BE6EA 09 3F             		mv	il,$3f
0BE6EC 04 63 F5          		call	lcdd
0BE6EF D0 33 9D FC 0B    		mv	(bp+dwid),[$bfc9d]
0BE6F4 C8 28 33          		mv	(bp+subwid),(bp+dwid)
0BE6F7                   		endl
0BE6F7                   	chgwid:
0BE6F7 C0 00 28          		ex	(bp+dvwid),(bp+subwid)
0BE6FA                   	chgwid2:
0BE6FA 80 00             		mv	a,(bp+dvwid)
0BE6FC 4A 33             		sub	a,(bp+dwid)
0BE6FE A0 01             		mv	(bp+scmax),a
0BE700 CC 02 00          		mv	(bp+scwid),0
0BE703 04 6B EC          	ltend:	call	setlt
0BE706 08 0B             		mv	a,r_calc+r_vx+r_xadj
0BE708 06                		ret
0BE709                   	setwwid:local
0BE709 09 73             		mv	il,wrp_m-ms
0BE70B 04 1E E7          		call	inpwid
0BE70E 1C 0B             		jrc	l1
0BE710 A0 5A             		mv	(bp+wrpwid),a
0BE712 0B 27 00          		mv	i,c_wwid+$22
0BE715 04 E3 F1          		call	getcfg
0BE718 E8 05 5A          		mv	[y],(bp+wrpwid)
0BE71B 08 10             	l1:	mv	a,r_all
0BE71D 06                		ret
0BE71E                   		endl
0BE71E                   	inpwid:	local
0BE71E 04 A8 D1          		call	inputn
0BE721 1C 0F             		jrc	l1
0BE723 04 D6 F3          		call	i2a
0BE726 1C 04             		jrc	l2
0BE728 60 02             	ptch:	cmp	a,2
0BE72A 1E 06             		jrnc	l1
0BE72C 09 8D             	l2:	mv	il,num_e-ms
0BE72E 04 7A F4          		call	alert
0BE731 97                		sc
0BE732 06                	l1:	ret
0BE733                   		endl
0BE733 69 06 02          	chgins:	xor	(bp+ins),2
0BE736 08 00             		mv	a,0
0BE738 06                		ret
0BE739                   	chgorg:
0BE739 69 25 0C          		xor	(bp+mode),m_cre+m_tab
0BE73C 08 10             		mv	a,r_all
0BE73E 06                		ret
0BE73F                   	addbfr:	local
0BE73F                   	;	現在位置の文字を前の行に追加する必要があるかか調べ、
0BE73F                   	;	必要なときは前の行に追加する
0BE73F                   	;	c=0：追加した
0BE73F 85 13             		mv	y,(bp+cptr)
0BE741 B7 03 26          		cmp	(bp+curx),(bp+margin)
0BE744 1A 3D             		jrnz	l3
0BE746 D7 05 07          		cmpp	(bp+filtop),y
0BE749 18 38             		jrz	l3
0BE74B 90 05             		mv	a,[y]
0BE74D 60 0D             		cmp	a,$0d
0BE74F 1A 0A             		jrnz	l1
0BE751 04 75 EC          		call	srchlt
0BE754 D7 05 13          		cmpp	(bp+cptr),y
0BE757 18 2A             		jrz	l3
0BE759 12 16             		jr	l2
0BE75B 04 73 EC          	l1:	call	bfrlin
0BE75E 2D                		pushu	y
0BE75F C8 36 26          		mv	(bp+scrx),(bp+margin)
0BE762 04 DB EC          		call	nxtlin
0BE765 3C                		popu	x
0BE766 1C 1B             		jrc	l3
0BE768 D7 05 13          		cmpp	(bp+cptr),y
0BE76B 1E 16             		jrnc	l3
0BE76D FD 54             		mv	y,x
0BE76F 7D 36             		dec	(bp+scrx)
0BE771 C8 03 36          	l2:	mv	(bp+curx),(bp+scrx)
0BE774 04 9A E8          		call	up
0BE777 1C 08             		jrc	l4
0BE779 C8 37 04          		mv	(bp+scry),(bp+cury)
0BE77C 85 13             		mv	y,(bp+cptr)
0BE77E 04 B6 E8          		call	putlin2
0BE781 9F                	l4:	rc
0BE782 06                		ret
0BE783 97                	l3:	sc
0BE784 06                		ret
0BE785                   		endl
0BE785                   	dispadj:
0BE785                   	;	カーソルが画面に収まらない場合画面を書き換える
0BE785 04 96 E7          		call	xadj
0BE788 1A 5D             		jrnz	putall
0BE78A 06                		ret
0BE78B                   	xrecalc:
0BE78B                   	;	現在位置からx座標を再計算する
0BE78B 85 16             		mv	y,(bp+ltptr)
0BE78D 84 13             		mv	x,(bp+cptr)
0BE78F 04 06 ED          		call	calccur
0BE792 C8 03 36          		mv	(bp+curx),(bp+scrx)
0BE795 06                		ret
0BE796                   	xadj:	local
0BE796                   	;	現在のカーソル位置が画面内に収まるように(scwid)を調節する
0BE796                   	;	z=0(nz):調節した
0BE796 09 01             		mv	il,1
0BE798 B7 33 00          		cmp	(bp+dwid),(bp+dvwid)	;	実際の画面幅より1行の幅が狭いとき
0BE79B 1E 47             		jrnc	l1
0BE79D 80 26             		mv	a,(bp+margin)
0BE79F 40 05             		add	a,sclmgn+1
0BE7A1 63 03             		cmp	(bp+curx),a
0BE7A3 1E 08             		jrnc	l5
0BE7A5 61 02 00          		cmp	(bp+scwid),0
0BE7A8 CC 02 00          		mv	(bp+scwid),0
0BE7AB 12 39             		jr	l4
0BE7AD 80 00             	l5:	mv	a,(bp+dvwid)
0BE7AF 48 0E             		sub	a,scrmgn
0BE7B1 63 03             		cmp	(bp+curx),a
0BE7B3 1C 08             		jrc	l3
0BE7B5 B7 02 01          		cmp	(bp+scwid),(bp+scmax)
0BE7B8 C8 02 01          		mv	(bp+scwid),(bp+scmax)
0BE7BB 12 29             		jr	l4
0BE7BD 80 02             	l3:	mv	a,(bp+scwid)
0BE7BF 42 26             		add	a,(bp+margin)
0BE7C1 40 04             		add	a,sclmgn
0BE7C3 4A 03             		sub	a,(bp+curx)
0BE7C5 1C 08             		jrc	l2
0BE7C7 18 1D             		jrz	l4
0BE7C9 4B 02             		sub	(bp+scwid),a
0BE7CB 09 00             		mv	il,0
0BE7CD 12 15             		jr	l1
0BE7CF 80 02             	l2:	mv	a,(bp+scwid)
0BE7D1 42 33             		add	a,(bp+dwid)
0BE7D3 48 0E             		sub	a,scrmgn		;	a=(dwid)+(scwid)-scrmgn
0BE7D5 C8 36 03          		mv	(bp+scrx),(bp+curx)
0BE7D8 4B 36             		sub	(bp+scrx),a
0BE7DA 1C 08             		jrc	l1
0BE7DC 18 08             		jrz	l4
0BE7DE 80 36             		mv	a,(bp+scrx)
0BE7E0 43 02             		add	(bp+scwid),a
0BE7E2 09 00             		mv	il,0
0BE7E4 7C 01             	l1:	dec	il
0BE7E6 06                	l4:	ret
0BE7E7                   		endl
0BE7E7                   	putall:	local
0BE7E7                   	;	現在のカーソル位置を(curx)(cury)に示した位置にして表示する
0BE7E7                   	;	指定位置に表示できない場合はY座標を調整する
0BE7E7 85 16             		mv	y,(bp+ltptr)
0BE7E9 C8 37 04          		mv	(bp+scry),(bp+cury)
0BE7EC D7 05 07          	loop:	cmpp	(bp+filtop),y
0BE7EF 1C 06             		jrc	l1
0BE7F1 80 37             		mv	a,(bp+scry)
0BE7F3 4B 04             		sub	(bp+cury),a
0BE7F5 12 0A             		jr	loope
0BE7F7 49 37 01          	l1:	sub	(bp+scry),1
0BE7FA 1C 05             		jrc	loope
0BE7FC 04 73 EC          		call	bfrlin
0BE7FF 13 15             		jr	loop
0BE801 CC 37 00          	loope:	mv	(bp+scry),0
0BE804 04 B4 EA          		call	setblo
0BE807 04 CA E8          	loop2:	call	putline
0BE80A D7 05 0A          		cmpp	(bp+filend),y
0BE80D 18 07             		jrz	loop2e
0BE80F 6D 37             	pn:	inc	(bp+scry)
0BE811 B7 37 34          		cmp	(bp+scry),(bp+dhei)
0BE814 1B 0F             		jrnz	loop2
0BE816 72 A1 FC 0B BF    	loop2e:	and	[rev],$bf
0BE81B 06                		ret
0BE81C                   		endl
0BE81C                   	putcur:	local
0BE81C                   	;	カーソル位置から必要なだけ表示する
0BE81C                   	;	カーソル位置に表示できないときは次の行に移動させる
0BE81C 85 13             		mv	y,(bp+cptr)
0BE81E C9 36 03          		mvw	(bp+scrx),(bp+curx)
0BE821 90 05             		mv	a,[y]
0BE823 04 2C ED          		call	chrwid
0BE826 42 36             		add	a,(bp+scrx)
0BE828 1C 04             		jrc	l2
0BE82A 63 00             		cmp	(bp+dvwid),a
0BE82C 1E 10             		jrnc	l5
0BE82E 04 B6 E8          	l2:	call	putlin2
0BE831 C8 03 26          		mv	(bp+curx),(bp+margin)
0BE834 85 13             		mv	y,(bp+cptr)
0BE836 04 79 E8          		call	down
0BE839 1E 29             		jrnc	l1
0BE83B C9 36 03          		mvw	(bp+scrx),(bp+curx)
0BE83E 04 B6 E8          	l5:	call	putlin2
0BE841 FD 45             		mv	x,y
0BE843 04 9D EC          		call	findcr
0BE846 FD 54             		mv	y,x
0BE848 18 06             		jrz	l7
0BE84A 80 34             		mv	a,(bp+dhei)
0BE84C 7C 00             		dec	a
0BE84E A0 38             		mv	(bp+cry),a
0BE850                   	l7:
0BE850 C8 37 04          		mv	(bp+scry),(bp+cury)
0BE853 D7 05 0A          	loop:	cmpp	(bp+filend),y
0BE856 18 0C             		jrz	l1
0BE858 6D 37             		inc	(bp+scry)
0BE85A B7 38 37          		cmp	(bp+cry),(bp+scry)
0BE85D 1C 05             		jrc	l1
0BE85F 04 CA E8          		call	putline
0BE862 13 11             		jr	loop
0BE864 06                	l1:	ret
0BE865                   		endl
0BE865                   	gonext:	local
0BE865                   	;	次の物理行へ移動する処理
0BE865                   	;	c=1：移動できた／c=0：最終行
0BE865 C7 0A 10          		cmpp	(bp+filend),(bp+gapend)
0BE868 18 0E             		jrz	l1
0BE86A 41 1F 01          		add	(bp+lineno),1
0BE86D 51 20 00          		adc	(bp+lineno+1),0
0BE870 6C 05             		inc	y
0BE872 2D                		pushu	y
0BE873 04 AC ED          		call	gapfwd
0BE876 3D                		popu	y
0BE877 97                		sc
0BE878 06                	l1:	ret
0BE879                   		endl
0BE879                   	down:	local
0BE879                   	;	ひとつ下の行に移動する
0BE879                   	;	y->行先頭アドレス
0BE879 6D 04             		inc	(bp+cury)
0BE87B A5 16             		mv	(bp+ltptr),y
0BE87D B7 04 34          		cmp	(bp+cury),(bp+dhei)
0BE880 1C 17             		jrc	l1
0BE882 2D                	l2:	pushu	y
0BE883 08 01             		mv	a,1
0BE885 30 CD D4 00 00    		mvw	(bx),0
0BE88A 09 47             		mv	il,$47
0BE88C 04 63 F5          		call	lcdd
0BE88F 3D                		popu	y
0BE890 7D 04             		dec	(bp+cury)
0BE892 C8 37 04          		mv	(bp+scry),(bp+cury)
0BE895 04 CA E8          		call	putline
0BE898 9F                		rc
0BE899 06                	l1:	ret
0BE89A                   		endl
0BE89A                   	up:	local
0BE89A                   	;	ひとつ上の行に移動する
0BE89A                   	;	y->上の行の先頭
0BE89A A5 16             		mv	(bp+ltptr),y
0BE89C 49 04 01          		sub	(bp+cury),1
0BE89F 1E 14             		jrnc	l2
0BE8A1 08 01             		mv	a,1
0BE8A3 30 CD D4 00 00    		mvw	(bx),0
0BE8A8 09 48             		mv	il,$48
0BE8AA 04 63 F5          		call	lcdd
0BE8AD 6D 04             		inc	(bp+cury)
0BE8AF 04 C5 E8          		call	putlt
0BE8B2 85 16             		mv	y,(bp+ltptr)
0BE8B4 97                		sc
0BE8B5 06                	l2:	ret
0BE8B6                   		endl
0BE8B6                   	putlin2:
0BE8B6 82 36             		mv	ba,(bp+scrx)
0BE8B8 4A 02             		sub	a,(bp+scwid)		;	x座標-scwid
0BE8BA A2 84             		mv	(bp+bx-base),ba
0BE8BC 1E 31             		jrnc	putline!l5
0BE8BE C8 84 26          		mv	(bp+bx-base),(bp+margin);	(bx)が左にはみ出す
0BE8C1 80 02             		mv	a,(bp+scwid)
0BE8C3 12 13             		jr	putline!l9
0BE8C5 C8 37 04          	putlt:	mv	(bp+scry),(bp+cury)
0BE8C8 85 16             		mv	y,(bp+ltptr)
0BE8CA                   	putline:local
0BE8CA                   	;	yレジスタで指定した位置（行頭）から行末まで表示する
0BE8CA                   	;	y->開始位置
0BE8CA                   	;	y<-次の行の先頭位置
0BE8CA C8 36 26          		mv	(bp+scrx),(bp+margin)
0BE8CD C9 84 36          		mvw	(bp+bx-base),(bp+scrx)
0BE8D0 80 02             		mv	a,(bp+scwid)
0BE8D2 60 00             		cmp	a,0
0BE8D4 18 19             		jrz	l5
0BE8D6 42 26             		add	a,(bp+margin)
0BE8D8 04 CD EC          	l9:	call	calcwd2
0BE8DB 2E                		pushu	f
0BE8DC 04 D6 EA          		call	tstrev
0BE8DF 3E                		popu	f
0BE8E0 1C E2             		jrc	crend2
0BE8E2 80 36             		mv	a,(bp+scrx)
0BE8E4 4A 26             		sub	a,(bp+margin)
0BE8E6 4A 02             		sub	a,(bp+scwid)		;	(scrx)が(scwid)+(margin)を越えた幅
0BE8E8 18 05             		jrz	l5
0BE8EA 2D                		pushu	y
0BE8EB 04 8C E9          		call	clrn2
0BE8EE 3D                		popu	y
0BE8EF 04 D6 EA          	l5:	call	tstrev
0BE8F2 FD 45             		mv	x,y
0BE8F4 80 33             		mv	a,(bp+dwid)
0BE8F6 42 02             		add	a,(bp+scwid)
0BE8F8 63 00             		cmp	(bp+dvwid),a
0BE8FA 1E 02             		jrnc	l6
0BE8FC 80 00             		mv	a,(bp+dvwid)
0BE8FE A0 35             	l6:	mv	(bp+dswid),a
0BE900 B7 36 35          		cmp	(bp+scrx),(bp+dswid)
0BE903 1E 76             		jrnc	l8
0BE905                   	loop:
0BE905 65 25 10          		test	(bp+mode),m_rev
0BE908 18 20             		jrz	l1
0BE90A D7 05 2D          		cmpp	(bp+block2),y
0BE90D 1A 0C             		jrnz	l2
0BE90F 04 EB E9          		call	putlsb2
0BE912 1C 67             		jrc	l8
0BE914 72 A1 FC 0B BF    		and	[rev],$bf		;	ブロック領域から外に出た
0BE919 12 0F             		jr	l1
0BE91B D7 05 2A          	l2:	cmpp	(bp+block1),y
0BE91E 1A 0A             		jrnz	l1
0BE920 04 EB E9          		call	putlsb2
0BE923 1C 56             		jrc	l8
0BE925 7A A1 FC 0B 40    		or	[rev],$40		;	ブロック領域に入った
0BE92A 90 05             	l1:	mv	a,[y]
0BE92C 60 0D             		cmp	a,$0d
0BE92E 18 84             		jrz	crend
0BE930 60 09             		cmp	a,$09
0BE932 1A 25             		jrnz	l4
0BE934 04 0A EA          		call	putlsub
0BE937 FD 54             		mv	y,x
0BE939 08 09             		mv	a,$09
0BE93B 04 2C ED          		call	chrwid
0BE93E 45 51             		add	y,il
0BE940 43 36             		add	(bp+scrx),a
0BE942 2D                		pushu	y
0BE943 28                		pushu	a
0BE944 08 00             		mv	a,$00
0BE946 04 03 F5          		call	puttab
0BE949 38                		popu	a
0BE94A 7C 00             		dec	a
0BE94C 04 8C E9          		call	clrn2
0BE94F 3D                		popu	y
0BE950 B7 36 35          		cmp	(bp+scrx),(bp+dswid)
0BE953 1E 26             		jrnc	l8
0BE955 FD 45             		mv	x,y
0BE957 13 54             		jr	loop
0BE959 04 2C ED          	l4:	call	chrwid
0BE95C 43 36             		add	(bp+scrx),a
0BE95E 1C 0B             		jrc	l10
0BE960 45 51             		add	y,il
0BE962 B7 35 36          		cmp	(bp+dswid),(bp+scrx)
0BE965 18 06             		jrz	l3
0BE967 1F 64             		jrnc	loop
0BE969 4D 51             		sub	y,il
0BE96B 4B 36             	l10:	sub	(bp+scrx),a
0BE96D 2E                	l3:	pushu	f
0BE96E 04 0A EA          		call	putlsub
0BE971 3E                		popu	f
0BE972 2C                		pushu	x
0BE973 18 05             		jrz	l11
0BE975 08 03             		mv	a,$03
0BE977 04 0F F5          		call	putof
0BE97A 3D                	l11:	popu	y
0BE97B 80 00             	l8:	mv	a,(bp+dvwid)
0BE97D 63 36             		cmp	(bp+scrx),a
0BE97F 1E 05             		jrnc	l7
0BE981 04 DE EC          		call	calcwid
0BE984 1C 3E             		jrc	crend2
0BE986                   	l7:	;call	delsub
0BE986                   		;ret
0BE986                   	delsub:
0BE986 80 33             		mv	a,(bp+dwid)
0BE988 4A 84             		sub	a,(bp+bx-base)
0BE98A 18 27             		jrz	clrn2!l6
0BE98C                   	;	call	clrn2
0BE98C                   	;	ret
0BE98C                   	clrn2:	local
0BE98C 30 7D EC          		dec	($ec)
0BE98F A0 00             		mv	(bp+0),a
0BE991 30 80 83          		mv	a,(base+dwid)
0BE994 30 4A D4          		sub	a,(bx)
0BE997 63 00             		cmp	(bp+0),a
0BE999 1E 02             		jrnc	l1
0BE99B 80 00             		mv	a,(bp+0)
0BE99D 30 6D EC          	l1:	inc	($ec)		;	aは(dwid)-(bx)と(bp+0)の小さいほう
0BE9A0 66 A1 FC 0B 40    		test	[rev],$40
0BE9A5 14 47 F5          		jpz	clrn
0BE9A8 12 05             		jr	loop3l
0BE9AA 28                	loop3:	pushu	a
0BE9AB 04 51 F5          		call	putspc
0BE9AE 38                		popu	a
0BE9AF 48 01             	loop3l:	sub	a,1
0BE9B1 1F 09             		jrnc	loop3
0BE9B3 06                	l6:	ret
0BE9B4                   		endl
0BE9B4                   	crend:
0BE9B4 04 0A EA          		call	putlsub
0BE9B7 04 12 EA          		call	crsub
0BE9BA 2C                		pushu	x
0BE9BB 04 0A F5          		call	putcr
0BE9BE 04 86 E9          		call	delsub
0BE9C1 3D                		popu	y
0BE9C2 97                		sc
0BE9C3 06                		ret
0BE9C4                   	crend2:
0BE9C4 65 25 10          		test	(bp+mode),m_rev
0BE9C7 18 16             		jrz	l13
0BE9C9 D7 05 2D          		cmpp	(bp+block2),y
0BE9CC 1A 07             		jrnz	l12
0BE9CE 72 A1 FC 0B BF    		and	[rev],$bf
0BE9D3 12 0A             		jr	l13
0BE9D5 D7 05 2A          	l12:	cmpp	(bp+block1),y
0BE9D8 1A 05             		jrnz	l13
0BE9DA 7A A1 FC 0B 40    		or	[rev],$40
0BE9DF FD 45             	l13:	mv	x,y
0BE9E1 04 12 EA          		call	crsub
0BE9E4 2C                		pushu	x
0BE9E5 04 86 E9          		call	delsub
0BE9E8 3D                		popu	y
0BE9E9 97                		sc
0BE9EA 06                		ret
0BE9EB                   	putlsb2:local
0BE9EB 04 0A EA          		call	putlsub
0BE9EE 90 04             		mv	a,[x]
0BE9F0 60 09             		cmp	a,$09
0BE9F2 18 13             		jrz	l2
0BE9F4 04 2C ED          		call	chrwid
0BE9F7 42 36             		add	a,(bp+scrx)
0BE9F9 1C 04             		jrc	l1
0BE9FB 63 35             		cmp	(bp+dswid),a
0BE9FD 1E 08             		jrnc	l2
0BE9FF 2C                	l1:	pushu	x
0BEA00 08 03             		mv	a,$03
0BEA02 04 0F F5          		call	putof
0BEA05 3C                		popu	x
0BEA06 97                		sc
0BEA07 FD 54             	l2:	mv	y,x
0BEA09 06                		ret
0BEA0A                   		endl
0BEA0A                   	putlsub:
0BEA0A 2D                		pushu	y
0BEA0B 4D 54             		sub	y,x
0BEA0D 04 61 F5          		call	putn
0BEA10 3C                		popu	x
0BEA11 06                		ret
0BEA12                   	crsub:	local
0BEA12 6C 04             		inc	x
0BEA14 D7 04 0D          		cmpp	(bp+gaptop),x
0BEA17 1A 02             		jrnz	l1
0BEA19 84 10             		mv	x,(bp+gapend)
0BEA1B 08 01             	l1:	mv	a,$01
0BEA1D D7 04 0A          		cmpp	(bp+filend),x
0BEA20 2C                		pushu	x
0BEA21 1A 18             		jrnz	l2
0BEA23 E9 36 84          		mvw	[--u],(bp+bx-base)
0BEA26 C8 85 37          		mv	(bp+bx-base+1),(bp+scry)
0BEA29 6D 85             	loop2:	inc	(bp+bx-base+1)
0BEA2B 80 34             		mv	a,(bp+dhei)
0BEA2D 63 85             		cmp	(bp+bx-base+1),a
0BEA2F 1E 05             		jrnc	loop2e
0BEA31 04 43 F5          		call	clrl			;	1行全て消去
0BEA34 13 0D             		jr	loop2
0BEA36 E1 26 84          	loop2e:	mvw	(bp+bx-base),[u++]
0BEA39 08 02             		mv	a,$02
0BEA3B 3C                	l2:	popu	x
0BEA3C 06                		ret
0BEA3D                   		endl
0BEA3D                   		endl	;putline
0BEA3D                   	savund3:
0BEA3D 85 13             		mv	y,(bp+cptr)
0BEA3F 84 19             		mv	x,(bp+mark)
0BEA41                   	savund2:
0BEA41 2C                		pushu	x
0BEA42 2D                		pushu	y
0BEA43 A5 2A             		mv	(bp+block1),y
0BEA45 A4 2D             		mv	(bp+block2),x
0BEA47 04 24 EB          		call	blosiz
0BEA4A 04 50 EA          		call	savundo
0BEA4D 3D                		popu	y
0BEA4E 3C                		popu	x
0BEA4F 06                		ret
0BEA50                   	savundo:local
0BEA50                   	;	undo対象文字列をundoバッファに保存
0BEA50 65 25 80          		test	(bp+mode),m_alert
0BEA53 18 2C             		jrz	end
0BEA55 CC 27 00          		mv	(bp+u_flag),0
0BEA58 0C 01 01 00       		mv	x,undosiz+1
0BEA5C D7 04 30          		cmpp	(bp+blocks),x
0BEA5F 1E 20             		jrnc	end			;	undoできない
0BEA61 D9 80 F9 0B 21    		mvw	[u_max],(bp+maxlin)
0BEA66 6D 27             		inc	(bp+u_flag)
0BEA68                   	;;	SAVE_U
0BEA68 2F                		pushu	imr			;	割り込み禁止
0BEA69 B6 37             		mv	[--s],u			;	pushs u
0BEA6B 86 2A             		mv	u,(bp+block1)
0BEA6D AE 75 F9 0B       		mv	[u_stat],u
0BEA71 84 30             		mv	x,(bp+blocks)
0BEA73 AC 7B F9 0B       		mv	[u_siz],x
0BEA77 0D 00 CF 0B       		mv	y,undobuf
0BEA7B 04 9D EA          		call	copygap
0BEA7E                   	;;end2:	LOAD_U
0BEA7E 96 27             		mv	u,[s++]			;	pops u
0BEA80 3F                		popu	imr
0BEA81 06                	end:	ret
0BEA82                   		endl
0BEA82                   	setundo:local
0BEA82 65 25 80          		test	(bp+mode),m_alert
0BEA85 18 0A             		jrz	end
0BEA87 DA 78 F9 0B 13    		mvp	[u_end],(bp+cptr)
0BEA8C D9 7E F9 0B 1F    		mvw	[u_line],(bp+lineno)
0BEA91 06                	end:	ret
0BEA92                   		endl
0BEA92                   	setund2:
0BEA92 DA 78 F9 0B 19    		mvp	[u_end],(bp+mark)
0BEA97 D9 7E F9 0B 23    		mvw	[u_line],(bp+mrklin)
0BEA9C 06                		ret
0BEA9D                   	copygap:local
0BEA9D                   	;	gapをまたいで転送する
0BEA9D 6C 04             		inc	x
0BEA9F 12 0A             		jr	l1
0BEAA1 38                	loop:	popu	a			;	mv	a,[u++]
0BEAA2 B0 25             		mv	[y++],a
0BEAA4 D7 06 0D          		cmpp	(bp+gaptop),u
0BEAA7 1A 02             		jrnz	l1
0BEAA9 86 10             		mv	u,(bp+gapend)
0BEAAB 7C 04             	l1:	dec	x
0BEAAD 1B 0E             		jrnz	loop
0BEAAF 06                		ret
0BEAB0                   		endl
0BEAB0                   	setblo2:
0BEAB0 A4 2A             		mv	(bp+block1),x
0BEAB2 12 08             		jr	setblo!l4
0BEAB4                   	setblo:	local
0BEAB4 65 25 60          		test	(bp+mode),m_pfmk+m_fnmk
0BEAB7 18 13             		jrz	l1
0BEAB9 CA 2A 13          		mvp	(bp+block1),(bp+cptr)
0BEABC CA 2D 19          	l4:	mvp	(bp+block2),(bp+mark)
0BEABF C7 2D 2A          		cmpp	(bp+block2),(bp+block1)
0BEAC2 18 09             		jrz	l3
0BEAC4 1E 03             		jrnc	l2
0BEAC6 C2 2A 2D          		exp	(bp+block1),(bp+block2)
0BEAC9 79 25 10          	l2:	or	(bp+mode),m_rev
0BEACC 06                	l1:	ret
0BEACD 71 25 EF          	l3:	and	(bp+mode),$ff-m_rev
0BEAD0 72 A1 FC 0B BF    		and	[rev],$bf
0BEAD5 06                		ret
0BEAD6                   		endl
0BEAD6                   	tstrev:	local
0BEAD6                   	;	yで示すアドレスがブロック内に入っているか調べ、
0BEAD6                   	;	反転表示フラグをセット／リセットする
0BEAD6 65 25 10          		test	(bp+mode),m_rev
0BEAD9 18 0F             		jrz	l3
0BEADB D7 05 2D          		cmpp	(bp+block2),y
0BEADE 1C 0B             		jrc	l1
0BEAE0 D7 05 2A          		cmpp	(bp+block1),y
0BEAE3 1E 06             		jrnc	l1
0BEAE5 7A A1 FC 0B 40    	l2:	or	[rev],$40
0BEAEA 06                	l3:	ret
0BEAEB 72 A1 FC 0B BF    	l1:	and	[rev],$bf
0BEAF0 06                		ret
0BEAF1                   		endl
0BEAF1                   	sftmkp:
0BEAF1                   	;	文字を削除したときそれに伴って(mark)をずらす
0BEAF1                   	;	a<-文字のバイト数
0BEAF1 7A 04 EB 0B 08    		or	[sftmkf!ptch],$08	;	adclをsbclに
0BEAF6 12 05             		jr	sftmkf!l2
0BEAF8                   	sftmkf:	local
0BEAF8                   	;	文字を挿入したときそれに伴って(mark)をずらす
0BEAF8                   	;	a<-文字のバイト数
0BEAF8 72 04 EB 0B F7    		and	[ptch],$f7		;	sbclをadclに
0BEAFD 04 07 EB          	l2:	call	tstmk
0BEB00 1E 04             		jrnc	l1
0BEB02 09 03             		mv	il,3
0BEB04 55 19             	ptch:	adcl	(bp+mark),a
0BEB06 06                	l1:	ret
0BEB07                   		endl
0BEB07                   	tstmk:	local
0BEB07                   	;	挿入・削除で(mark)を移動しなければならないか調べる
0BEB07                   	;	c=1:移動しなければならない
0BEB07 9F                		rc
0BEB08 65 25 60          		test	(bp+mode),m_pfmk+m_fnmk
0BEB0B 18 08             		jrz	l1
0BEB0D C7 13 19          		cmpp	(bp+cptr),(bp+mark)
0BEB10 1E 03             		jrnc	l1
0BEB12 C7 19 0D          		cmpp	(bp+mark),(bp+gaptop)
0BEB15 06                	l1:	ret
0BEB16                   		endl
0BEB16                   	chkcr:	local
0BEB16                   	;	yレジスタで示すアドレスからxレジスタのバイト数のあいだに
0BEB16                   	;	改行があるか調べる
0BEB16                   	;	c<-0：改行がある／c<-1：改行がない
0BEB16 2D                		pushu	y
0BEB17 90 25             	loop:	mv	a,[y++]
0BEB19 60 0D             		cmp	a,$0d
0BEB1B 18 05             		jrz	l2
0BEB1D 7C 04             		dec	x
0BEB1F 1B 0A             		jrnz	loop
0BEB21 97                		sc
0BEB22 3D                	l2:	popu	y
0BEB23 06                		ret
0BEB24                   		endl
0BEB24                   	blosiz:	local
0BEB24                   	;	ブロックの大きさを求める
0BEB24 84 2A             		mv	x,(bp+block1)
0BEB26 85 0D             		mv	y,(bp+gaptop)
0BEB28 D7 05 2D          		cmpp	(bp+block2),y
0BEB2B 1E 02             		jrnc	l1
0BEB2D 85 2D             		mv	y,(bp+block2)
0BEB2F 4D 54             	l1:	sub	y,x
0BEB31 A5 30             		mv	(bp+blocks),y
0BEB33 85 2D             		mv	y,(bp+block2)
0BEB35 84 10             		mv	x,(bp+gapend)
0BEB37 4D 54             		sub	y,x
0BEB39 1C 06             		jrc	l2
0BEB3B 84 30             		mv	x,(bp+blocks)
0BEB3D 45 54             		add	y,x
0BEB3F A5 30             		mv	(bp+blocks),y
0BEB41 06                	l2:	ret
0BEB42                   		endl
0BEB42                   	sftclp:	local
0BEB42                   	;	カットバッファの大きさを調節する
0BEB42                   	;	割り込みを禁止し、uレジスタを待避しておく
0BEB42 86 0A             		mv	u,(bp+filend)
0BEB44 84 10             		mv	x,(bp+gapend)
0BEB46 4D 64             		sub	u,x
0BEB48 84 30             		mv	x,(bp+blocks)
0BEB4A 1A 0C             		jrnz	l3
0BEB4C 0D 00 CF 0B       		mv	y,mend			;	最後の行を編集中の場合
0BEB50 4D 54             		sub	y,x
0BEB52 A5 0A             		mv	(bp+filend),y
0BEB54 A5 10             		mv	(bp+gapend),y
0BEB56 12 46             		jr	l6
0BEB58 85 1C             	l3:	mv	y,(bp+clpsiz)
0BEB5A 4D 45             		sub	x,y
0BEB5C 18 43             		jrz	l1
0BEB5E B6 37             		mv	[--s],u			;	pushs u
0BEB60 86 10             		mv	u,(bp+gapend)
0BEB62 1C 1A             		jrc	l2
0BEB64                   	;	(blocks)>(clpsiz)
0BEB64 D7 06 19          		cmpp	(bp+mark),u
0BEB67 1C 06             		jrc	l4
0BEB69 85 19             		mv	y,(bp+mark)
0BEB6B 4D 54             		sub	y,x			;	markもずらす
0BEB6D A5 19             		mv	(bp+mark),y
0BEB6F FD 56             	l4:	mv	y,u
0BEB71 4D 54             		sub	y,x
0BEB73 94 27             		pops	x
0BEB75 A5 10             		mv	(bp+gapend),y
0BEB77 04 C0 F3          		call	utoy
0BEB7A A5 0A             		mv	(bp+filend),y
0BEB7C 12 20             		jr	l6
0BEB7E                   	;	(blocks)<(clpsiz)
0BEB7E 84 30             	l2:	mv	x,(bp+blocks)
0BEB80 4D 54             		sub	y,x
0BEB82 FD 45             		mv	x,y
0BEB84 D7 06 19          		cmpp	(bp+mark),u
0BEB87 1C 06             		jrc	l5
0BEB89 85 19             		mv	y,(bp+mark)
0BEB8B 45 54             		add	y,x			;	markもずらす
0BEB8D A5 19             		mv	(bp+mark),y
0BEB8F 86 0A             	l5:	mv	u,(bp+filend)
0BEB91 FD 56             		mv	y,u
0BEB93 45 64             		add	u,x
0BEB95 94 27             		pops	x
0BEB97 A6 0A             		mv	(bp+filend),u
0BEB99 04 B8 F3          		call	ytou
0BEB9C A6 10             		mv	(bp+gapend),u
0BEB9E CA 1C 30          	l6:	mvp	(bp+clpsiz),(bp+blocks)
0BEBA1 06                	l1:	ret
0BEBA2                   		endl
0BEBA2                   	linsub:	local
0BEBA2                   	;	ブロック削除・ペーストに伴って行番号を調節するルーチン
0BEBA2 C7 13 19          		cmpp	(bp+cptr),(bp+mark)
0BEBA5 2E                		pushu	f
0BEBA6 18 1F             		jrz	l1
0BEBA8 82 1F             		mv	ba,(bp+lineno)
0BEBAA 83 23             		mv	i,(bp+mrklin)
0BEBAC 1E 0A             		jrnc	l2
0BEBAE                   	;	(mark) > (cptr)
0BEBAE 4C 32             		sub	i,ba
0BEBB0 82 21             		mv	ba,(bp+maxlin)
0BEBB2 4C 23             		sub	ba,i
0BEBB4 A2 21             		mv	(bp+maxlin),ba
0BEBB6 12 0F             		jr	l1
0BEBB8                   	;	(mark) < (cptr)
0BEBB8 A3 1F             	l2:	mv	(bp+lineno),i
0BEBBA 4C 23             		sub	ba,i
0BEBBC 83 21             		mv	i,(bp+maxlin)
0BEBBE 4C 32             		sub	i,ba
0BEBC0 A3 21             		mv	(bp+maxlin),i
0BEBC2 85 19             		mv	y,(bp+mark)
0BEBC4 04 C9 EB          		call	subcury
0BEBC7 3E                	l1:	popu	f
0BEBC8 06                		ret
0BEBC9                   		endl
0BEBC9                   	subcury:
0BEBC9                   	;	カーソルがyレジスタで示す位置に来るとき(cury)、(ltptr)を上に補正する
0BEBC9 04 75 EC          		call	srchlt
0BEBCC                   	sbcury2:local
0BEBCC                   	;	yがすでに行先頭にあるとき
0BEBCC 2D                		pushu	y
0BEBCD D7 05 16          	loop:	cmpp	(bp+ltptr),y
0BEBD0 18 13             		jrz	loope
0BEBD2 49 04 01          		sub	(bp+cury),1
0BEBD5 1C 0C             		jrc	l1
0BEBD7 CC 36 00          		mv	(bp+scrx),0
0BEBDA 04 DB EC          		call	nxtlin
0BEBDD 1F 12             		jrnc	loop
0BEBDF 6C 05             		inc	y
0BEBE1 13 16             		jr	loop
0BEBE3 6D 04             	l1:	inc	(bp+cury)
0BEBE5 3D                	loope:	popu	y
0BEBE6 A5 16             		mv	(bp+ltptr),y
0BEBE8 06                		ret
0BEBE9                   		endl
0BEBE9                   	addcury:local
0BEBE9                   	;	カーソルがyレジスタで示す位置に来るとき(cury),(ltptr)を下に補正する
0BEBE9 30 49 EC 07       		sub	($ec),7
0BEBED A5 00             		mv	(bp+0),y
0BEBEF 22 C8 06 84       		mv	(bp+6),(base+dhei)
0BEBF3 7D 06             		dec	(bp+6)
0BEBF5 30 85 66          		mv	y,(base+ltptr)
0BEBF8 30 CC 86 00       	loop:	mv	(base+scrx),0
0BEBFC A5 03             		mv	(bp+3),y
0BEBFE 04 DB EC          		call	nxtlin
0BEC01 1E 07             		jrnc	l1
0BEC03 6C 05             		inc	y
0BEC05 D7 05 00          		cmpp	(bp+0),y
0BEC08 1C 10             		jrc	loope
0BEC0A D7 05 00          	l1:	cmpp	(bp+0),y
0BEC0D 1C 0B             		jrc	loope
0BEC0F 30 B7 54 06       		cmp	(base+cury),(bp+6)
0BEC13 1F 1D             		jrnc	loop
0BEC15 30 6D 54          		inc	(base+cury)
0BEC18 13 22             		jr	loop
0BEC1A 30 CA 66 03       	loope:	mvp	(base+ltptr),(bp+3)
0BEC1E 30 47 EC 07       		pmdf	($ec),7
0BEC22 06                		ret
0BEC23                   		endl
0BEC23                   	inpscp:	local
0BEC23 04 3E EC          		call	putcrsb
0BEC26 04 9C F4          		call	keys2
0BEC29 2A                		pushu	ba
0BEC2A 04 3D F5          		call	clrcur
0BEC2D 3A                		popu	ba
0BEC2E A2 47             		mv	(bp+keycd),ba
0BEC30 61 48 60          		cmp	(bp+keycd+1),sckey
0BEC33 1C 06             		jrc	l1
0BEC35 61 48 6A          		cmp	(bp+keycd+1),sckey+10
0BEC38 1C 02             		jrc	l2
0BEC3A 97                		sc
0BEC3B 06                	l1:	ret
0BEC3C 9F                	l2:	rc
0BEC3D 06                		ret
0BEC3E                   		endl
0BEC3E                   	putcrsb:
0BEC3E 6A 5F EC 0B 08    		xor	[!putcurs!ptch+1],$08	;	カーソルの点滅を止める
0BEC43 04 4C EC          		call	putcurs
0BEC46 6A 5F EC 0B 08    		xor	[!putcurs!ptch+1],$08
0BEC4B 06                		ret
0BEC4C                   	putcurs:local
0BEC4C C9 84 03          		mvw	(bp+bx-base),(bp+curx)
0BEC4F 80 02             		mv	a,(bp+scwid)
0BEC51 4B 84             		sub	(bp+bx-base),a
0BEC53 1E 07             		jrnc	l1
0BEC55 CC 84 00          		mv	(bp+bx-base),0
0BEC58 08 24             		mv	a,$24			;	インサートマーク、点滅なし
0BEC5A 12 04             		jr	l2
0BEC5C 80 06             	l1:	mv	a,(bp+ins)
0BEC5E 40 2A             	ptch:	add	a,$2a
0BEC60 28                	l2:	pushu	a
0BEC61 09 44             		mv	il,$44
0BEC63 04 63 F5          		call	lcdd
0BEC66 38                		popu	a
0BEC67 04 3F F5          		call	curs
0BEC6A 06                		ret
0BEC6B                   		endl
0BEC6B                   	setlt:
0BEC6B 85 13             		mv	y,(bp+cptr)
0BEC6D 04 75 EC          		call	srchlt
0BEC70 A5 16             		mv	(bp+ltptr),y
0BEC72 06                		ret
0BEC73                   	bfrlin:
0BEC73                   	;	yレジスタに入れた行先頭アドレスより前の行を探す
0BEC73 7C 05             		dec	y
0BEC75                   	srchlt:	local
0BEC75                   	;	yレジスタに入れたアドレスより前にある行先頭を探す
0BEC75                   	;	a<-その行の幅
0BEC75 30 49 EC 06       		sub	($ec),6
0BEC79 A5 00             		mv	(bp+0),y
0BEC7B                   	loop:
0BEC7B 90 35             		mv	a,[--y]
0BEC7D 60 0D             		cmp	a,$0d
0BEC7F 1B 06             		jrnz	loop
0BEC81 6C 05             		inc	y
0BEC83                   	loop3:
0BEC83 A5 03             		mv	(bp+3),y
0BEC85 32 C8 86 76       		mv	(base+scrx),(base+margin)
0BEC89 04 DB EC          		call	nxtlin
0BEC8C 1C 05             		jrc	l2
0BEC8E D7 05 00          	l1:	cmpp	(bp+0),y
0BEC91 1F 10             		jrnc	loop3
0BEC93 85 03             	l2:	mv	y,(bp+3)
0BEC95 30 80 86          		mv	a,(base+scrx)
0BEC98 30 47 EC 06       		pmdf	($ec),6
0BEC9C 06                		ret
0BEC9D                   		endl
0BEC9D                   	findcr:	local
0BEC9D                   	;	カーソル位置からCRがある行を検索する
0BEC9D                   	;	画面内にないときは(dhei)を返す
0BEC9D                   	;	(cry)<-CRがある行
0BEC9D                   	;	F<-前回の(cry)との比較結果
0BEC9D 85 13             		mv	y,(bp+cptr)
0BEC9F C9 36 03          		mvw	(bp+scrx),(bp+curx)
0BECA2 04 DB EC          	loop:	call	nxtlin
0BECA5 1C 11             		jrc	l2
0BECA7 D7 05 0D          		cmpp	(bp+gaptop),y
0BECAA 1A 02             		jrnz	l1
0BECAC 85 10             		mv	y,(bp+gapend)
0BECAE C8 36 26          	l1:	mv	(bp+scrx),(bp+margin)
0BECB1 6D 37             		inc	(bp+scry)
0BECB3 B7 37 34          		cmp	(bp+scry),(bp+dhei)
0BECB6 1D 16             		jrc	loop
0BECB8 B7 38 37          	l2:	cmp	(bp+cry),(bp+scry)
0BECBB C8 38 37          		mv	(bp+cry),(bp+scry)
0BECBE 06                		ret
0BECBF                   		endl
0BECBF                   	setcurx:
0BECBF                   	;	yレジスタで始まる行の(vx)で示される位置に近い位置に
0BECBF                   	;	カーソルをセットする
0BECBF C8 36 26          		mv	(bp+scrx),(bp+margin)
0BECC2 80 05             		mv	a,(bp+vx)
0BECC4 04 DE EC          		call	calcwid
0BECC7 C8 03 36          		mv	(bp+curx),(bp+scrx)
0BECCA A5 13             		mv	(bp+cptr),y
0BECCC 06                		ret
0BECCD                   	calcwd2:
0BECCD 6A FA EC 0B 0A    		xor	[calcwid!ptch],$0a	;	jrzをjrに書き換える
0BECD2 04 DE EC          		call	calcwid
0BECD5 6A FA EC 0B 0A    		xor	[calcwid!ptch],$0a	;	jrをjrzに書き換える
0BECDA 06                		ret
0BECDB                   	nxtlin:
0BECDB                   	;	次の行の先頭アドレスを求める
0BECDB 30 80 50          		mv	a,(base+dvwid)
0BECDE                   	calcwid:local
0BECDE                   	;	x座標がaに近づくアドレスを探す
0BECDE                   	;	y->開始アドレス
0BECDE                   	;	(base+scrx)->開始x座標
0BECDE                   	;	y<-見つかったアドレス
0BECDE                   	;	(base+scrx)<-aを越えない最大のx座標
0BECDE                   	;	c=1:途中でCRが来た
0BECDE 30 7D EC          		dec	($ec)
0BECE1 A0 00             		mv	(bp+0),a
0BECE3 90 05             	loop:	mv	a,[y]
0BECE5 60 0D             		cmp	a,$0d
0BECE7 97                		sc
0BECE8 18 18             		jrz	l1
0BECEA 04 2C ED          		call	chrwid
0BECED 30 43 86          		add	(base+scrx),a
0BECF0 1C 0C             		jrc	l2
0BECF2 45 51             		add	y,il
0BECF4 30 B7 86 00       		cmp	(base+scrx),(bp+0)
0BECF8 1D 17             		jrc	loop
0BECFA 18 06             	ptch:	jrz	l1
0BECFC 4D 51             		sub	y,il
0BECFE 30 4B 86          	l2:	sub	(base+scrx),a
0BED01 9F                		rc
0BED02 30 6D EC          	l1:	inc	($ec)
0BED05 06                		ret
0BED06                   		endl
0BED06                   	calccur:local
0BED06                   	;	yレジスタで始まる行のxレジスタの位置のx座標を求める
0BED06                   	;	(base+scrx)<-x座標
0BED06 30 49 EC 03       		sub	($ec),3
0BED0A A4 00             		mv	(bp+0),x
0BED0C 32 C8 86 76       		mv	(base+scrx),(base+margin)
0BED10 D7 05 00          	loop:	cmpp	(bp+0),y
0BED13 18 12             		jrz	l1
0BED15 90 05             		mv	a,[y]
0BED17 60 0D             		cmp	a,$0d
0BED19 18 0C             		jrz	l1
0BED1B 04 2C ED          		call	chrwid
0BED1E 30 43 86          		add	(base+scrx),a
0BED21 1C 04             		jrc	l1
0BED23 45 51             		add	y,il
0BED25 13 17             		jr	loop
0BED27 30 47 EC 03       	l1:	pmdf	($ec),3
0BED2B 06                		ret
0BED2C                   		endl
0BED2C                   	chrwid:	local
0BED2C                   	;	文字の幅と、バイト数を求める
0BED2C                   	;	a<-文字の幅
0BED2C                   	;	il<-バイト数
0BED2C                   	;	(base+scrx)<-X座標
0BED2C 60 09             		cmp	a,$09
0BED2E 18 0A             		jrz	l1
0BED30 04 5D F1          		call	isjis1
0BED33 08 01             		mv	a,1
0BED35 50 00             		adc	a,0
0BED37 28                		pushu	a			;	2行で
0BED38 39                		popu	il			;	mv il,a
0BED39 06                		ret
0BED3A                   	l1:
0BED3A                   	;	TABコードのとき
0BED3A 08 00             		mv	a,0
0BED3C 30 42 79          	loop:	add	a,(base+tabwid)
0BED3F 1C 0A             		jrc	l3
0BED41 30 63 86          		cmp	(base+scrx),a
0BED44 1F 0A             		jrnc	loop
0BED46 30 63 50          		cmp	(base+dvwid),a
0BED49 1E 03             		jrnc	l2
0BED4B 30 80 50          	l3:	mv	a,(base+dvwid)
0BED4E 30 4A 86          	l2:	sub	a,(base+scrx)		;	a=次のTAB停止位置-scrx
0BED51 09 01             		mv	il,1
0BED53 06                		ret
0BED54                   		endl
0BED54                   	bfrcr:
0BED54 85 13             		mv	y,(bp+cptr)
0BED56                   	bfrcr2:	local
0BED56 90 35             	loop:	mv	a,[--y]
0BED58 60 0D             		cmp	a,$0d
0BED5A 1B 06             		jrnz	loop
0BED5C 6C 05             		inc	y
0BED5E 06                		ret
0BED5F                   		endl
0BED5F                   	gapbac2:
0BED5F                   	;	yレジスタで指定した位置の次の行から(gaptop)までを
0BED5F                   	;	ギャップ領域の後ろへ寄せる
0BED5F 90 25             		mv	a,[y++]
0BED61 60 0D             		cmp	a,$0d
0BED63 1B 06             		jrnz	gapbac2
0BED65                   	gapback:local
0BED65                   	;	yレジスタで指定した位置から(gaptop)までを
0BED65                   	;	ギャップ領域の後ろへ寄せる
0BED65                   	;;	SAVE_U
0BED65 2F                		pushu	imr			;	割り込み禁止
0BED66 B6 37             		mv	[--s],u			;	pushs u
0BED68 65 25 60          		test	(bp+mode),m_pfmk+m_fnmk
0BED6B 18 16             		jrz	l1
0BED6D D7 05 19          		cmpp	(bp+mark),y
0BED70 1C 11             		jrc	l1
0BED72 86 10             		mv	u,(bp+gapend)
0BED74 D7 06 19          		cmpp	(bp+mark),u
0BED77 1E 0A             		jrnc	l1
0BED79 84 0D             		mv	x,(bp+gaptop)
0BED7B 4D 64             		sub	u,x
0BED7D 84 19             		mv	x,(bp+mark)
0BED7F 45 46             		add	x,u			;	ブロック開始位置をずらす
0BED81 A4 19             		mv	(bp+mark),x
0BED83 86 10             	l1:	mv	u,(bp+gapend)
0BED85 84 0D             		mv	x,(bp+gaptop)
0BED87 B4 37             		pushs	x
0BED89 4D 45             		sub	x,y
0BED8B 95 27             		pops	y
0BED8D 18 05             		jrz	loope
0BED8F 04 B8 F3          		call	ytou
0BED92 A6 10             		mv	(bp+gapend),u
0BED94 A5 0D             	loope:	mv	(bp+gaptop),y
0BED96                   	;;	LOAD_U
0BED96 96 27             		mv	u,[s++]			;	pops u
0BED98 3F                		popu	imr
0BED99 06                		ret
0BED9A                   		endl
0BED9A                   	gapfwd4:local
0BED9A                   	;	(mark)のある行がギャップ領域の前にあるか調べて
0BED9A                   	;	後ろにあるなら前に寄せる
0BED9A 84 19             		mv	x,(bp+mark)
0BED9C 85 10             		mv	y,(bp+gapend)
0BED9E D7 05 19          		cmpp	(bp+mark),y
0BEDA1 1C 08             		jrc	l1
0BEDA3 90 24             	loop1:	mv	a,[x++]
0BEDA5 60 0D             		cmp	a,$0d
0BEDA7 1B 06             		jrnz	loop1
0BEDA9 12 0B             		jr	gapfwd3
0BEDAB 06                	l1:	ret
0BEDAC                   		endl
0BEDAC                   	gapfwd:	local
0BEDAC                   	;	(gapend)から改行までをギャップ領域の前に寄せる
0BEDAC 84 10             		mv	x,(bp+gapend)
0BEDAE FD 54             		mv	y,x
0BEDB0 90 24             	loop:	mv	a,[x++]
0BEDB2 60 0D             		cmp	a,$0d
0BEDB4 1B 06             		jrnz	loop
0BEDB6                   		endl
0BEDB6                   	gapfwd3:local
0BEDB6 4D 45             		sub	x,y
0BEDB8 18 2B             		jrz	l1
0BEDBA                   	;;	SAVE_U
0BEDBA 2F                		pushu	imr			;	割り込み禁止
0BEDBB B6 37             		mv	[--s],u			;	pushs u
0BEDBD 86 10             		mv	u,(bp+gapend)
0BEDBF 85 0D             		mv	y,(bp+gaptop)
0BEDC1 04 C0 F3          		call	utoy
0BEDC4 65 25 60          		test	(bp+mode),m_pfmk+m_fnmk
0BEDC7 18 15             		jrz	l2
0BEDC9 C7 19 10          		cmpp	(bp+mark),(bp+gapend)	;	移動前の(gapend)
0BEDCC 1C 10             		jrc	l2
0BEDCE D7 06 19          		cmpp	(bp+mark),u		;	移動後の(gapend)
0BEDD1 1E 0B             		jrnc	l2
0BEDD3 A6 10             		mv	(bp+gapend),u
0BEDD5 4D 65             		sub	u,y
0BEDD7 84 19             		mv	x,(bp+mark)
0BEDD9 4D 46             		sub	x,u
0BEDDB A4 19             		mv	(bp+mark),x
0BEDDD 0A                		db	$0a			;	次の2バイトをスキップする
0BEDDE A6 10             	l2:	mv	(bp+gapend),u
0BEDE0 A5 0D             		mv	(bp+gaptop),y
0BEDE2                   	;;	LOAD_U
0BEDE2 96 27             		mv	u,[s++]			;	pops u
0BEDE4 3F                		popu	imr
0BEDE5 06                	l1:	ret
0BEDE6                   		endl
0BEDE6                   	;gapclr:	local
0BEDE6                   	;	mv	x,(bp+gaptop)
0BEDE6                   	;	mv	y,(bp+gapend)
0BEDE6                   	;	sub	y,x
0BEDE6                   	;	mv	a,0
0BEDE6                   	;loop:	mv	[x++],a
0BEDE6                   	;	dec	y
0BEDE6                   	;	jrnz	loop
0BEDE6                   	;	ret
0BEDE6                   	;	endl
0BEDE6                   	addsave:
0BEDE6                   	;	既存のファイルに追加Saveする
0BEDE6 04 AA F1          		call	blocmp2
0BEDE9 2C                		pushu	x
0BEDEA 08 03             		mv	a,3
0BEDEC 04 94 F5          		call	fopen
0BEDEF 1C 69             		jrc	save_b!e1
0BEDF1 04 A0 F1          		call	fpinit
0BEDF4 C8 39 86          		mv	(bp+hdl),(bp+cx-base)
0BEDF7 08 02             		mv	a,2			;	ファイル末尾+1からの相対値
0BEDF9 DC 8A 01 00 00    		mvp	(bp+si-base),1
0BEDFE 09 09             		mv	il,$09			;	ファイルポインタの移動
0BEE00 04 A1 F5          		call	fcall
0BEE03 08 00             		mv	a,0			;	$1Aだったら読み進まない
0BEE05 C8 86 39          		mv	(bp+cx-base),(bp+hdl)
0BEE08 09 05             		mv	il,$05			;	ファイルのバイト読みだし
0BEE0A 04 A1 F5          		call	fcall
0BEE0D 12 09             		jr	save_b!l4
0BEE0F                   	save_b:	local
0BEE0F                   	;	(block1)から(block2)までをSaveする
0BEE0F 2C                		pushu	x
0BEE10 04 96 F1          		call	ffcreat
0BEE13 1C 45             		jrc	e1
0BEE15 C8 39 86          		mv	(bp+hdl),(bp+cx-base)
0BEE18 09 0D             	l4:	mv	il,save_m-ms
0BEE1A 04 27 F5          		call	putel
0BEE1D 84 2A             		mv	x,(bp+block1)
0BEE1F 85 0D             		mv	y,(bp+gaptop)
0BEE21 D7 05 2D          		cmpp	(bp+block2),y
0BEE24 1E 02             		jrnc	l1
0BEE26 85 2D             		mv	y,(bp+block2)
0BEE28 4D 54             	l1:	sub	y,x
0BEE2A 18 14             		jrz	l2
0BEE2C 04 78 EE          		call	save_s
0BEE2F 1C 2D             		jrc	e2
0BEE31 85 2D             		mv	y,(bp+block2)
0BEE33 84 10             		mv	x,(bp+gapend)
0BEE35 4D 54             		sub	y,x
0BEE37 1C 07             		jrc	l2
0BEE39 18 05             		jrz	l2
0BEE3B 04 78 EE          		call	save_s
0BEE3E 1C 1E             		jrc	e2
0BEE40 65 46 04          	l2:	test	(bp+tmode),s_eof
0BEE43 1A 07             		jrnz	l6
0BEE45 08 1A             		mv	a,$1a
0BEE47 04 71 F1          		call	fputc
0BEE4A 1C 12             		jrc	e2
0BEE4C 04 83 F1          	l6:	call	fflush
0BEE4F 1C 0D             		jrc	e2
0BEE51 C8 86 39          		mv	(bp+cx-base),(bp+hdl)
0BEE54 04 98 F5          		call	fclose
0BEE57 3C                		popu	x
0BEE58 12 A1             		jr	settim
0BEE5A                   		;ret
0BEE5A 09 9B             	e1:	mv	il,opn_e-ms
0BEE5C 12 11             		jr	l3
0BEE5E 09 AC             	e2:	mv	il,fil_e-ms
0BEE60 61 4A 0C          		cmp	(bp+errno),$0c
0BEE63 1A 02             		jrnz	l5
0BEE65 09 B8             		mv	il,ful_e-ms
0BEE67 29                	l5:	pushu	il
0BEE68 C8 86 39          		mv	(bp+cx-base),(bp+hdl)
0BEE6B 04 98 F5          		call	fclose
0BEE6E 39                		popu	il
0BEE6F 04 7A F4          	l3:	call	alert
0BEE72 3C                		popu	x
0BEE73 04 FB EE          		call	settim
0BEE76 97                		sc
0BEE77 06                		ret
0BEE78                   		endl
0BEE78                   	save_s:	local
0BEE78                   	;	xレジスタで示されるアドレスから
0BEE78                   	;	yレジスタで示されるバイト数だけSaveする
0BEE78 90 24             	loop:	mv	a,[x++]
0BEE7A 28                		pushu	a
0BEE7B 04 97 EE          		call	fputc2
0BEE7E 38                		popu	a
0BEE7F 1C 15             		jrc	l1
0BEE81 60 0D             		cmp	a,$0d
0BEE83 1A 0C             		jrnz	l2
0BEE85 65 46 08          		test	(bp+tmode),s_crlf
0BEE88 1A 07             		jrnz	l2
0BEE8A 08 0A             		mv	a,$0a
0BEE8C 04 97 EE          		call	fputc2
0BEE8F 1C 05             		jrc	l1
0BEE91 7C 05             	l2:	dec	y
0BEE93 1B 1D             		jrnz	loop
0BEE95 9F                		rc
0BEE96 06                	l1:	ret
0BEE97                   	fputc2:
0BEE97 2C                		pushu	x
0BEE98 2D                		pushu	y
0BEE99 04 71 F1          		call	fputc
0BEE9C 3D                		popu	y
0BEE9D 3C                		popu	x
0BEE9E 06                		ret
0BEE9F                   		endl
0BEE9F                   	askow:	local
0BEE9F                   	;	subnamで示すファイルが存在するか調べ、
0BEE9F                   	;	存在するなら上書きするかどうか尋ねる
0BEE9F                   	;	c=1：上書きする
0BEE9F 04 BB EE          		call	chkow
0BEEA2 1C 16             		jrc	l1
0BEEA4 04 C9 EE          		call	owfile
0BEEA7 09 3D             		mv	il,ok_m-ms
0BEEA9 04 57 F5          		call	putm
0BEEAC 04 9C F4          	loop:	call	keys2
0BEEAF 70 DF             		and	a,$df			;	大文字小文字を無視する
0BEEB1 60 59             		cmp	a,'Y'
0BEEB3 97                		sc
0BEEB4 18 04             		jrz	l1
0BEEB6 60 4E             		cmp	a,'N'
0BEEB8 1B 0E             		jrnz	loop
0BEEBA 06                	l1:	ret
0BEEBB                   		endl
0BEEBB                   	chkow:
0BEEBB 0C 95 F9 0B       		mv	x,subnam
0BEEBF 2C                		pushu	x
0BEEC0 04 75 F5          		call	wild
0BEEC3 3C                		popu	x
0BEEC4 08 00             		mv	a,0
0BEEC6 02 6D F5          		jp	finfo
0BEEC9                   		;ret
0BEEC9                   	owfile:	local
0BEEC9                   	;	上書きするファイル名を表示する
0BEEC9 0C 9B F9 0B       		mv	x,subnam+6
0BEECD 0D C9 FA 0B       		mv	y,buf+1
0BEED1 09 03             		mv	il,3
0BEED3 2D                		pushu	y
0BEED4 08 22             		mv	a,'"'
0BEED6 B0 25             		mv	[y++],a
0BEED8 90 24             	loop:	mv	a,[x++]
0BEEDA 60 20             		cmp	a,' '
0BEEDC 19 06             		jrz	loop
0BEEDE 60 00             		cmp	a,$00
0BEEE0 18 06             		jrz	loope
0BEEE2 B0 25             		mv	[y++],a
0BEEE4 6C 01             		inc	il
0BEEE6 13 10             		jr	loop
0BEEE8                   	loope:
0BEEE8 0A 22 20          		mv	ba,$2022
0BEEEB B2 25             		mv	[y++],ba
0BEEED 3D                		popu	y
0BEEEE B1 35             		mv	[--y],il
0BEEF0 0B 79 03          		mv	i,buf-ms
0BEEF3 04 27 F5          		call	putel
0BEEF6 09 1D             		mv	il,ow_m-ms
0BEEF8 02 57 F5          		jp	putm
0BEEFB                   	;	ret
0BEEFB                   		endl
0BEEFB                   	settim:	local
0BEEFB                   	;	タイムスタンプの設定
0BEEFB                   	devno:	equ	0	;2
0BEEFB                   	cfname:	equ	2	;3
0BEEFB                   	isize:	equ	5
0BEEFB 30 49 EC 05       		sub	($ec),isize
0BEEFF A4 02             		mv	(bp+cfname),x
0BEF01                   	;	"CLOCK:"を探す
0BEF01 0C 46 F7 0B       		mv	x,clock
0BEF05 09 00             		mv	il,0
0BEF07 04 68 F5          		call	icall
0BEF0A 1C 25             		jrc	end
0BEF0C 22 C9 00 D6       		mvw	(bp+devno),(cx)
0BEF10 84 02             		mv	x,(bp+cfname)
0BEF12 08 00             		mv	a,0
0BEF14 04 6D F5          		call	finfo
0BEF17 1C 18             		jrc	end
0BEF19 90 05             		mv	a,[y]
0BEF1B 64 01             		test	a,1
0BEF1D 1A 12             		jrnz	end			;ライトプロテクトされているとき
0BEF1F 09 46             		mv	il,$46
0BEF21 30 C9 D6 00       		mvw	(cx),(bp+devno)
0BEF25 04 68 F5          		call	icall
0BEF28 1C 07             		jrc	end
0BEF2A 08 01             		mv	a,1
0BEF2C 84 02             		mv	x,(bp+cfname)
0BEF2E 04 6D F5          		call	finfo
0BEF31 30 41 EC 05       	end:	add	($ec),isize
0BEF35 06                		ret
0BEF36                   		endl
0BEF36                   	load:	local
0BEF36                   	;	テキストを読み込んでギャップ領域に収める
0BEF36 04 75 F5          		call	wild
0BEF39 1C 85             		jrc	ldend
0BEF3B 08 81             		mv	a,$81
0BEF3D DC 40 00 00 00    		mvp	(bp+rest),0
0BEF42 04 94 F5          		call	fopen
0BEF45 1C 79             		jrc	ldend
0BEF47 C8 39 86          		mv	(bp+hdl),(bp+cx-base)
0BEF4A CC 44 00          		mv	(bp+eof),0
0BEF4D 79 46 0C          		or	(bp+tmode),s_eof+s_crlf
0BEF50 09 00             		mv	il,load_m-ms
0BEF52 04 27 F5          		call	putel
0BEF55 65 5D 08          		test	(bp+pref_d),8
0BEF58 18 02             		jrz	l7
0BEF5A 6D 44             		inc	(bp+eof)
0BEF5C 84 0D             	l7:	mv	x,(bp+gaptop)
0BEF5E                   	loop:
0BEF5E 04 C8 EF          		call	fgetc
0BEF61 1C 42             		jrc	loope
0BEF63 60 1A             	l2:	cmp	a,$1a
0BEF65 18 36             		jrz	l6
0BEF67 1E 11             		jrnc	l3			;	a>=$1bのとき
0BEF69 65 5D 04          		test	(bp+pref_d),4
0BEF6C 18 0C             		jrz	l3
0BEF6E 60 20             		cmp	a,$20
0BEF70 1E 08             		jrnc	l3
0BEF72 60 0D             		cmp	a,$0d
0BEF74 18 04             		jrz	l3
0BEF76 60 09             		cmp	a,$09
0BEF78 1B 1C             		jrnz	loop
0BEF7A D7 04 10          	l3:	cmpp	(bp+gapend),x
0BEF7D 18 42             		jrz	e1			;	メモリ不足
0BEF7F 60 0D             		cmp	a,$0d
0BEF81 1A 16             		jrnz	l1
0BEF83 41 21 01          	l4:	add	(bp+maxlin),1
0BEF86 51 22 00          		adc	(bp+maxlin+1),0
0BEF89 B0 24             		mv	[x++],a
0BEF8B 04 C8 EF          		call	fgetc
0BEF8E 1C 15             		jrc	loope
0BEF90 60 0A             		cmp	a,$0a
0BEF92 1B 31             		jrnz	l2
0BEF94 71 46 F7          		and	(bp+tmode),$ff-s_crlf	;	CR+LFで行が終わる
0BEF97 13 3B             		jr	loop
0BEF99 B0 24             	l1:	mv	[x++],a
0BEF9B 13 3F             		jr	loop
0BEF9D 71 46 FB          	l6:	and	(bp+tmode),$ff-s_eof	;	EOFが存在する
0BEFA0 61 44 00          		cmp	(bp+eof),0
0BEFA3 1B 47             		jrnz	loop
0BEFA5                   	loope:
0BEFA5 85 0D             	l5:	mv	y,(bp+gaptop)
0BEFA7 A4 0D             		mv	(bp+gaptop),x
0BEFA9 04 FC EF          		call	chkdbl
0BEFAC C8 86 39          		mv	(bp+cx-base),(bp+hdl)
0BEFAF 04 98 F5          		call	fclose
0BEFB2 C6 21 1F          		cmpw	(bp+maxlin),(bp+lineno)	;	最終行が1行=改行がない
0BEFB5 1A 09             		jrnz	ldend
0BEFB7 80 45             		mv	a,(bp+smode)
0BEFB9 70 08             		and	a,s_crlf
0BEFBB 71 46 F7          		and	(bp+tmode),$ff-s_crlf
0BEFBE 7B 46             		or	(bp+tmode),a
0BEFC0 06                	ldend:	ret
0BEFC1 2C                	e1:	pushu	x
0BEFC2 04 78 F4          		call	memerr
0BEFC5 3C                		popu	x
0BEFC6 13 23             		jr	l5
0BEFC8                   		endl
0BEFC8                   	fgetc:	local
0BEFC8                   	;	ギャップ領域を使ってファイルを読み出す
0BEFC8                   	;	a<-DATA
0BEFC8 08 01             		mv	a,1
0BEFCA 09 03             		mv	il,3
0BEFCC 5D 40             		sbcl	(bp+rest),a
0BEFCE 1C 03             		jrc	l1
0BEFD0 90 25             		mv	a,[y++]
0BEFD2 06                		ret
0BEFD3                   	l1:
0BEFD3 2C                		pushu	x
0BEFD4 30 65 FF 08       		test	($ff),8
0BEFD8 1A 20             		jrnz	l2
0BEFDA 80 44             		mv	a,(bp+eof)
0BEFDC C8 86 39          		mv	(bp+cx-base),(bp+hdl)
0BEFDF 85 10             		mv	y,(bp+gapend)
0BEFE1 4D 54             		sub	y,x
0BEFE3 1A 04             		jrnz	l3			;	ギャップ領域はあるか？
0BEFE5 08 FF             		mv	a,$ff			;	ダミー
0BEFE7 12 11             		jr	l2
0BEFE9 09 03             	l3:	mv	il,$03
0BEFEB 04 A1 F5          		call	fcall
0BEFEE 1C 0A             		jrc	l2
0BEFF0 08 01             		mv	a,1
0BEFF2 4D 50             		sub	y,a
0BEFF4 A5 40             		mv	(bp+rest),y
0BEFF6 95 06             		mv	y,[u]
0BEFF8 90 25             		mv	a,[y++]
0BEFFA 3C                	l2:	popu	x
0BEFFB 06                		ret
0BEFFC                   		endl
0BEFFC                   	chkdbl:	local
0BEFFC 4D 45             		sub	x,y			;	必ずc=0になる
0BEFFE 18 1D             		jrz	l1
0BF000 90 25             	loop:	mv	a,[y++]
0BF002 1E 0C             		jrnc	l2			;	2バイトコードのときc=1
0BF004 60 40             		cmp	a,$40
0BF006 1E 0B             		jrnc	l3			;	シフトJISは2バイト目が$40～
0BF008 08 20             		mv	a,' '
0BF00A B0 C5 02          		mv	[y-2],a
0BF00D 9F                		rc
0BF00E 12 03             		jr	l3
0BF010 04 5D F1          	l2:	call	isjis1
0BF013 7C 04             	l3:	dec	x
0BF015 1B 17             		jrnz	loop
0BF017 1E 04             		jrnc	l1
0BF019 08 20             		mv	a,' '
0BF01B B0 35             		mv	[--y],a
0BF01D 06                	l1:	ret
0BF01E                   		endl
0BF01E                   	savewk:	local
0BF01E                   	;	mv	(bp+wksum),(bp+0)
0BF01E                   	;	mv	(bp+ptrx-base),wksiz-2
0BF01E                   	;loop:	mv	a,(bp+px)
0BF01E                   	;	add	(bp+wksum),a
0BF01E                   	;	dec	(bp+ptrx-base)
0BF01E                   	;	jrnz	loop
0BF01E 09 2A             		mv	il,wksiz
0BF020 DB A8 F9 0B 00    		mvl	[wkbuf],(bp+0)
0BF025 06                		ret
0BF026                   		endl
0BF026                   	loadwk:
0BF026 09 2A             		mv	il,wksiz
0BF028 D3 00 A8 F9 0B    		mvl	(bp+0),[wkbuf]
0BF02D 06                		ret
0BF02E                   	initwk:
0BF02E                   	;	ワークエリアの初期化
0BF02E                   	;	(filtop),(filend),(gaptop),(gapend)は初期化されない
0BF02E 84 07             		mv	x,(bp+filtop)
0BF030 A4 13             		mv	(bp+cptr),x
0BF032 A4 16             		mv	(bp+ltptr),x
0BF034 CD 1F 01 00       		mvw	(bp+lineno),1
0BF038 C9 21 1F          		mvw	(bp+maxlin),(bp+lineno)
0BF03B 09 00             		mv	il,0
0BF03D A1 02             		mv	(bp+scwid),il
0BF03F A3 03             		mv	(bp+curx),i
0BF041 A1 05             		mv	(bp+vx),il
0BF043 06                		ret
0BF044                   	copyfnd:local
0BF044                   	;	検索文字列を変形する
0BF044 30 49 EC 02       		sub	($ec),2
0BF048 09 3F             		mv	il,c_fbuf+$22
0BF04A 04 E3 F1          		call	getcfg
0BF04D E0 25 00          		mv	(bp+0),[y++]		;	長さ
0BF050 61 00 00          		cmp	(bp+0),0
0BF053 18 55             		jrz	l6
0BF055 0C D2 F9 0B       		mv	x,fbuf2
0BF059 2C                		pushu	x
0BF05A 90 25             		mv	a,[y++]
0BF05C 60 5E             		cmp	a,'^'			;	行頭の'^'
0BF05E 1A 06             		jrnz	l4
0BF060 08 0D             		mv	a,$0d
0BF062 12 22             		jr	l2
0BF064 90 25             	loop:	mv	a,[y++]
0BF066 30 65 AD 02       	l4:	test	(pref_d+base),2
0BF06A 18 03             		jrz	l7
0BF06C 04 06 F4          		call	toupper
0BF06F 60 5C             	l7:	cmp	a,'\'
0BF071 1A 08             		jrnz	l3
0BF073 7D 00             		dec	(bp+0)
0BF075 18 22             		jrz	l1
0BF077 90 25             		mv	a,[y++]
0BF079 12 0B             		jr	l2
0BF07B 60 24             	l3:	cmp	a,'$'
0BF07D 1A 07             		jrnz	l2
0BF07F 61 00 01          		cmp	(bp+0),1		;	行末か？
0BF082 1A 0F             		jrnz	l8
0BF084 08 0D             		mv	a,$0d
0BF086 04 5D F1          	l2:	call	isjis1
0BF089 1E 08             		jrnc	l8
0BF08B 7D 00             		dec	(bp+0)
0BF08D 18 0A             		jrz	l1			;	シフトJISの1バイト目で終わる場合
0BF08F B0 24             		mv	[x++],a
0BF091 90 25             		mv	a,[y++]
0BF093 B0 24             	l8:	mv	[x++],a
0BF095 7D 00             		dec	(bp+0)
0BF097 1B 35             		jrnz	loop
0BF099 3D                	l1:	popu	y
0BF09A 4D 45             		sub	x,y
0BF09C FD 34             		mv	i,x
0BF09E 7C 03             		dec	i
0BF0A0 1A 06             		jrnz	l5
0BF0A2 90 05             		mv	a,[y]
0BF0A4 60 0D             		cmp	a,$0d
0BF0A6 18 02             		jrz	l6			;	^または$1文字のみの時
0BF0A8 6C 03             	l5:	inc	i
0BF0AA 30 47 EC 02       	l6:	pmdf	($ec),2
0BF0AE 06                		ret
0BF0AF                   		endl
0BF0AF                   	found:	local
0BF0AF                   	;	検索文字列が見つかったときの処理
0BF0AF                   	;	y->発見文字列の先頭アドレス
0BF0AF 04 3B F1          		call	isjis2
0BF0B2 1A 4C             		jrnz	l13			;	先頭がシフトJISの2バイト目のとき
0BF0B4 65 5D 02          		test	(bp+pref_d),2
0BF0B7 18 22             		jrz	l1
0BF0B9                   	;	シフトJISの2バイト目を大文字小文字を無視していないか確かめる
0BF0B9 2D                		pushu	y
0BF0BA 0C D2 F9 0B       		mv	x,fbuf2
0BF0BE 81 4F             		mv	il,(bp+flen)
0BF0C0 90 24             	loop:	mv	a,[x++]
0BF0C2 6C 05             		inc	y
0BF0C4 04 5D F1          		call	isjis1
0BF0C7 1E 0D             		jrnc	loopn
0BF0C9 7C 01             		dec	il
0BF0CB 18 0D             		jrz	loope
0BF0CD 90 24             		mv	a,[x++]
0BF0CF E0 25 38          		mv	(bp+fcmp),[y++]
0BF0D2 63 38             		cmp	(bp+fcmp),a
0BF0D4 1A 29             		jrnz	l2
0BF0D6 7C 01             	loopn:	dec	il
0BF0D8 1B 1A             		jrnz	loop
0BF0DA                   	loope:
0BF0DA 3D                		popu	y
0BF0DB FD 45             	l1:	mv	x,y
0BF0DD 90 24             		mv	a,[x++]
0BF0DF 60 0D             		cmp	a,$0d			;	'^'を置き換えた$0dを取る
0BF0E1 18 02             		jrz	lc2
0BF0E3 7C 04             		dec	x
0BF0E5 A4 13             	lc2:	mv	(bp+cptr),x
0BF0E7 81 4F             		mv	il,(bp+flen)
0BF0E9 45 51             		add	y,il
0BF0EB 65 25 20          		test	(bp+mode),m_pfmk
0BF0EE 1A 0D             		jrnz	l3
0BF0F0 90 35             		mv	a,[--y]
0BF0F2 60 0D             		cmp	a,$0d			;	'$'を置き換えた$0dを取る
0BF0F4 18 02             		jrz	lc1
0BF0F6 6C 05             		inc	y
0BF0F8 A5 19             	lc1:	mv	(bp+mark),y
0BF0FA 79 25 40          		or	(bp+mode),m_fnmk
0BF0FD 9F                	l3:	rc
0BF0FE 06                		ret
0BF0FF 3D                	l2:	popu	y
0BF100 97                	l13:	sc
0BF101 06                		ret
0BF102                   		endl
0BF102                   	lowcmp:	local
0BF102                   	;	Ignore caseがONの場合
0BF102                   	;	(fcmp)が小文字でなければaを大文字に変換する
0BF102                   	;	aと(fcmp)を比較する
0BF102 65 5D 02          		test	(bp+pref_d),2
0BF105 18 08             		jrz	l1
0BF107 61 38 61          		cmp	(bp+fcmp),'a'
0BF10A 1E 03             		jrnc	l1
0BF10C 04 06 F4          		call	toupper
0BF10F 63 38             	l1:	cmp	(bp+fcmp),a
0BF111 06                		ret
0BF112                   		endl
0BF112                   	filcmp:	local
0BF112 65 5D 20          		test	(bp+pref_d),$20
0BF115 18 23             		jrz	end
0BF117 65 4A 04          		test	(bp+parawk),4
0BF11A 1A 1E             		jrnz	end
0BF11C 09 2B             		mv	il,c_lfil+$22
0BF11E 04 E3 F1          		call	getcfg
0BF121 0C 82 F9 0B       		mv	x,fname
0BF125 09 12             		mv	il,18
0BF127 90 25             	loop:	mv	a,[y++]
0BF129 E0 24 38          		mv	(bp+fcmp),[x++]
0BF12C 63 38             		cmp	(bp+fcmp),a
0BF12E 1A 0A             		jrnz	end
0BF130 7C 01             		dec	il
0BF132 1B 0D             		jrnz	loop
0BF134 E1 05 58          		mvw	(bp+fline),[y]
0BF137 79 4A 04          		or	(bp+parawk),4
0BF13A 06                	end:	ret
0BF13B                   		endl
0BF13B                   	isjis2:	local
0BF13B                   	;	yレジスタの位置の文字がシフトJISの2バイト目ならz=0(nz)
0BF13B FD 45             		mv	x,y
0BF13D 04 56 ED          		call	bfrcr2
0BF140 4D 45             		sub	x,y			;	必ずc=0になる
0BF142 18 18             		jrz	l1
0BF144 6C 04             		inc	x
0BF146 90 25             	loop:	mv	a,[y++]
0BF148 1E 05             		jrnc	l2			;	2バイトコードのときc=1
0BF14A 09 00             		mv	il,0
0BF14C 9F                		rc
0BF14D 12 05             		jr	l3
0BF14F 04 5D F1          	l2:	call	isjis1
0BF152 09 01             		mv	il,1
0BF154 7C 04             	l3:	dec	x
0BF156 1B 12             		jrnz	loop
0BF158 7C 05             		dec	y
0BF15A 7C 01             		dec	il
0BF15C 06                	l1:	ret
0BF15D                   		endl
0BF15D                   	isjis1:
0BF15D                   	;	aレジスタがシフトJISの1バイト目ならc=1、そうでなければc=0
0BF15D 60 81             		cmp	a,$81
0BF15F 1C 0E             		jrc	hnka
0BF161 60 A0             		cmp	a,$9f+1
0BF163 1C 08             		jrc	znka
0BF165 60 E0             		cmp	a,$e0
0BF167 1C 06             		jrc	hnka
0BF169 60 FD             		cmp	a,$fc+1
0BF16B 1E 02             		jrnc	hnka
0BF16D 97                	znka:	sc
0BF16E 64                		db	$64
0BF16F 9F                	hnka:	rc
0BF170 06                		ret
0BF171                   	fputc:	local
0BF171                   	;	ファイル書き出しルーチン
0BF171                   	;	入力 a->DATA
0BF171                   	;	Static IRAM:(bsize).p (poi).p (rest).w
0BF171 84 3D             		mv	x,(bp+poi)
0BF173 B0 24             		mv	[x++],a
0BF175 A4 3D             		mv	(bp+poi),x
0BF177 41 40 01          		add	(bp+rest),1
0BF17A 51 41 00          		adc	(bp+rest+1),0
0BF17D C6 3A 40          		cmpw	(bp+bsize),(bp+rest)
0BF180 18 01             		jrz	fflush
0BF182 06                		ret
0BF183                   		endl
0BF183                   	fflush:
0BF183 0C C8 FA 0B       		mv	x,buf
0BF187 83 40             		mv	i,(bp+rest)
0BF189 FD 53             		mv	y,i
0BF18B C8 86 39          		mv	(bp+cx-base),(bp+hdl)
0BF18E 04 90 F5          		call	fputs
0BF191 1E 0D             		jrnc	fpinit
0BF193 A0 4A             		mv	(bp+errno),a
0BF195 06                		ret
0BF196                   	ffcreat:
0BF196 04 AA F1          		call	blocmp2
0BF199 08 00             		mv	a,0
0BF19B 09 00             		mv	il,$00
0BF19D 04 A1 F5          		call	fcall
0BF1A0                   	fpinit:
0BF1A0 DC 3D C8 FA 0B    		mvp	(bp+poi),buf
0BF1A5 CD 40 00 00       		mvw	(bp+rest),0
0BF1A9 06                		ret
0BF1AA                   	blocmp2:local
0BF1AA                   	;	xレジスタで示されたファイルが"S?:"上のものならblocmpを呼ぶ
0BF1AA 2C                		pushu	x
0BF1AB 09 00             		mv	il,0
0BF1AD 04 68 F5          		call	icall			;	ドライブ名のサーチ
0BF1B0 1C 08             		jrc	l1			;	fcallを呼んでもエラーだが…
0BF1B2 61 86 06          		cmp	(bp+cx-base),6		;	メモリ・ブロックの場合
0BF1B5 1A 03             		jrnz	l1
0BF1B7 04 68 F2          		call	blocmp
0BF1BA 3C                	l1:	popu	x
0BF1BB 06                		ret
0BF1BC                   		endl
0BF1BC                   	getquo:	local
0BF1BC                   	;	現在のカーソルの左側を引用符とする
0BF1BC                   	;	(bp+cptr)をスタックにpushする
0BF1BC                   	;	c=0：引用符がない
0BF1BC 04 54 ED          		call	bfrcr
0BF1BF 84 13             		mv	x,(bp+cptr)
0BF1C1 2C                		pushu	x
0BF1C2 4D 45             		sub	x,y
0BF1C4 18 05             		jrz	end
0BF1C6 A5 51             		mv	(bp+scrapp),y
0BF1C8 A4 40             		mv	(bp+pstsiz),x
0BF1CA 97                		sc
0BF1CB 06                	end:	ret
0BF1CC                   		endl
0BF1CC                   	getscp:	local
0BF1CC                   	;	押されたキーに対応するスクラップのアドレスと長さを求める
0BF1CC                   	;	y<-アドレス
0BF1CC                   	;	x<-スクラップの先頭アドレス
0BF1CC                   	;	i<-長さ
0BF1CC 0B 90 02          		mv	i,c_scrap+$22
0BF1CF 04 E3 F1          		call	getcfg
0BF1D2 80 48             		mv	a,(bp+keycd+1)		;	キーコードの2バイト目から読み込む
0BF1D4 48 60             		sub	a,sckey
0BF1D6 FD 45             		mv	x,y
0BF1D8 93 25             	loop:	mv	i,[y++]
0BF1DA 18 06             		jrz	loope
0BF1DC 45 53             		add	y,i
0BF1DE 7C 00             		dec	a
0BF1E0 13 0A             		jr	loop
0BF1E2 06                	loope:	ret
0BF1E3                   		endl
0BF1E3                   	getcfg:	local
0BF1E3                   	;	PANO.CFGのアドレスを求め、レコードのアドレスを返す
0BF1E3                   	;	PANO.CFGが見つからない場合Resetする
0BF1E3                   	;	i->求めるレコードのオフセット+$22
0BF1E3                   	;	y<-レコードのPANO.CFG内のアドレス
0BF1E3 0C 3A F7 0B       		mv	x,CFG
0BF1E7 2B                		pushu	i
0BF1E8 04 F7 F4          		call	bsearch
0BF1EB 3B                		popu	i
0BF1EC 1C 03             		jrc	bomb
0BF1EE 45 53             		add	y,i
0BF1F0 06                		ret
0BF1F1 FF                	bomb:	reset
0BF1F2                   		endl
0BF1F2                   	makecfg:local
0BF1F2                   	;	"S?:"にPANO.CFGがあるか調べ、ない場合は"S1:"に新たに作る
0BF1F2 08 02             		mv	a,2			;	"S3:"
0BF1F4 0C 3A F7 0B       	loop:	mv	x,CFG
0BF1F8 B0 04             		mv	[x],a
0BF1FA 28                		pushu	a
0BF1FB 04 F7 F4          		call	bsearch			;	PANO.CFGを探す
0BF1FE 38                		popu	a
0BF1FF 1E 5B             		jrnc	end
0BF201 48 01             		sub	a,1
0BF203 1F 11             		jrnc	loop
0BF205 04 68 F2          		call	blocmp
0BF208 0C 3A F7 0B       		mv	x,CFG
0BF20C 2C                		pushu	x
0BF20D 08 00             		mv	a,0
0BF20F 09 2F             		mv	il,$2f
0BF211 04 F9 F4          		call	memd2			;	"S?:"の空き容量を調べる
0BF214 3C                		popu	x
0BF215 1C 50             		jrc	errend
0BF217 0D 90 04 00       		mv	y,c_size+$22
0BF21B D7 05 8A          		cmpp	(bp+si-base),y
0BF21E 1C 47             		jrc	errend
0BF220 2D                		pushu	y
0BF221 2C                		pushu	x
0BF222 09 45             		mv	il,$45
0BF224 04 F9 F4          		call	memd2			;	PANO.CFGを作る
0BF227 3C                		popu	x
0BF228 2D                		pushu	y
0BF229 0D 6E 04 00       		mv	y,c_size
0BF22D 08 00             		mv	a,0
0BF22F 09 42             		mv	il,$42
0BF231 04 F9 F4          		call	memd2			;	PANO.CFGの後ろを空ける
0BF234 3D                		popu	y
0BF235 3C                		popu	x
0BF236 1C 2F             		jrc	errend
0BF238 2D                		pushu	y
0BF239 B4 85 16          		mv	[y+$16],x		;	ファイルサイズを設定する
0BF23C 08 22             		mv	a,$22
0BF23E 45 50             		add	y,a
0BF240 0C 51 F9 0B       		mv	x,dflt
0BF244 09 09             		mv	il,c_lfil
0BF246 04 C8 F3          		call	xtoy
0BF249 0B 77 02          		mv	i,c_scrap-c_lfil+2*9
0BF24C 08 00             		mv	a,0
0BF24E B0 25             	loop2:	mv	[y++],a			;	クリアする
0BF250 7C 03             		dec	i
0BF252 1B 06             		jrnz	loop2
0BF254 93 24             		mv	i,[x++]
0BF256 B3 25             		mv	[y++],i
0BF258 04 C8 F3          		call	xtoy
0BF25B 3D                		popu	y
0BF25C 08 22             	end:	mv	a,$22+c_ver
0BF25E 45 50             		add	y,a
0BF260 90 25             		mv	a,[y++]
0BF262 60 03             		cmp	a,prefver		;	PANO.CFGのバージョンをチェックする
0BF264 18 01             		jrz	errend
0BF266 97                		sc
0BF267 06                	errend:	ret
0BF268                   		endl
0BF268                   	blocmp:	local
0BF268                   	;	メモリブロックを圧縮し、BTEXT$とBDATA$のポインタを張り直す
0BF268 09 47             		mv	il,$47
0BF26A 04 FD F4          		call	memd
0BF26D 84 81             		mv	x,(bp+bwork-base)
0BF26F 08 72             		mv	a,$72
0BF271 45 40             		add	x,a
0BF273 04 F7 F4          		call	bsearch
0BF276 1C 0A             		jrc	bomb
0BF278 A5 7B             		mv	(bp+btext-base),y
0BF27A 04 F7 F4          		call	bsearch
0BF27D 1C 03             		jrc	bomb
0BF27F A5 7E             		mv	(bp+bdata-base),y
0BF281 06                		ret
0BF282 FF                	bomb:	reset
0BF283                   		endl
0BF283                   	getpara:local
0BF283 CC 4A 00          		mv	(bp+parawk),0
0BF286 90 24             		mv	a,[x++]
0BF288 60 22             		cmp	a,'"'
0BF28A 18 02             		jrz	loop
0BF28C 7C 04             		dec	x
0BF28E                   	loop:
0BF28E 90 24             		mv	a,[x++]
0BF290 60 20             	parl2:	cmp	a,' '
0BF292 19 06             		jrz	loop
0BF294 60 2F             		cmp	a,'/'
0BF296 18 04             		jrz	optl
0BF298 60 2D             		cmp	a,'-'
0BF29A 1A 5E             		jrnz	l1
0BF29C 04 DD F3          	optl:	call	str2i
0BF29F 1C 05             		jrc	l8
0BF2A1 A3 58             		mv	(bp+fline),i
0BF2A3 79 4A 04          		or	(bp+parawk),4
0BF2A6 60 57             	l8:	cmp	a,'W'
0BF2A8 1A 0F             		jrnz	l2
0BF2AA 04 D1 F3          		call	str2a
0BF2AD 1C 64             		jrc	endpara
0BF2AF 60 02             		cmp	a,2
0BF2B1 1C 60             		jrc	endpara			;	2文字以上
0BF2B3 A0 28             		mv	(bp+subwid),a
0BF2B5 7C 04             		dec	x
0BF2B7 13 1D             		jr	optl
0BF2B9 60 54             	l2:	cmp	a,'T'
0BF2BB 1A 0F             		jrnz	l4
0BF2BD 04 D1 F3          		call	str2a
0BF2C0 1C 51             		jrc	endpara
0BF2C2 60 01             		cmp	a,1
0BF2C4 1C 4D             		jrc	endpara			;	1文字以上
0BF2C6 A0 29             		mv	(bp+tabwid),a
0BF2C8 7C 04             		dec	x
0BF2CA 13 30             		jr	optl
0BF2CC 60 45             	l4:	cmp	a,'E'
0BF2CE 1A 0E             		jrnz	l7
0BF2D0 79 5D 08          		or	(bp+pref_d),8
0BF2D3 90 24             		mv	a,[x++]
0BF2D5 60 30             		cmp	a,'0'
0BF2D7 1A 17             		jrnz	l10
0BF2D9 71 5D F7          		and	(bp+pref_d),$f7
0BF2DC 13 42             		jr	optl
0BF2DE 60 53             	l7:	cmp	a,'S'
0BF2E0 1A 12             		jrnz	l5
0BF2E2 79 5D 04          		or	(bp+pref_d),4
0BF2E5 90 24             		mv	a,[x++]
0BF2E7 60 30             		cmp	a,'0'
0BF2E9 1A 05             		jrnz	l10
0BF2EB 71 5D FB          		and	(bp+pref_d),$fb
0BF2EE 13 54             		jr	optl
0BF2F0 7C 04             	l10:	dec	x
0BF2F2 13 58             		jr	optl
0BF2F4                   	l5:;	cmp	a,'R'
0BF2F4                   	;	jrnz	l6
0BF2F4                   	;	test	(bp+parawk),1
0BF2F4                   	;	jrnz	endpara
0BF2F4                   	;	or	(bp+parawk),3
0BF2F4                   	;	jr	optl
0BF2F4 60 21             	l6:	cmp	a,' '+1
0BF2F6 1D 68             		jrc	parl2
0BF2F8 12 19             		jr	endpara
0BF2FA                   	l1:
0BF2FA 7C 04             		dec	x
0BF2FC 60 0D             		cmp	a,$0d
0BF2FE 18 16             		jrz	pare
0BF300 65 4A 01          		test	(bp+parawk),1
0BF303 1A 0E             		jrnz	endpara
0BF305 0D 82 F9 0B       		mv	y,fname
0BF309 08 00             		mv	a,0
0BF30B 04 17 F3          		call	file
0BF30E 79 4A 01          		or	(bp+parawk),1
0BF311 13 85             		jr	loop
0BF313                   	endpara:
0BF313 7C 04             		dec	x
0BF315 97                		sc
0BF316 06                	pare:	ret
0BF317                   		endl
0BF317                   	file:	local
0BF317                   	;	入力ファイル名->FCSファイル名(ワイルドカード展開付)
0BF317                   	;	x->パラメータアドレス
0BF317                   	;	A->0:スペース、CRで終わる文字列　1:il->文字数+1
0BF317                   	tctr:	equ	0
0BF317                   	pmax:	equ	1
0BF317                   	tlen:	equ	2
0BF317                   	drvd:	equ	3
0BF317 30 49 EC 04       		sub	($ec),4
0BF31B 2D                		pushu	y
0BF31C CD 00 FF 06       		mvw	(bp+tctr),$06ff
0BF320 CD 02 00 00       		mvw	(bp+tlen),0
0BF324 28                		pushu	a
0BF325 29                		pushu	il
0BF326 2C                		pushu	x
0BF327                   	;	':'の有無、ファイルの終末を調べる
0BF327 6D 02             	loop1:	inc	(bp+tlen)
0BF329 90 24             		mv	a,[x++]
0BF32B 60 3A             		cmp	a,':'
0BF32D 1A 05             		jrnz	l1
0BF32F CC 03 01          		mv	(bp+drvd),1
0BF332 13 0D             		jr	loop1
0BF334 60 21             	l1:	cmp	a,' '+1
0BF336 1C 04             		jrc	loop1e
0BF338 60 2F             		cmp	a,'/'
0BF33A 1B 15             		jrnz	loop1
0BF33C                   	loop1e:
0BF33C 3C                		popu	x
0BF33D 39                		popu	il
0BF33E 38                		popu	a
0BF33F 60 00             		cmp	a,0
0BF341 18 02             		jrz	l6
0BF343 A1 02             		mv	(bp+tlen),il
0BF345 09 0F             	l6:	mv	il,15
0BF347 7D 03             		dec	(bp+drvd)
0BF349 18 19             		jrz	floop2
0BF34B                   	;	ドライブが入力されていない
0BF34B 2C                		pushu	x
0BF34C 0C 7D FC 0B       		mv	x,cdrv
0BF350 6D 00             	dloop:	inc	(bp+tctr)
0BF352 90 24             		mv	a,[x++]
0BF354 B0 25             		mv	[y++],a
0BF356 60 3A             		cmp	a,':'
0BF358 1B 0A             		jrnz	dloop
0BF35A 6D 00             		inc	(bp+tctr)
0BF35C 3C                		popu	x
0BF35D                   	;	メイン部分
0BF35D 08 20             	l5:	mv	a,' '
0BF35F 04 9E F3          		call	fill
0BF362 A1 01             		mv	(bp+pmax),il
0BF364 7D 02             	floop2:	dec	(bp+tlen)
0BF366 18 26             		jrz	fend
0BF368 6D 00             		inc	(bp+tctr)
0BF36A 90 24             		mv	a,[x++]
0BF36C 60 2A             		cmp	a,'*'
0BF36E 1A 07             		jrnz	l3
0BF370 08 3F             		mv	a,'?'
0BF372 04 9E F3          		call	fill
0BF375 13 13             		jr	floop2
0BF377 09 12             	l3:	mv	il,18
0BF379 60 2E             		cmp	a,'.'
0BF37B 19 20             		jrz	l5
0BF37D B7 00 01          		cmp	(bp+tctr),(bp+pmax)
0BF380 1F 1E             		jrnc	floop2
0BF382 B0 25             		mv	[y++],a
0BF384 09 0F             		mv	il,15
0BF386 60 3A             		cmp	a,':'
0BF388 1B 26             		jrnz	floop2
0BF38A 6D 00             		inc	(bp+tctr)
0BF38C 13 31             		jr	l5
0BF38E                   	fend:
0BF38E 3D                		popu	y
0BF38F 08 2E             		mv	a,'.'
0BF391 B0 85 0E          		mv	[y+14],a
0BF394 08 00             		mv	a,0
0BF396 B0 85 12          		mv	[y+18],a
0BF399 30 41 EC 04       		add	($ec),4
0BF39D 06                		ret
0BF39E                   	fill:
0BF39E                   	;	ファイル名の終わりまでaレジスタで指定された文字で埋める
0BF39E                   	;	ついでにyはデリミタの次に合わせておく
0BF39E 2D                		pushu	y
0BF39F B7 00 01          	sloop1:	cmp	(bp+tctr),(bp+pmax)
0BF3A2 1A 02             		jrnz	l4
0BF3A4 B5 06             		mv	[u],y
0BF3A6                   	l4:
0BF3A6 61 00 12          		cmp	(bp+tctr),18
0BF3A9 1E 06             		jrnc	sloop1e
0BF3AB 6D 00             		inc	(bp+tctr)
0BF3AD B0 25             		mv	[y++],a
0BF3AF 13 12             		jr	sloop1
0BF3B1                   	sloop1e:
0BF3B1 3D                		popu	y
0BF3B2 C8 00 01          		mv	(bp+tctr),(bp+pmax)
0BF3B5 7D 00             		dec	(bp+tctr)
0BF3B7 06                		ret
0BF3B8                   		endl	;of file
0BF3B8                   	ytou:
0BF3B8 90 35             		mv	a,[--y]
0BF3BA 28                		pushu	a			;	mv [--u],a
0BF3BB 7C 04             		dec	x
0BF3BD 1B 07             		jrnz	ytou
0BF3BF 06                		ret
0BF3C0                   	utoy:
0BF3C0 38                		popu	a			;	mv	a,[u++]
0BF3C1 B0 25             		mv	[y++],a
0BF3C3 7C 04             		dec	x
0BF3C5 1B 07             		jrnz	utoy
0BF3C7 06                		ret
0BF3C8                   	xtoy:
0BF3C8 90 24             		mv	a,[x++]
0BF3CA B0 25             		mv	[y++],a
0BF3CC 7C 01             		dec	il
0BF3CE 1B 08             		jrnz	xtoy
0BF3D0 06                		ret
0BF3D1                   	str2a:
0BF3D1 04 DD F3          		call	str2i
0BF3D4 1C 06             		jrc	i2a!l1
0BF3D6                   	i2a:	local
0BF3D6 FD 23             		mv	ba,i
0BF3D8 09 FF             		mv	il,255
0BF3DA 4C 32             		sub	i,ba
0BF3DC 06                	l1:	ret
0BF3DD                   		endl
0BF3DD                   	str2i:	local
0BF3DD 09 00             		mv	il,0
0BF3DF 90 24             		mv	a,[x++]
0BF3E1 04 FD F3          		call	isnum
0BF3E4 1C 16             		jrc	l1
0BF3E6 48 30             	loop:	sub	a,'0'
0BF3E8 44 33             		add	i,i
0BF3EA 2B                		pushu	i
0BF3EB 44 33             		add	i,i
0BF3ED 44 33             		add	i,i
0BF3EF 44 30             		add	i,a
0BF3F1 3A                		popu	ba
0BF3F2 44 32             		add	i,ba			;	i=i*10+a
0BF3F4 90 24             		mv	a,[x++]
0BF3F6 04 FD F3          		call	isnum
0BF3F9 1F 15             		jrnc	loop
0BF3FB 9F                		rc
0BF3FC 06                	l1:	ret
0BF3FD                   		endl
0BF3FD                   	isnum:	local
0BF3FD 60 3A             		cmp	a,'9'+1
0BF3FF 1E 03             		jrnc	l1
0BF401 60 30             		cmp	a,'0'
0BF403 06                		ret
0BF404 97                	l1:	sc
0BF405 06                		ret
0BF406                   		endl
0BF406                   	toupper:local
0BF406 04 0E F4          		call	isalph
0BF409 1C 02             		jrc	l1
0BF40B 70 DF             		and	a,$df			;	大文字に変換
0BF40D 06                	l1:	ret
0BF40E                   		endl
0BF40E                   	isalph:	local
0BF40E 60 41             		cmp	a,'A'
0BF410 1C 0D             		jrc	l1
0BF412 60 7B             		cmp	a,'z'+1
0BF414 1E 0A             		jrnc	l2
0BF416 60 61             		cmp	a,'a'
0BF418 1E 05             		jrnc	l1
0BF41A 60 5B             		cmp	a,'Z'+1
0BF41C 1E 02             		jrnc	l2
0BF41E 9F                		rc
0BF41F 06                	l1:	ret
0BF420 97                	l2:	sc
0BF421 06                		ret
0BF422                   		endl
0BF422                   	iskey:	local
0BF422                   	;	キーバッファにコントロールコードでない文字が入力されているか調べる
0BF422                   	;	c=0：文字がある/c=1：文字はない
0BF422 65 45 02          		test	(bp+smode),s_pf
0BF425 1A 05             		jrnz	pfok
0BF427 7A 3F FC 0B 02    		or	[$bfc3f],$02		;	ファンクションキーを無効に
0BF42C 08 01             	pfok:	mv	a,1
0BF42E 09 0E             		mv	il,$0e
0BF430 04 F0 F4          		call	keyd			;	キーバッファの次の文字を調べる
0BF433 60 21             		cmp	a,' '+1			;	コントロールコード
0BF435 1C 06             		jrc	l1
0BF437 74                		mv	a,b
0BF438 60 00             		cmp	a,0			;	入力されていない
0BF43A 18 01             		jrz	l1
0BF43C 06                		ret				;	必ずc=0
0BF43D 97                	l1:	sc
0BF43E 06                		ret
0BF43F                   		endl
0BF43F                   	puti:
0BF43F                   	;	iを10進左詰めで表示
0BF43F A3 8D             		mv	(bp+di-base),i
0BF441 CC 8F 00          		mv	(bp+di-base+2),0
0BF444                   	putdi:	local
0BF444                   	;	diを10進左詰めで表示
0BF444 30 49 EC 11       		sub	($ec),17
0BF448 22 C9 0F D4       		mvw	(bp+15),(bx)
0BF44C CC 00 00          		mv	(bp+0),0
0BF44F 22 CA 01 DD       		mvp	(bp+1),(di)
0BF453 09 7F             		mv	il,$7f
0BF455 04 71 F4          		call	func
0BF458 B6 37             		mv	[--s],u			;	pushs u
0BF45A 09 78             		mv	il,$78
0BF45C 04 71 F4          		call	func
0BF45F 84 01             		mv	x,(bp+1)
0BF461 81 04             		mv	il,(bp+4)
0BF463 30 C9 D4 0F       		mvw	(bx),(bp+15)
0BF467 30 41 EC 11       		add	($ec),17
0BF46B 04 5F F5          		call	putn2
0BF46E 96 27             		mv	u,[s++]			;	pops u
0BF470 06                		ret
0BF471 30 CD D6 09 00    	func:	mvw	(cx),9
0BF476 12 F0             		jr	icall
0BF478                   		endl
0BF478                   	memerr:
0BF478 09 C3             		mv	il,mem_e-ms
0BF47A                   	alert:	local
0BF47A 30 65 75 80       		test	(base+mode),m_alert
0BF47E 18 05             		jrz	l1
0BF480 04 27 F5          		call	putel
0BF483 12 17             		jr	keys2
0BF485 06                	l1:	ret
0BF486                   		endl
0BF486                   	keyp:	local
0BF486                   	;	カーソルを表示して入力待ち、終わったらカーソルを消す
0BF486 04 4C EC          		call	putcurs
0BF489 65 45 02          		test	(bp+smode),s_pf
0BF48C 1A 05             		jrnz	pfok
0BF48E 7A 3F FC 0B 02    		or	[$bfc3f],$02		;	ファンクションキーを無効に
0BF493 04 A1 F4          	pfok:	call	keys
0BF496 2A                		pushu	ba
0BF497 04 3D F5          		call	clrcur
0BF49A 3A                		popu	ba
0BF49B 06                		ret
0BF49C                   		endl
0BF49C                   	keys2:
0BF49C 7A 3F FC 0B 02    		or	[$bfc3f],$02		;	ファンクションキーを無効に
0BF4A1                   	keys:
0BF4A1                   	;	キーボードから入力：2バイトコード、パワーオフ対応
0BF4A1 04 EC F4          		call	keyr
0BF4A4 0B 00 01          		mv	i,$0100
0BF4A7 4C 32             		sub	i,ba
0BF4A9 1A 0E             		jrnz	ksbyte
0BF4AB 04 EC F4          		call	keyr
0BF4AE 60 04             		cmp	a,$04
0BF4B0 18 0D             		jrz	poff
0BF4B2 60 0F             		cmp	a,$0f
0BF4B4 18 09             		jrz	poff
0BF4B6 DD                		ex	a,b
0BF4B7 08 00             		mv	a,0
0BF4B9 72 3F FC 0B FD    	ksbyte:	and	[$bfc3f],$fd		;	ファンクションキーを有効に
0BF4BE 06                		ret
0BF4BF 08 00             	poff:	mv	a,0
0BF4C1 04 39 F5          		call	onof
0BF4C4 30 CD D6 08 00    		mvw	(cx),8
0BF4C9 09 41             		mv	il,$41
0BF4CB 04 68 F5          		call	icall
0BF4CE 08 01             		mv	a,1
0BF4D0 04 39 F5          		call	onof
0BF4D3 13 34             		jr	keys
0BF4D5                   	fpsave:
0BF4D5                   	;	FEPの状態を保存してOFFする
0BF4D5 09 7E             		mv	il,$7e
0BF4D7 04 F0 F4          		call	keyd
0BF4DA 30 A0 9B          		mv	(base+fpmode),a
0BF4DD 08 00             		mv	a,0
0BF4DF 12 03             		jr	fpset
0BF4E1 30 80 9B          	fpres:	mv	a,(base+fpmode)
0BF4E4 09 7F             	fpset:	mv	il,$7f
0BF4E6 12 08             		jr	keyd
0BF4E8 09 45             	kclr:	mv	il,$45
0BF4EA 12 04             		jr	keyd
0BF4EC 08 01             	keyr:	mv	a,$01
0BF4EE 09 0C             		mv	il,$0c
0BF4F0 30 CD D6 01 00    	keyd:	mvw	(cx),1
0BF4F5 12 71             		jr	icall
0BF4F7 09 41             	bsearch:mv	il,$41
0BF4F9 30 E0 24 D7       	memd2:	mv	(cx+1),[x++]
0BF4FD 30 CC D6 06       	memd:	mv	(cx),6
0BF501 12 65             		jr	icall
0BF503 65 25 04          	puttab:	test	(bp+mode),m_tab
0BF506 1A 49             		jrnz	putspc
0BF508 12 05             		jr	putof
0BF50A 65 25 08          	putcr:	test	(bp+mode),m_cre
0BF50D 18 42             		jrz	putspc
0BF50F 30 D2 9C 87 FC 0B 	putof:	mvp	(base+oldfnt),[fontad]
0BF515 0C A6 F5 0B       		mv	x,fdat
0BF519 AC 87 FC 0B       		mv	[fontad],x
0BF51D 04 53 F5          		call	putc
0BF520 30 DA 87 FC 0B 9C 		mvp	[fontad],(base+oldfnt)
0BF526 06                		ret
0BF527                   	putel:
0BF527                   	;	画面のいちばん下の行に表示
0BF527 2B                		pushu	i
0BF528 32 C8 D5 84       		mv	(bx+1),(base+dhei)
0BF52C 30 7D D5          		dec	(bx+1)
0BF52F 04 43 F5          		call	clrl
0BF532 3B                		popu	i
0BF533 30 CC D4 00       		mv	(bx),0
0BF537 12 1E             		jr	putm
0BF539 09 50             	onof:	mv	il,$50
0BF53B 12 26             		jr	lcdd
0BF53D 08 00             	clrcur:	mv	a,0
0BF53F 09 45             	curs:	mv	il,$45
0BF541 12 20             		jr	lcdd
0BF543 09 49             	clrl:	mv	il,$49
0BF545 12 1C             		jr	lcdd
0BF547 09 52             	clrn:	mv	il,$52
0BF549 12 18             		jr	lcdd
0BF54B 1A 06             	putst:	jrnz	putc
0BF54D 08 2D             		mv	a,'-'
0BF54F 12 02             		jr	putc
0BF551 08 20             	putspc:	mv	a,' '
0BF553 09 57             	putc:	mv	il,$57
0BF555 12 0C             		jr	lcdd
0BF557 0C 4F F7 0B       	putm:	mv	x,ms
0BF55B 45 43             		add	x,i
0BF55D 91 24             	putp:	mv	il,[x++]
0BF55F FD 53             	putn2:	mv	y,i
0BF561 09 42             	putn:	mv	il,$42
0BF563 30 CD D6 00 00    	lcdd:	mvw	(cx),0
0BF568 05 E8 FF 0F       	icall:	callf	iocs
0BF56C 06                		ret
0BF56D 0D C8 FA 0B       	finfo:	mv	y,buf
0BF571 09 0B             		mv	il,$0b
0BF573 12 2C             		jr	fcall
0BF575 FD 54             	wild:	mv	y,x
0BF577 08 80             		mv	a,$80
0BF579 30 CD D4 00 00    		mvw	(bx),0
0BF57E 09 0C             		mv	il,$0c
0BF580 12 1F             		jr	fcall
0BF582 0C 4F F7 0B       	putm2:	mv	x,ms
0BF586 45 43             		add	x,i
0BF588 91 24             		mv	il,[x++]
0BF58A FD 53             		mv	y,i
0BF58C 30 CC D6 00       		mv	(cx),0
0BF590 09 04             	fputs:	mv	il,$04
0BF592 12 0D             		jr	fcall
0BF594 09 01             	fopen:	mv	il,$01
0BF596 12 09             		jr	fcall
0BF598 66 BE FC 0B 80    	fclose:	test	[$bfcbe],$80		;	Breakが離されるまで待つ
0BF59D 1B 07             		jrnz	fclose
0BF59F 09 02             		mv	il,$02
0BF5A1 05 E4 FF 0F       	fcall:	callf	fcs
0BF5A5 06                		ret
0BF5A6                   	;	特殊コードフォント
0BF5A6 20 20 30 20 00 00 	fdat:	db	$20,$20,$30,$20,$00,$00	;	TABコード
0BF5AC 20 30 20 20 3C 3C 		db	$20,$30,$20,$20,$3c,$3c	;	CRコード
0BF5B2 08 14 22 7F 00 00 		db	$08,$14,$22,$7f,$00,$00	;	EOFコード
0BF5B8 00 00 08 08 00 00 		db	$00,$00,$08,$08,$00,$00	;	漢字が次の行にまたがるときのハイフン
0BF5BE                   	cltab:
0BF5BE                   	;	1行入力でしか使えないキー
0BF5BE 0C 01 D5 DD 1E 01 		dw	$010c,ctry,   $011e,hist
0BF5C4 A2 D2             	
0BF5C6                   	cttab:
0BF5C6                   	;	1行入力と編集の両方で使えるキー
0BF5C6 1C 01 DF E2 1D 01 		dw	$011c,c_right,$011d,c_left, $3c00,linend,$3d00,lintop
0BF5CC 17 E2 00 3C 9B E2 	
0BF5D2 00 3D F1 E1       	
0BF5D6 05 01 AF DE 04 01 		dw	$0105,ctre,   $0104,delc,   $0119,ctry,  $0108,bs
0BF5DC 5F DE 19 01 D5 DD 	
0BF5E2 08 01 D2 DE       	
0BF5E6 12 01 33 E7 09 01 		dw	$0112,chgins, $0109,tab,    $9100,tab,   $8b00,ctrlin
0BF5EC 13 E0 00 91 13 E0 	
0BF5F2 00 8B 55 DF       	
0BF5F6 00 5C 8A E1 00 5D 		dw	$5c00,pgright,$5d00,pgleft
0BF5FC 3F E1             	
0BF5FE 00 17 02 D8 00 0E 		dw	$1700,cpaste, $0e00,chgpf,  $8a00,chgind, $8f00,case
0BF604 6A E5 00 8A 65 E5 	
0BF60A 00 8F 0C E5       	
0BF60E                   	sckey:	equ	$60
0BF60E 00 60 F8 D7 00 61 		dw	sckey*256,    spaste,(sckey+1)*256,spaste,(sckey+2)*256,spaste
0BF614 F8 D7 00 62 F8 D7 	
0BF61A 00 63 F8 D7 00 64 		dw	(sckey+3)*256,spaste,(sckey+4)*256,spaste,(sckey+5)*256,spaste
0BF620 F8 D7 00 65 F8 D7 	
0BF626 00 66 F8 D7 00 67 		dw	(sckey+6)*256,spaste,(sckey+7)*256,spaste,(sckey+8)*256,spaste
0BF62C F8 D7 00 68 F8 D7 	
0BF632 00 69 F8 D7       		dw	(sckey+9)*256,spaste
0BF636                   	clnum:	equ	(*-cltab)/4	;	1行入力で使えるキーの数
0BF636                   	;	編集でしか使えないキー
0BF636                   	rfkey:	equ	$7100	;	置換 & 前方検索
0BF636                   	rbkey:	equ	$6c00	;	置換 & 後方検索
0BF636 0D 01 6D DF 00 2D 		dw	$010d,retkey, $2d00,ins_cr, $011f,c_down,$011e,c_up
0BF63C 71 DF 1F 01 49 E3 	
0BF642 1E 01 93 E3       	
0BF646 00 5F 4D E4 00 5E 		dw	$5f00,allend, $5e00,alltop, $3f00,pgdown,$3e00,pgup
0BF64C 32 E4 00 3F E3 E3 	
0BF652 00 3E FD E3       	
0BF656 00 85 15 E1 00 87 		dw	$8500,scleft, $8700,scright,$8c00,scdown,$8100,scup
0BF65C 26 E1 00 8C 09 E1 	
0BF662 00 81 0F E1       	
0BF666 00 A5 3F E1 00 A7 		dw	$a500,pgleft, $a700,pgright,$ac00,pgdown,$a100,pgup
0BF66C 8A E1 00 AC E3 E3 	
0BF672 00 A1 FD E3       	
0BF676 00 15 55 DD 00 16 		dw	$1500,revs,   $1600,cut,    $010c,clrblo,$0118,defscp
0BF67C 83 DD 0C 01 4D DD 	
0BF682 18 01 8D D9       	
0BF686 00 13 EA D5 06 01 		dw	$1300,find,   $0106,find,   $1400,inrplc,$d000,undo
0BF68C EA D5 00 14 C2 D5 	
0BF692 00 D0 D3 D8       	
0BF696 07 01 0B D6 14 01 		dw	$0107,findnx, $0114,findbf, rfkey,rplfwd,rbkey,rplbfr
0BF69C 0C D7 00 71 03 D6 	
0BF6A2 00 6C 06 D7       	
0BF6A6 0A 01 75 E4 13 01 		dw	$010a,goline, $0113,save,   $8400,displn,$0111,ctrq
0BF6AC 0F E6 00 84 8C E5 	
0BF6B2 11 01 DB D2       	
0BF6B6 0B 01 68 DA 00 6D 		dw	$010b,wraplin,$6d00,delquo, $5200,quoman,$4800,dquman
0BF6BC 5B DA 00 52 3B DA 	
0BF6C2 00 48 45 DA       	
0BF6C6 1B 01 40 DA 00 26 		dw	$011b,wrpquo, $2600,kalku
0BF6CC 4B E6             	
0BF6CE                   	ctnum:	equ	(*-cttab)/4	;	コントロールキーの数
0BF6CE                   	cqtab:
0BF6CE                   	;	[CTRL]+Q ??? のキー
0BF6CE 04 01 B1 E6 09 01 		dw	$0104,setwid, $0109,settab, $010b,setwwid,$010a,swapmk
0BF6D4 8C E6 0B 01 09 E7 	
0BF6DA 0A 01 D8 E4       	
0BF6DE 17 01 F7 E6 03 01 		dw	$0117,chgwid, $0103,chgorg, $0105,chgcol, $d100,tabspc 
0BF6E4 39 E7 05 01 D2 E6 	
0BF6EA 00 D1 6D DA       	
0BF6EE 00 5C 79 E2 00 5D 		dw	$5c00,clnend, $5d00,clntop, $0112,replace
0BF6F4 D9 E1 12 01 EC D7 	
0BF6FA 00 60 56 DA 00 61 		dw	sckey*256,    quote,(sckey+1)*256,quote,(sckey+2)*256,quote
0BF700 56 DA 00 62 56 DA 	
0BF706 00 63 56 DA 00 64 		dw	(sckey+3)*256,quote,(sckey+4)*256,quote,(sckey+5)*256,quote
0BF70C 56 DA 00 65 56 DA 	
0BF712 00 66 56 DA 00 67 		dw	(sckey+6)*256,quote,(sckey+7)*256,quote,(sckey+8)*256,quote
0BF718 56 DA 00 68 56 DA 	
0BF71E 00 69 56 DA       		dw	(sckey+9)*256,quote
0BF722                   	cqnum:	equ	(*-cqtab)/4
0BF722                   	mntab:
0BF722                   	mnnum:	equ	6
0BF722 00 13 F0 D2 00 14 		dw	$1300,asksave,$1400,rename,$1500,import,$1600,export
0BF728 AE D4 00 15 E2 D4 	
0BF72E 00 16 3D D5       	
0BF732 00 17 18 D3 00 37 		dw	$1700,pref,   $3700,fform
0BF738 E3 D3             	
0BF73A 00 50 41 4E 4F 20 	CFG:	db	0,'PANO    CFG'
0BF740 20 20 20 43 46 47 	
0BF746 43 4C 4F 43 4B 3A 	clock:	db	'CLOCK:',0
0BF74C 00                	
0BF74D 57 34             	ini60:	db	'W4'
0BF74F                   	ms:
0BF74F 0C 4E 6F 77 20 6C 	load_m:	db	12,'Now loading.'
0BF755 6F 61 64 69 6E 67 	
0BF75B 2E                	
0BF75C 0B 4E 6F 77 20 73 	save_m:	db	11,'Now saving.'
0BF762 61 76 69 6E 67 2E 	
0BF768 03 20 68 3A       	h_m:	db	3,' h:'
0BF76C 09 4F 76 65 72 77 	ow_m:	db	9,'Overwrite'
0BF772 72 69 74 65       	
0BF776 10 20 6F 72 20 41 		db	16,' or Append?(O/A)'
0BF77C 70 70 65 6E 64 3F 	
0BF782 28 4F 2F 41 29    	
0BF787 04 53 61 76 65    	end_m:	db	4,'Save'
0BF78C 09 20 6F 6B 3F 28 	ok_m:	db	9,' ok?(Y/N)'
0BF792 59 2F 4E 29       	
0BF796 06 49 6D 70 6F 72 	impo_m:	db	6,'Import'
0BF79C 74                	
0BF79D 06 45 78 70 6F 72 	expo_m:	db	6,'Export'
0BF7A3 74                	
0BF7A4 04 4C 69 6E 65    	line_m:	db	4,'Line'
0BF7A9 06 53 65 61 72 63 	srch_m:	db	6,'Search'
0BF7AF 68                	
0BF7B0 07 52 65 70 6C 61 	rplc_m:	db	7,'Replace'
0BF7B6 63 65             	
0BF7B8 05 57 69 64 74 68 	wid_m:	db	5,'Width'
0BF7BE 03 54 61 62       	tab_m:	db	3,'Tab'
0BF7C2 04 57 72 61 70    	wrp_m:	db	4,'Wrap'
0BF7C7 09 52 65 76 65 72 	rev_m:	db	9,'Reversed.'
0BF7CD 73 65 64 2E       	
0BF7D1 0A 4E 6F 74 20 66 	nf_e:	db	10,'Not found!'
0BF7D7 6F 75 6E 64 21    	
0BF7DC 0D 4E 75 6D 62 65 	num_e:	db	13,'Number error.'
0BF7E2 72 20 65 72 72 6F 	
0BF7E8 72 2E             	
0BF7EA 10 46 69 6C 65 20 	opn_e:	db	16,'File can''t open.'
0BF7F0 63 61 6E 27 74 20 	
0BF7F6 6F 70 65 6E 2E    	
0BF7FB 0B 46 69 6C 65 20 	fil_e:	db	11,'File error.'
0BF801 65 72 72 6F 72 2E 	
0BF807 0A 44 69 73 6B 20 	ful_e:	db	10,'Disk full.'
0BF80D 66 75 6C 6C 2E    	
0BF812 12 4E 6F 74 20 65 	mem_e:	db	18,'Not enough memory.'
0BF818 6E 6F 75 67 68 20 	
0BF81E 6D 65 6D 6F 72 79 	
0BF824 2E                	
0BF825                   	;rsm_e:	db	13,'Can''t resume.'
0BF825 0F 50 41 4E 4F 2E 	cfg_e:	db	15,'PANO.CFG error.'
0BF82B 43 46 47 20 65 72 	
0BF831 72 6F 72 2E       	
0BF835 0B 43 61 6E 27 74 	undo_e:	db	11,'Can''t undo.'
0BF83B 20 75 6E 64 6F 2E 	
0BF841 04 20 4F 4E 20 05 	onof_d:	db	4,' ON ',5,' OFF '
0BF847 20 4F 46 46 20    	
0BF84C 07 20 20 45 4F 46 	eof_d:	db	7,'  EOF  ',6,' none '
0BF852 20 20 06 20 6E 6F 	
0BF858 6E 65 20          	
0BF85B 07 20 43 52 2B 4C 	cr_d:	db	7,' CR+LF ',6,'  CR  '
0BF861 46 20 06 20 20 43 	
0BF867 52 20 20          	
0BF86A 36 54 65 78 74 20 	title:	db	33+21,'Text Editor ''PANORAMA'' ver 1.22',$0d,$0a
0BF870 45 64 69 74 6F 72 	
0BF876 20 27 50 41 4E 4F 	
0BF87C 52 41 4D 41 27 20 	
0BF882 76 65 72 20 31 2E 	
0BF888 32 32 0D 0A       	
0BF88C 62 79 20 44 61 69 		db	'by Daisuke Mizobata',$0d,$0a
0BF892 73 75 6B 65 20 4D 	
0BF898 69 7A 6F 62 61 74 	
0BF89E 61 0D 0A          	
0BF8A1 22 75 73 61 67 65 	help:	db	34,'usage: PANO [filename] [-option]',$0d,$0a
0BF8A7 3A 20 50 41 4E 4F 	
0BF8AD 20 5B 66 69 6C 65 	
0BF8B3 6E 61 6D 65 5D 20 	
0BF8B9 5B 2D 6F 70 74 69 	
0BF8BF 6F 6E 5D 0D 0A    	
0BF8C4 20 51 75 69 74 FF 	menu_m:	db	' Quit',$ff,'Rename',$ff,'Import',$ff,'Export',$ff,' Pref',$ff
0BF8CA 52 65 6E 61 6D 65 	
0BF8D0 FF 49 6D 70 6F 72 	
0BF8D6 74 FF 45 78 70 6F 	
0BF8DC 72 74 FF 20 50 72 	
0BF8E2 65 66 FF          	
0BF8E5 0B 57 72 61 70 20 	pref_m:	db	11,'Wrap around'
0BF8EB 61 72 6F 75 6E 64 	
0BF8F1 0B 49 67 6E 6F 72 		db	11,'Ignore case'
0BF8F7 65 20 63 61 73 65 	
0BF8FD 0F 53 74 72 69 70 		db	15,'Strip ctrl code'
0BF903 20 63 74 72 6C 20 	
0BF909 63 6F 64 65       	
0BF90D 0E 52 65 61 64 20 		db	14,'Read after EOF'
0BF913 61 66 74 65 72 20 	
0BF919 45 4F 46          	
0BF91C 00                		db	0
0BF91D 09 57 6F 72 64 20 	pref2_m:db	 9,'Word wrap'
0BF923 77 72 61 70       	
0BF927 10 47 6F 20 74 6F 		db	16,'Go to saved line'
0BF92D 20 73 61 76 65 64 	
0BF933 20 6C 69 6E 65    	
0BF938 00                		db	0
0BF939 0B 45 6E 64 20 6F 	form_m:	db	11,'End of File'
0BF93F 66 20 46 69 6C 65 	
0BF945 0B 45 6E 64 20 6F 		db	11,'End of Line'
0BF94B 66 20 4C 69 6E 65 	
0BF951                   	dflt:
0BF951                   	;	PANO.CFGの初期値
0BF951 03 08 00 4F 08 46 		db	prefver,m_cre,0,uwid,twid,wwid
0BF957 00 02             		dw	scpsiz
0BF959 30                		db	$30
0BF95A 19 00 42 58 52 30 		dw	25,'BXR00012@niftyserve.or.jp'
0BF960 30 30 31 32 40 6E 	
0BF966 69 66 74 79 73 65 	
0BF96C 72 76 65 2E 6F 72 	
0BF972 2E 6A 70          	
0BF975                   	u_stat:	equ	*
0BF975                   	u_end:	equ	u_stat+3
0BF975                   	u_siz:	equ	u_end+3
0BF975                   	u_line:	equ	u_siz+3
0BF975                   	u_max:	equ	u_line+2
0BF975                   	fname:	equ	u_max+2		;	編集ファイル名
0BF975                   	subnam:	equ	fname+19	;	rename、import、exportするファイル名
0BF975                   	wkbuf:	equ	subnam+19	;	ワークエリアのバッファ
0BF975                   	fbuf2:	equ	wkbuf+wksiz	;	検索文字列（コンバート済み）
0BF975                   	buf:	equ	fbuf2+fndsiz	;	各種バッファ(256バイト)
0BF975                   	;	equ	buf+256
0BF975                   		end	;	fname+595

  No fatal error.  Code: 0BD000h - 0BF974h [    10613 byte(s)]
