000000                   	;
000000                   	;
000000                   	;	Vogue  -- An concurrent exclusive compiler based on ESPRIT --
000000                   	;
000000                   	;
000000                   	;	(Vogue will come into vogue because of its incredible power!)
000000                   	;
000000                   	;
000000                   	;	Usage: CALL &B9800
000000                   	;
000000                   	;
000000                   	;
000000                   	;	Last change: May 17th,1992
000000                   	;
000000                   	;	(c)1991/1992 Narihito Kon
000000                   	;
000000                   	;
0B9800                   			org	$b9800
0B9800                   	;
0B9800                   			pre_on
0B9800                   	;
0B9800                   	src_work1:	equ	0
0B9800                   	src_work2:	equ	3
0B9800                   	src_symswitch:	equ	6
0B9800                   	src_pnt:	equ	7
0B9800                   	src_handle:	equ	10
0B9800                   	src_stat:	equ	11
0B9800                   	line1:		equ	12
0B9800                   	line2:		equ	14
0B9800                   	src_char:	equ	17
0B9800                   	src_sym:	equ	18
0B9800                   	make_size:	equ	19
0B9800                   	src_table:	equ	22
0B9800                   	obj_adr:	equ	25
0B9800                   	release_size:	equ	28
0B9800                   	func_type:	equ	31
0B9800                   	var_type:	equ	32
0B9800                   	var_size:	equ	33
0B9800                   	release_adr:	equ	36
0B9800                   	src_zero:	equ	39
0B9800                   	src_local:	equ	42
0B9800                   	prcs_head:	equ	45
0B9800                   	prcs_limit:	equ	48
0B9800                   	define_type:	equ	51
0B9800                   	obj_pnt:	equ	52
0B9800                   	errnum:		equ	55
0B9800                   	random:		equ	56
0B9800                   	productive_prcs:equ	59
0B9800                   	obj_handle:	equ	62
0B9800                   	alive_prcs:	equ	63
0B9800                   	;
0B9800                   	cur_x:		equ	0
0B9800                   	cur_y:		equ	1
0B9800                   	org_x:		equ	2
0B9800                   	org_y:		equ	3
0B9800                   	key_top:	equ	5
0B9800                   	key_pos:	equ	8
0B9800                   	max_x:		equ	12
0B9800                   	max_y:		equ	13
0B9800                   	bl:		equ	$d4
0B9800                   	bh:		equ	$d5
0B9800                   	bx:		equ	$d4
0B9800                   	cl:		equ	$d6
0B9800                   	ch:		equ	$d7
0B9800                   	cx:		equ	$d6
0B9800                   	dl:		equ	$d8
0B9800                   	dh:		equ	$d9
0B9800                   	dx:		equ	$d8
0B9800                   	si:		equ	$da
0B9800                   	di:		equ	$dd
0B9800                   	key_strobe_l:	equ	$f0
0B9800                   	key_strobe_h:	equ	$f1
0B9800                   	key_sense:	equ	$f2
0B9800                   	system_ctrl_reg:equ	$fd
0B9800                   	system_stat_reg:equ	$ff
0B9800                   	table_end:	equ	$bf7ff
0B9800                   	fcntl:		equ	$fffe4
0B9800                   	iocs:		equ	$fffe8
0B9800                   	scrn_cur_x:	equ	$bfc27
0B9800                   	scrn_max_x:	equ	$bfc9d
0B9800                   	default_drive:	equ	$bfc7d
0B9800                   	basic_work_top:	equ	$bfd0e
0B9800                   	char_adrs_1:	equ	$bfc87
0B9800                   	char_adrs_2:	equ	$bfc90
0B9800                   	char_adrs_3:	equ	$bfc8a
0B9800                   	char_adrs_4:	equ	$bfc93
0B9800                   	char_adrs_5:	equ	$bfc8d
0B9800                   	handle_table:	equ	$bfc6d
0B9800                   	ctime_u_top:	equ	$bf000
0B9800                   	main_top:	equ	$bf800
0B9800                   	rtime_s_top:	equ	main_top-16
0B9800                   	rtime_u_top:	equ	main_top-$400-16
0B9800                   	ir_trap:	equ	$bfcdb
0B9800                   	timerf:		equ	$bfcc6
0B9800                   	timers:		equ	$bfcc9
0B9800                   	;
0B9800                   	from_x:		equ	6
0B9800                   	from_y:		equ	8
0B9800                   	source_x_size:	equ	10
0B9800                   	source_y_size:	equ	12
0B9800                   	dest_x_size:	equ	14
0B9800                   	dest_y_size:	equ	16
0B9800                   	point_x:	equ	18
0B9800                   	point_y:	equ	20
0B9800                   	to_x:		equ	22
0B9800                   	to_y:		equ	24
0B9800                   	x_count:	equ	26
0B9800                   	y_count:	equ	28
0B9800                   	source_ring_o:	equ	30
0B9800                   	dest_ring_o:	equ	31
0B9800                   	source_adrs:	equ	32
0B9800                   	dest_adrs:	equ	35
0B9800                   	dest_opr:	equ	38
0B9800                   	;
0B9800                   	dest_ring:	equ	18
0B9800                   	source_data:	equ	19
0B9800                   	dest_data:	equ	20
0B9800                   	y_count_t:	equ	21
0B9800                   	;
0B9800 02 D9 C4          	start:		jp	main
0B9803                   	;
0B9803                   			include	runtime.s
0B9803                   	initialize:	local
0B9803 3C                			popu	x
0B9804 AC BF B1 0B       			mv	[!_argp],x
0B9808 90 24             	command_loop:	mv	a,[x++]
0B980A 60 0D             			cmp	a,$0d
0B980C 1B 06             			jrnz	command_loop
0B980E 7C 04             			dec	x
0B9810 2C                			pushu	x
0B9811 AF A9 B1 0B       			mv	[!s_stack],s
0B9815 AE AC B1 0B       			mv	[!u_stack],u
0B9819 0F F0 F7 0B       			mv	s,!rtime_s_top
0B981D 0E F0 F3 0B       			mv	u,!rtime_u_top
0B9821 04 52 98          			call	!interrupt1
0B9824                   	;
0B9824 08 00             			mv	a,0
0B9826 A8 AF B1 0B       			mv	[!fork_switch],a
0B982A A8 BE B1 0B       			mv	[!latest_prcs],a
0B982E DC 2D FD F7 0B    			mvp	(bp+!prcs_head),!main_top-3
0B9833 FA 00 2D 2D       			mvp	[(bp+!prcs_head)],(bp+!prcs_head)
0B9837 CA 3B 2D          			mvp	(bp+!productive_prcs),(bp+!prcs_head)
0B983A DC 34 61 D0 0B    	set_obj_pnt:	mvp	(bp+!obj_pnt),!obj_start
0B983F CA 30 34          			mvp	(bp+!prcs_limit),(bp+!obj_pnt)
0B9842 FA C0 2D 34 09    			mvp	[(bp+!prcs_head)-9],(bp+!obj_pnt)
0B9847 F9 C0 2D 27 0B    			mvw	[(bp+!prcs_head)-11],(bp+!src_zero)
0B984C CC 3F 01          			mv	(bp+!alive_prcs),1
0B984F                   			endl
0B984F                   	;
0B984F 02 71 A2          	jump_to_obj:	jp	user_break!entry
0B9852                   	;
0B9852                   	interrupt1:	local
0B9852 2F                			pushu	imr
0B9853 30 D8 A8 B1 0B EC 			mv	[!base],($ec)
0B9859 30 CC EC 70       			mv	($ec),$70
0B985D 8C DB FC 0B       			mv	x,[!ir_trap]
0B9861 AC B3 B1 0B       			mv	[!_ir_trap],x
0B9865 0C 01 99 0B       			mv	x,!prcs_switch
0B9869 AC DB FC 0B       			mv	[!ir_trap],x
0B986D                   	;
0B986D 8C C6 FC 0B       			mv	x,[!timerf]
0B9871 AC 18 9B 0B       			mv	[!timerf_count!_timerf+2],x
0B9875 0C FC 9A 0B       			mv	x,!timerf_count
0B9879 AC C6 FC 0B       			mv	[!timerf],x
0B987D                   	;
0B987D 8C C9 FC 0B       			mv	x,[!timers]
0B9881 AC 37 9B 0B       			mv	[!timers_count!_timers+2],x
0B9885 0C 1B 9B 0B       			mv	x,!timers_count
0B9889 AC C9 FC 0B       			mv	[!timers],x
0B988D                   	;
0B988D DC 27 00 00 00    			mvp	(bp+!src_zero),0
0B9892 DA B6 B1 0B 27    			mvp	[!fast_timer],(bp+!src_zero)
0B9897 DA B9 B1 0B 27    			mvp	[!slow_timer],(bp+!src_zero)
0B989C                   	;
0B989C 3F                			popu	imr
0B989D 06                			ret
0B989E                   			endl
0B989E                   	;
0B989E                   	interrupt2:	local
0B989E 2F                			pushu	imr	
0B989F 8C B3 B1 0B       			mv	x,[!_ir_trap]
0B98A3 AC DB FC 0B       			mv	[!ir_trap],x
0B98A7 8C 18 9B 0B       			mv	x,[!timerf_count!_timerf+2]
0B98AB AC C6 FC 0B       			mv	[!timerf],x
0B98AF 8C 37 9B 0B       			mv	x,[!timers_count!_timers+2]
0B98B3 AC C9 FC 0B       			mv	[!timers],x
0B98B7 3F                			popu	imr
0B98B8 06                			ret
0B98B9                   			endl
0B98B9                   	;
0B98B9 FD 53             	make_frame_int:	mv	y,i
0B98BB                   	make_frame:	local
0B98BB B4 37             			pushs	x
0B98BD FD 46             			mv	x,u
0B98BF 4D 45             			sub	x,y
0B98C1 D7 04 30          			cmpp	(bp+!prcs_limit),x
0B98C4 1C 0D             			jrc	l1
0B98C6 0D E2 98 0B       	l3:		mv	y,msg
0B98CA FD 46             	l2:		mv	x,u
0B98CC 2D                			pushu	y
0B98CD 04 94 A3          			call	!printf
0B98D0 02 C5 9B          			jp	!terminate
0B98D3 FD 64             	l1:		mv	u,x
0B98D5 A6 00             			mv	(bp+!src_work1),u
0B98D7 85 2A             			mv	y,(bp+!src_local)
0B98D9 4D 56             			sub	y,u
0B98DB 2D                			pushu	y
0B98DC CA 2A 00          			mvp	(bp+!src_local),(bp+!src_work1)
0B98DF 94 27             			pops	x
0B98E1 06                			ret
0B98E2 4D 65 6D 6F 72 79 	msg:		db	'Memory exhausted',0
0B98E8 20 65 78 68 61 75 	
0B98EE 73 74 65 64 00    	
0B98F3                   			endl
0B98F3                   	;
0B98F3 FD 53             	release_int:	mv	y,i
0B98F5                   	release_frame:	local
0B98F5 B4 37             			pushs	x
0B98F7 3C                			popu	x
0B98F8 45 46             			add	x,u
0B98FA A4 2A             			mv	(bp+!src_local),x
0B98FC 94 27             			pops	x
0B98FE 45 65             			add	u,y
0B9900 06                			ret
0B9901                   			endl
0B9901                   	;
0B9901                   	prcs_switch:	local
0B9901 30 71 FB 7F       			and	($fb),$7f
0B9905 EA 36 2A          			mvp	[--u],(bp+!src_local)
0B9908 E8 36 37          			mv	[--u],(bp+!errnum)
0B990B EA 36 38          			mvp	[--u],(bp+!random)
0B990E FD 47             			mv	x,s
0B9910 BC C0 2D 06       			mv	[(bp+!prcs_head)-6],x
0B9914 BE C0 2D 03       			mv	[(bp+!prcs_head)-3],u
0B9918 FA C0 2D 30 09    			mvp	[(bp+!prcs_head)-9],(bp+!prcs_limit)
0B991D 88 AF B1 0B       			mv	a,[!fork_switch]
0B9921 60 00             			cmp	a,0
0B9923 18 73             			jrz	l1
0B9925                   	;
0B9925 08 00             			mv	a,0
0B9927 A8 AF B1 0B       			mv	[!fork_switch],a
0B992B C7 2D 3B          			cmpp	(bp+!prcs_head),(bp+!productive_prcs)
0B992E 1A CF             			jrnz	cant_fork		;not a productive proccess
0B9930 8C B0 B1 0B       			mv	x,[!fork_size]
0B9934 FD 56             			mv	y,u
0B9936 4D 54             			sub	y,x
0B9938 A5 03             			mv	(bp+!src_work2),y	; y <- head address of new proccess
0B993A 84 2D             			mv	x,(bp+!prcs_head)
0B993C 4D 46             			sub	x,u			; x <- size of current proccess
0B993E 4D 54             			sub	y,x
0B9940 D7 05 34          			cmpp	(bp+!obj_pnt),y
0B9943 1E BA             			jrnc	cant_fork		;not enough core
0B9945 85 03             			mv	y,(bp+!src_work2)
0B9947 A6 00             			mv	(bp+!src_work1),u
0B9949 84 2D             			mv	x,(bp+!prcs_head)
0B994B 08 03             			mv	a,3
0B994D 45 40             			add	x,a
0B994F 90 34             	l2:		mv	a,[--x]
0B9951 B0 35             			mv	[--y],a
0B9953 D7 04 00          			cmpp	(bp+!src_work1),x
0B9956 1B 09             			jrnz	l2
0B9958 FA C0 2D 03 09    			mvp	[(bp+!prcs_head)-9],(bp+!src_work2)
0B995D 9C 00 2D          			mv	x,[(bp+!prcs_head)]
0B9960 85 03             			mv	y,(bp+!src_work2)
0B9962 08 03             			mv	a,3
0B9964 4D 50             			sub	y,a
0B9966 A5 03             			mv	(bp+!src_work2),y
0B9968 BD 00 2D          			mv	[(bp+!prcs_head)],y
0B996B B4 05             			mv	[y],x
0B996D 84 2D             			mv	x,(bp+!prcs_head)
0B996F 4D 45             			sub	x,y
0B9971 9D C0 2D 03       			mv	y,[(bp+!prcs_head)-3]
0B9975 4D 54             			sub	y,x
0B9977 BD C0 03 03       			mv	[(bp+!src_work2)-3],y
0B997B 9D C0 2D 06       			mv	y,[(bp+!prcs_head)-6]
0B997F 4D 54             			sub	y,x
0B9981 BD C0 03 06       			mv	[(bp+!src_work2)-6],y
0B9985 98 C0 03 0A       			mv	a,[(bp+!src_work2)-10]
0B9989 6C 00             			inc	a
0B998B B8 C0 03 0A       			mv	[(bp+!src_work2)-10],a	;Increment proccess ID
0B998F A8 BE B1 0B       			mv	[!latest_prcs],a
0B9993 CA 3B 03          			mvp	(bp+!productive_prcs),(bp+!src_work2)
0B9996 6D 3F             			inc	(bp+!alive_prcs)
0B9998 30 79 FB 80       	l1:		or	($fb),$80
0B999C 9C 00 2D          	search_active:	mv 	x,[(bp+!prcs_head)]
0B999F A4 2D             			mv	(bp+!prcs_head),x
0B99A1 98 C0 2D 0B       			mv	a,[(bp+!prcs_head)-11]
0B99A5 64 04             			test	a,4
0B99A7 18 31             			jrz	no_kill_prcs
0B99A9 7D 3F             			dec	(bp+!alive_prcs)
0B99AB 14 C5 9B          			jpz	!terminate
0B99AE FD 54             	l3:		mv	y,x			;Gabege collection
0B99B0 94 04             			mv	x,[x]
0B99B2 D7 04 2D          			cmpp	(bp+!prcs_head),x
0B99B5 1B 09             			jrnz	l3
0B99B7 E2 04 00          			mvp	(bp+!src_work1),[x]
0B99BA EA 05 00          			mvp	[y],(bp+!src_work1)
0B99BD D7 05 3B          			cmpp	(bp+!productive_prcs),y
0B99C0 18 08             			jrz	l4
0B99C2 E2 C4 00 09       			mvp	(bp+!src_work1),[x-9]
0B99C6 EA C5 00 09       			mvp	[y-9],(bp+!src_work1)
0B99CA D7 04 3B          	l4:		cmpp	(bp+!productive_prcs),x
0B99CD 1B 33             			jrnz	search_active
0B99CF A5 3B             			mv	(bp+!productive_prcs),y
0B99D1 90 C5 0A          			mv	a,[y-10]
0B99D4 A8 BE B1 0B       			mv	[!latest_prcs],a
0B99D8 13 3E             			jr	search_active
0B99DA 64 01             	no_kill_prcs:	test	a,1
0B99DC 1B 42             			jrnz	search_active
0B99DE 30 71 FB 7F       			and	($fb),$7f
0B99E2 F2 C0 30 2D 09    			mvp	(bp+!prcs_limit),[(bp+!prcs_head)-9]
0B99E7 9E C0 2D 03       			mv	u,[(bp+!prcs_head)-3]
0B99EB 9C C0 2D 06       			mv	x,[(bp+!prcs_head)-6]
0B99EF FD 74             			mv	s,x
0B99F1 E2 26 38          			mvp	(bp+!random),[u++]
0B99F4 E0 26 37          			mv	(bp+!errnum),[u++]
0B99F7 E2 26 2A          			mvp	(bp+!src_local),[u++]
0B99FA 30 79 FB 80       			or	($fb),$80
0B99FE 07                			retf
0B99FF 98 C0 2D 0B       	cant_fork:	mv	a,[(bp+!prcs_head)-11]
0B9A03 78 02             			or	a,2
0B9A05 B8 C0 2D 0B       			mv	[(bp+!prcs_head)-11],a
0B9A09 13 73             			jr	l1
0B9A0B                   			endl
0B9A0B                   	;
0B9A0B                   	fork:		local
0B9A0B 3C                			popu	x
0B9A0C AC B0 B1 0B       			mv	[!fork_size],x
0B9A10 08 01             			mv	a,1
0B9A12 A8 AF B1 0B       			mv	[!fork_switch],a
0B9A16 FE                			ir
0B9A17 98 C0 2D 0B       			mv	a,[(bp+!prcs_head)-11]
0B9A1B 64 02             			test	a,2
0B9A1D 2E                			pushu	f
0B9A1E 70 FD             			and	a,$fd
0B9A20 B8 C0 2D 0B       			mv	[(bp+!prcs_head)-11],a
0B9A24 3E                			popu	f
0B9A25 1A 08             			jrnz	cant_fork
0B9A27 0A 00 00          			mv	ba,0
0B9A2A 98 C0 2D 0A       			mv	a,[(bp+!prcs_head)-10]
0B9A2E 06                			ret
0B9A2F 0A FF FF          	cant_fork:	mv	ba,-1
0B9A32 06                			ret
0B9A33                   			endl
0B9A33                   	;
0B9A33                   	pid:		local
0B9A33 98 C0 2D 0A       			mv	a,[(bp+!prcs_head)-10]
0B9A37 06                			ret
0B9A38                   			endl
0B9A38                   	;
0B9A38                   	free:		local
0B9A38 FD 46             			mv	x,u
0B9A3A 9D C0 2D 09       			mv	y,[(bp+!prcs_head)-9]
0B9A3E 4D 45             			sub	x,y
0B9A40 06                			ret
0B9A41                   			endl
0B9A41                   	;
0B9A41                   	sleep:		local
0B9A41 3C                			popu	x
0B9A42 FD 04             			mv	a,x
0B9A44 04 51 9B          			call	!pid2adrs
0B9A47 0A FF FF          			mv	ba,-1
0B9A4A 1C 0B             			jrc	exit
0B9A4C 90 C4 0B          			mv	a,[x-11]
0B9A4F 78 01             			or	a,1
0B9A51 B0 C4 0B          			mv	[x-11],a
0B9A54 0A 00 00          			mv	ba,0
0B9A57 06                	exit:		ret
0B9A58                   			endl
0B9A58                   	;
0B9A58                   	wakeup:		local
0B9A58 38                			popu	a
0B9A59 3B                			popu	i
0B9A5A 04 65 9B          			call	!timer_wakeup
0B9A5D 0A 00 00          			mv	ba,0
0B9A60 1E 03             			jrnc	l1
0B9A62 0A FF FF          			mv	ba,-1
0B9A65 06                	l1:		ret
0B9A66                   			endl
0B9A66                   	;
0B9A66                   	pstat:		local
0B9A66 3C                			popu	x
0B9A67 FD 04             			mv	a,x
0B9A69 04 51 9B          			call	!pid2adrs
0B9A6C 0A FF FF          			mv	ba,-1
0B9A6F 1C 07             			jrc	exit
0B9A71 6C 02             			inc	ba
0B9A73 90 C4 0B          			mv	a,[x-11]
0B9A76 70 01             			and	a,1
0B9A78 06                	exit:		ret
0B9A79                   			endl
0B9A79                   	;
0B9A79                   	getram:		local
0B9A79 3C                			popu	x
0B9A7A FD 04             			mv	a,x
0B9A7C 30 A0 ED          			mv	($ed),a
0B9A7F 34 80 00          			mv	a,(px+0)
0B9A82 06                			ret
0B9A83                   			endl
0B9A83                   	;
0B9A83                   	setram:		local
0B9A83 3D                			popu	y
0B9A84 3C                			popu	x
0B9A85 FD 04             			mv	a,x
0B9A87 30 A0 ED          			mv	($ed),a
0B9A8A FD 05             			mv	a,y
0B9A8C 34 A0 00          			mv	(px+0),a
0B9A8F 06                			ret
0B9A90                   			endl
0B9A90                   	;
0B9A90                   	key:		local
0B9A90 3C                			popu	x
0B9A91 2F                			pushu	imr
0B9A92 FD 24             			mv	ba,x
0B9A94 DD                			ex	a,b
0B9A95 70 07             			and	a,7
0B9A97 30 71 F1 F8       			and	(!key_strobe_h),$f8
0B9A9B 30 7B F1          			or	(!key_strobe_h),a
0B9A9E 74                			mv	a,b
0B9A9F 30 A0 F0          			mv	(!key_strobe_l),a
0B9AA2 30 80 F2          			mv	a,(!key_sense)
0B9AA5 3F                			popu	imr
0B9AA6 06                			ret
0B9AA7                   			endl
0B9AA7                   	;
0B9AA7                   	beep:		local
0B9AA7 3C                			popu	x
0B9AA8 3D                			popu	y
0B9AA9 2F                			pushu	imr
0B9AAA FD 25             			mv	ba,y
0B9AAC FD 32             	loop:		mv	i,ba
0B9AAE 30 79 FD 10       			or	(!system_ctrl_reg),$10
0B9AB2 EF                			wait
0B9AB3 FD 32             			mv	i,ba
0B9AB5 30 71 FD EF       			and	(!system_ctrl_reg),$ef
0B9AB9 EF                			wait
0B9ABA 7C 04             			dec	x
0B9ABC 1B 12             			jrnz	loop
0B9ABE 3F                			popu	imr
0B9ABF 06                			ret
0B9AC0                   			endl
0B9AC0                   	;
0B9AC0                   	abs:		local
0B9AC0 3C                			popu	x
0B9AC1 FD 24             			mv	ba,x
0B9AC3 DD                			ex	a,b
0B9AC4 64 80             			test	a,$80
0B9AC6 DD                			ex	a,b
0B9AC7 18 07             			jrz	exit
0B9AC9 0B 00 00          			mv	i,0
0B9ACC 4C 32             			sub	i,ba
0B9ACE FD 23             			mv	ba,i
0B9AD0 06                	exit:		ret
0B9AD1                   			endl
0B9AD1                   	;
0B9AD1                   	sgn:		local
0B9AD1 3C                			popu	x
0B9AD2 FD 24             			mv	ba,x
0B9AD4 DD                			ex	a,b
0B9AD5 64 80             			test	a,$80
0B9AD7 18 04             			jrz	l1
0B9AD9 0A FF FF          			mv	ba,-1
0B9ADC 06                			ret
0B9ADD D6 02 27          	l1:		cmpw	(bp+!src_zero),ba
0B9AE0 0A 00 00          			mv	ba,0
0B9AE3 18 02             			jrz	exit
0B9AE5 6C 02             			inc	ba
0B9AE7 06                	exit:		ret
0B9AE8                   			endl
0B9AE8                   	;
0B9AE8                   	latest:		local
0B9AE8 88 BE B1 0B       			mv	a,[!latest_prcs]
0B9AEC 06                			ret
0B9AED                   			endl
0B9AED                   	;
0B9AED                   	locate:		local
0B9AED E2 26 00          			mvp	(bp+!src_work1),[u++]
0B9AF0 E2 26 03          			mvp	(bp+!src_work2),[u++]
0B9AF3 C8 04 00          			mv	(bp+!src_work2+1),(bp+!src_work1)
0B9AF6 D9 27 FC 0B 03    			mvw	[!scrn_cur_x],(bp+!src_work2)
0B9AFB 06                			ret
0B9AFC                   			endl
0B9AFC                   	;
0B9AFC                   	timerf_count:	local
0B9AFC 2F                			pushu	imr
0B9AFD 8C B6 B1 0B       			mv	x,[!fast_timer]
0B9B01 30 D7 04 97       			cmpp	(!src_zero+$70),x
0B9B05 18 0F             			jrz	_timerf
0B9B07 7C 04             			dec	x
0B9B09 AC B6 B1 0B       			mv	[!fast_timer],x
0B9B0D 1A 07             			jrnz	_timerf
0B9B0F 88 BC B1 0B       			mv	a,[!timerf_pid]
0B9B13 04 65 9B          			call	!timer_wakeup
0B9B16 3F                	_timerf:	popu	imr
0B9B17 03 C6 FC 0B       			jpf	!timerf
0B9B1B                   			endl
0B9B1B                   	;
0B9B1B                   	timers_count:	local
0B9B1B 2F                			pushu	imr
0B9B1C 8C B9 B1 0B       			mv	x,[!slow_timer]
0B9B20 30 D7 04 97       			cmpp	(!src_zero+$70),x
0B9B24 18 0F             			jrz	_timers
0B9B26 7C 04             			dec	x
0B9B28 AC B9 B1 0B       			mv	[!slow_timer],x
0B9B2C 1A 07             			jrnz	_timers
0B9B2E 88 BD B1 0B       			mv	a,[!timers_pid]
0B9B32 04 65 9B          			call	!timer_wakeup
0B9B35 3F                	_timers:	popu	imr
0B9B36 03 C9 FC 0B       			jpf	!timers
0B9B3A                   			endl
0B9B3A                   	;
0B9B3A                   	kill:		local
0B9B3A 3C                			popu	x
0B9B3B FD 04             			mv	a,x
0B9B3D 04 51 9B          			call	!pid2adrs
0B9B40 0A FF FF          			mv	ba,-1
0B9B43 1C 0B             			jrc	exit
0B9B45 90 C4 0B          			mv	a,[x-11]
0B9B48 78 04             			or	a,4
0B9B4A B0 C4 0B          			mv	[x-11],a
0B9B4D 0A 00 00          			mv	ba,0
0B9B50 06                	exit:		ret
0B9B51                   			endl
0B9B51                   	;
0B9B51                   	pid2adrs:	local
0B9B51 30 84 9D          			mv	x,(!prcs_head+$70)
0B9B54 91 C4 0A          	l1:		mv	il,[x-10]
0B9B57 4E 10             			sub	il,a
0B9B59 18 09             			jrz	l2
0B9B5B 94 04             			mv	x,[x]
0B9B5D 30 D7 04 9D       			cmpp	(!prcs_head+$70),x
0B9B61 1B 0F             			jrnz	l1
0B9B63 97                			sc
0B9B64 06                	l2:		ret
0B9B65                   			endl
0B9B65                   	;
0B9B65                   	timer_wakeup:	local
0B9B65 04 51 9B          			call	!pid2adrs
0B9B68 1C 09             			jrc	exit
0B9B6A 90 C4 0B          			mv	a,[x-11]
0B9B6D 70 FE             			and	a,$fe
0B9B6F B0 C4 0B          			mv	[x-11],a
0B9B72 9F                			rc
0B9B73 06                	exit:		ret
0B9B74                   			endl
0B9B74                   	;
0B9B74                   	alarmf:		local
0B9B74 3C                			popu	x
0B9B75 D7 04 27          			cmpp	(bp+!src_zero),x
0B9B78 18 0C             			jrz	l1
0B9B7A AC B6 B1 0B       			mv	[!fast_timer],x
0B9B7E 98 C0 2D 0A       			mv	a,[(bp+!prcs_head)-10]
0B9B82 A8 BC B1 0B       			mv	[!timerf_pid],a
0B9B86 8C B6 B1 0B       	l1:		mv	x,[!fast_timer]
0B9B8A 06                			ret
0B9B8B                   			endl
0B9B8B                   	;
0B9B8B                   	alarms:		local
0B9B8B 3C                			popu	x
0B9B8C D7 04 27          			cmpp	(bp+!src_zero),x
0B9B8F 18 0C             			jrz	l1
0B9B91 AC B9 B1 0B       			mv	[!slow_timer],x
0B9B95 98 C0 2D 0A       			mv	a,[(bp+!prcs_head)-10]
0B9B99 A8 BD B1 0B       			mv	[!timers_pid],a
0B9B9D 8C B9 B1 0B       	l1:		mv	x,[!slow_timer]
0B9BA1 06                			ret
0B9BA2                   			endl
0B9BA2                   	;
0B9BA2                   	close_all:	local
0B9BA2 0C 70 FC 0B       			mv	x,!handle_table + 3	;Close all handle except STD device
0B9BA6 CC 00 0D          			mv	(bp+!src_work1),16-3
0B9BA9 CC 03 03          			mv	(bp+!src_work2),3
0B9BAC 90 24             	l6:		mv	a,[x++]
0B9BAE 60 FF             			cmp	a,$ff
0B9BB0 18 0C             			jrz	l5
0B9BB2 30 C8 D6 03       			mv	(!cl),(bp+!src_work2)
0B9BB6 09 02             			mv	il,2
0B9BB8 2C                			pushu	x
0B9BB9 05 E4 FF 0F       			callf	!fcntl
0B9BBD 3C                			popu	x
0B9BBE 6D 03             	l5:		inc	(bp+!src_work2)
0B9BC0 7D 00             			dec	(bp+!src_work1)
0B9BC2 1B 18             			jrnz	l6
0B9BC4 06                			ret
0B9BC5                   			endl
0B9BC5                   	;
0B9BC5                   	terminate:	local
0B9BC5 04 A2 9B          			call	!close_all
0B9BC8 30 71 FB 7F       			and	($fb),$7f
0B9BCC 8F A9 B1 0B       			mv	s,[!s_stack]
0B9BD0 8E AC B1 0B       			mv	u,[!u_stack]
0B9BD4 04 9E 98          			call	!interrupt2
0B9BD7 30 79 FB 80       			or	($fb),$80
0B9BDB 30 D0 EC A8 B1 0B 			mv	($ec),[!base]
0B9BE1 9F                			rc
0B9BE2 07                			retf
0B9BE3                   			endl
0B9BE3                   	;
0B9BE3                   	gets:		local
0B9BE3 3C                			popu	x
0B9BE4 A4 05             			mv	(bp+!key_top),x
0B9BE6 A4 08             			mv	(bp+!key_pos),x
0B9BE8 D1 02 27 FC 0B    			mvw	(bp+!org_x),[!scrn_cur_x]
0B9BED D1 0C 9D FC 0B    			mvw	(bp+!max_x),[!scrn_max_x]
0B9BF2                   	;
0B9BF2 C9 00 02          			mvw	(bp+!cur_x),(bp+!org_x)
0B9BF5                   	;
0B9BF5 B7 00 0C          	l0:		cmp	(bp+!cur_x),(bp+!max_x)
0B9BF8 1C 05             			jrc	l1
0B9BFA CC 00 00          			mv	(bp+!cur_x),0
0B9BFD 6D 01             			inc	(bp+!cur_y)
0B9BFF B7 01 0D          	l1:		cmp	(bp+!cur_y),(bp+!max_y)
0B9C02 1C 20             			jrc	l2
0B9C04 30 CD D6 00 00    			mvw	(!cx),0			;Scroll up one line
0B9C09 09 47             			mv	il,$47
0B9C0B 30 CD D4 00 00    			mvw	(!bx),0
0B9C10 08 01             			mv	a,1
0B9C12 05 E8 FF 0F       			callf	!iocs
0B9C16 C8 01 0D          			mv	(bp+!cur_y),(bp+!max_y)
0B9C19 7D 01             			dec	(bp+!cur_y)
0B9C1B 49 03 01          			sub	(bp+!org_y),1
0B9C1E 1E 04             			jrnc	l2
0B9C20 CD 02 00 00       			mvw	(bp+!org_x),0
0B9C24 30 CD D6 00 00    	l2:		mvw	(!cx),0			;Set cursor position
0B9C29 09 44             			mv	il,$44
0B9C2B 30 C9 D4 00       			mvw	(!bx),(bp+!cur_x)
0B9C2F 05 E8 FF 0F       			callf	!iocs
0B9C33 30 CD D6 00 00    			mvw	(!cx),0			;Set cursor mark
0B9C38 09 45             			mv	il,$45
0B9C3A 08 2A             			mv	a,$2a			;Full box & blink
0B9C3C 05 E8 FF 0F       			callf	!iocs
0B9C40 05 C4 9C 0B       	l3:		callf	getkey			;Read key
0B9C44 1D 06             			jrc	l3
0B9C46 60 00             			cmp	a,0
0B9C48 1A 06             			jrnz	l3_1			;Skip 2byte code
0B9C4A 05 C4 9C 0B       			callf	getkey
0B9C4E 13 10             			jr	l3
0B9C50 60 0D             	l3_1:		cmp	a,$0d
0B9C52 18 8B             			jrz	exit
0B9C54 60 1A             			cmp	a,$1a
0B9C56 18 87             			jrz	exit
0B9C58 60 08             			cmp	a,$08
0B9C5A 18 04             			jrz	back_space
0B9C5C 60 1D             			cmp	a,$1d
0B9C5E 1A 24             			jrnz	l4
0B9C60 C7 05 08          	back_space:	cmpp	(bp+!key_top),(bp+!key_pos)
0B9C63 19 25             			jrz	l3
0B9C65 84 08             			mv	x,(bp+!key_pos)
0B9C67 7C 04             			dec	x
0B9C69 A4 08             			mv	(bp+!key_pos),x
0B9C6B 61 00 00          			cmp	(bp+!cur_x),0
0B9C6E 1A 0A             			jrnz	l5
0B9C70 C8 00 0C          			mv	(bp+!cur_x),(bp+!max_x)
0B9C73 49 01 01          			sub	(bp+!cur_y),1
0B9C76 1E 02             			jrnc	l5
0B9C78 6D 01             			inc	(bp+!cur_y)
0B9C7A 7D 00             	l5:		dec	(bp+!cur_x)		;Write SPC
0B9C7C 08 20             			mv	a,' '
0B9C7E 05 D0 9C 0B       			callf	putc
0B9C82 13 8F             			jr	l0
0B9C84 60 0C             	l4:		cmp	a,$0c
0B9C86 1A 26             			jrnz	l6
0B9C88 C9 00 02          			mvw	(bp+!cur_x),(bp+!org_x)
0B9C8B 84 08             			mv	x,(bp+!key_pos)
0B9C8D 85 05             			mv	y,(bp+!key_top)
0B9C8F 4D 45             			sub	x,y
0B9C91 A5 08             			mv	(bp+!key_pos),y
0B9C93 FD 24             			mv	ba,x
0B9C95 DD                			ex	a,b
0B9C96 60 00             			cmp	a,0
0B9C98 74                			mv	a,b
0B9C99 18 02             			jrz	l7
0B9C9B 08 FF             			mv	a,$ff
0B9C9D 30 CD D6 00 00    	l7:		mvw	(!cx),0
0B9CA2 09 52             			mv	il,$52
0B9CA4 30 C9 D4 00       			mvw	(!bx),(bp+!cur_x)
0B9CA8 05 E8 FF 0F       			callf	!iocs
0B9CAC 13 B9             			jr	l0
0B9CAE 60 20             	l6:		cmp	a,$20
0B9CB0 1D 72             			jrc	l3
0B9CB2 60 7F             			cmp	a,$7f
0B9CB4 19 76             			jrz	l3
0B9CB6 84 08             			mv	x,(bp+!key_pos)
0B9CB8 B0 24             			mv	[x++],a
0B9CBA A4 08             			mv	(bp+!key_pos),x
0B9CBC 05 D0 9C 0B       			callf	putc
0B9CC0 6D 00             			inc	(bp+!cur_x)
0B9CC2 13 CF             			jr	l0
0B9CC4 09 05             	getkey:		mv	il,5
0B9CC6 30 CC D6 01       			mv	(!cl),1
0B9CCA 08 01             			mv	a,1
0B9CCC 03 E4 FF 0F       			jpf	!fcntl
0B9CD0 30 CD D6 00 00    	putc:		mvw	(!cx),0
0B9CD5 09 41             			mv	il,$41
0B9CD7 30 C9 D4 00       			mvw	(!bx),(bp+!cur_x)
0B9CDB 03 E8 FF 0F       			jpf	!iocs
0B9CDF 84 08             	exit:		mv	x,(bp+!key_pos)
0B9CE1 09 00             			mv	il,0
0B9CE3 B1 24             			mv	[x++],il
0B9CE5 0C 00 00 00       			mv	x,0
0B9CE9 CC 37 0C          			mv	(bp+!errnum),$0c
0B9CEC D9 27 FC 0B 00    			mvw	[!scrn_cur_x],(bp+!cur_x)
0B9CF1 60 1A             			cmp	a,$1a
0B9CF3 18 02             			jrz	l10
0B9CF5 84 05             			mv	x,(bp+!key_top)
0B9CF7 06                	l10:		ret
0B9CF8                   			endl
0B9CF8                   	;
0B9CF8                   	fgets:		local
0B9CF8 3C                			popu	x
0B9CF9 A4 19             			mv	(bp+!obj_adr),x
0B9CFB A4 03             			mv	(bp+!src_work2),x
0B9CFD 3C                			popu	x
0B9CFE A4 00             			mv	(bp+!src_work1),x
0B9D00 09 05             	l2:		mv	il,5
0B9D02 30 C8 D6 00       			mv	(!cl),(bp+!src_work1)
0B9D06 08 01             			mv	a,1
0B9D08 05 E4 FF 0F       			callf	!fcntl
0B9D0C 1E 07             			jrnc	l1
0B9D0E A0 37             	error:		mv	(bp+!errnum),a
0B9D10 0C 00 00 00       			mv	x,0
0B9D14 06                			ret
0B9D15 FD 10             	l1:		mv	il,a
0B9D17 74                			mv	a,b
0B9D18 60 01             			cmp	a,1
0B9D1A 08 0C             			mv	a,$0c
0B9D1C 1B 10             			jrnz	error
0B9D1E FD 01             			mv	a,il
0B9D20 84 03             			mv	x,(bp+!src_work2)
0B9D22 B0 24             			mv	[x++],a
0B9D24 A4 03             			mv	(bp+!src_work2),x
0B9D26 60 0A             			cmp	a,$0a
0B9D28 1B 2A             			jrnz	l2
0B9D2A 08 00             			mv	a,0
0B9D2C B0 04             			mv	[x],a
0B9D2E 84 19             			mv	x,(bp+!obj_adr)
0B9D30 06                			ret
0B9D31                   			endl
0B9D31                   	;
0B9D31                   	fscanf:		local
0B9D31 2C                			pushu	x
0B9D32 95 34             			mv	y,[--x]
0B9D34 2D                			pushu	y
0B9D35 0C A8 B0 0B       			mv	x,!buffer
0B9D39 2C                			pushu	x
0B9D3A 04 F8 9C          			call	!fgets
0B9D3D 6C 04             			inc	x
0B9D3F 7C 04             			dec	x
0B9D41 18 0D             			jrz	error
0B9D43 3D                			popu	y
0B9D44 2C                			pushu	x
0B9D45 B4 35             			mv	[--y],x
0B9D47 3C                			popu	x
0B9D48 04 79 9D          			call	!sscanf
0B9D4B 75                			mv	b,a
0B9D4C 08 00             			mv	a,0
0B9D4E DD                			ex	a,b
0B9D4F 06                			ret
0B9D50 3C                	error:		popu	x
0B9D51 FD 64             			mv	u,x
0B9D53 0A FF FF          			mv	ba,-1
0B9D56 06                			ret		
0B9D57                   			endl
0B9D57                   	;
0B9D57                   	scanf:		local
0B9D57 2C                			pushu	x
0B9D58 0C A8 B0 0B       			mv	x,!buffer
0B9D5C 2C                			pushu	x
0B9D5D 04 E3 9B          			call	!gets
0B9D60 6C 04             			inc	x
0B9D62 7C 04             			dec	x
0B9D64 18 0C             			jrz	l1
0B9D66 A4 00             			mv	(bp+!src_work1),x
0B9D68 3C                			popu	x
0B9D69 2C                			pushu	x
0B9D6A 04 7D 9D          			call	!sscanf!_sscanf
0B9D6D 75                			mv	b,a
0B9D6E 08 00             			mv	a,0
0B9D70 DD                			ex	a,b
0B9D71 06                			ret
0B9D72 3C                	l1:		popu	x
0B9D73 FD 64             			mv	u,x
0B9D75 0A FF FF          			mv	ba,-1
0B9D78 06                			ret
0B9D79                   			endl
0B9D79                   	;
0B9D79                   	sscanf:		local
0B9D79 2C                			pushu	x
0B9D7A E2 34 00          			mvp	(bp+!src_work1),[--x]
0B9D7D E2 34 03          	_sscanf:	mvp	(bp+!src_work2),[--x]
0B9D80 A4 19             			mv	(bp+!obj_adr),x
0B9D82 CC 20 00          			mv	(bp+!var_type),0
0B9D85 84 03             	l3:		mv	x,(bp+!src_work2)
0B9D87 90 24             			mv	a,[x++]
0B9D89 60 00             			cmp	a,0
0B9D8B 18 5A             			jrz	exit
0B9D8D A4 03             			mv	(bp+!src_work2),x
0B9D8F 60 25             			cmp	a,'%'
0B9D91 1A 5A             			jrnz	l1
0B9D93 90 04             			mv	a,[x]
0B9D95 78 20             			or	a,$20
0B9D97 60 64             			cmp	a,'d'
0B9D99 1A 20             			jrnz	l2
0B9D9B EA 36 00          			mvp	[--u],(bp+!src_work1)
0B9D9E 04 01 9E          			call	!atod
0B9DA1 A5 00             	l5:		mv	(bp+!src_work1),y
0B9DA3 60 00             			cmp	a,0
0B9DA5 18 40             			jrz	exit
0B9DA7 2C                			pushu	x
0B9DA8 84 19             			mv	x,(bp+!obj_adr)
0B9DAA 95 34             			mv	y,[--x]
0B9DAC A4 19             			mv	(bp+!obj_adr),x
0B9DAE 3C                			popu	x
0B9DAF B4 25             			mv	[y++],x
0B9DB1 84 03             			mv	x,(bp+!src_work2)
0B9DB3 6C 04             			inc	x
0B9DB5 A4 03             			mv	(bp+!src_work2),x
0B9DB7 6D 20             			inc	(bp+!var_type)
0B9DB9 13 36             			jr	l3
0B9DBB 60 78             	l2:		cmp	a,'x'
0B9DBD 1A 08             			jrnz	l4
0B9DBF EA 36 00          			mvp	[--u],(bp+!src_work1)
0B9DC2 04 4F 9E          			call	!atox
0B9DC5 13 26             			jr	l5
0B9DC7 60 63             	l4:		cmp	a,'c'
0B9DC9 1A 0B             			jrnz	l6
0B9DCB 85 00             			mv	y,(bp+!src_work1)
0B9DCD 08 00             			mv	a,0
0B9DCF 75                			mv	b,a
0B9DD0 90 25             			mv	a,[y++]
0B9DD2 FD 40             			mv	x,a
0B9DD4 13 35             			jr	l5
0B9DD6 60 73             	l6:		cmp	a,'s'
0B9DD8 1A 0D             			jrnz	exit
0B9DDA 85 00             			mv	y,(bp+!src_work1)
0B9DDC 84 19             			mv	x,(bp+!obj_adr)
0B9DDE 94 34             			mv	x,[--x]
0B9DE0 2C                			pushu	x
0B9DE1 2D                			pushu	y
0B9DE2 04 A2 9E          			call	!strcpy
0B9DE5 6D 20             			inc	(bp+!var_type)
0B9DE7 3C                	exit:		popu	x
0B9DE8 FD 64             			mv	u,x
0B9DEA 80 20             			mv	a,(bp+!var_type)
0B9DEC 06                			ret
0B9DED FD 10             	l1:		mv	il,a
0B9DEF 85 00             			mv	y,(bp+!src_work1)
0B9DF1 90 25             	l8:		mv	a,[y++]
0B9DF3 60 00             			cmp	a,0
0B9DF5 19 10             			jrz	exit
0B9DF7 4E 01             			sub	a,il
0B9DF9 1B 0A             			jrnz	l8
0B9DFB 7C 05             			dec	y
0B9DFD A5 00             			mv	(bp+!src_work1),y
0B9DFF 13 7C             			jr	l3
0B9E01                   			endl
0B9E01                   	;
0B9E01                   	atod:		local
0B9E01 3D                			popu	y
0B9E02 08 00             			mv	a,0
0B9E04 75                			mv	b,a
0B9E05 0C 00 00 00       			mv	x,0
0B9E09 09 00             			mv	il,0
0B9E0B 90 25             	l1:		mv	a,[y++]
0B9E0D 60 00             			cmp	a,0
0B9E0F 18 31             			jrz	exit
0B9E11 60 2D             			cmp	a,'-'
0B9E13 1A 06             			jrnz	l2
0B9E15 09 01             			mv	il,1
0B9E17 90 25             			mv	a,[y++]
0B9E19 12 08             			jr	l3
0B9E1B 60 30             	l2:		cmp	a,'0'
0B9E1D 1D 14             			jrc	l1
0B9E1F 60 3A             			cmp	a,'9'+1
0B9E21 1F 18             			jrnc	l1
0B9E23 60 30             	l3:		cmp	a,'0'
0B9E25 1C 1B             			jrc	exit
0B9E27 60 3A             			cmp	a,'9'+1
0B9E29 1E 17             			jrnc	exit
0B9E2B 2D                			pushu	y
0B9E2C 45 44             			add	x,x
0B9E2E FD 54             			mv	y,x
0B9E30 45 44             			add	x,x
0B9E32 45 44             			add	x,x
0B9E34 45 45             			add	x,y
0B9E36 48 30             			sub	a,'0'
0B9E38 45 40             			add	x,a
0B9E3A 08 01             			mv	a,1
0B9E3C 75                			mv	b,a
0B9E3D 3D                			popu	y
0B9E3E 90 25             			mv	a,[y++]
0B9E40 13 1F             			jr	l3
0B9E42 7C 05             	exit:		dec	y
0B9E44 2D                			pushu	y
0B9E45 7C 01             			dec	il
0B9E47 1A 03             			jrnz	exit1
0B9E49 04 37 A3          			call	!m_pnt
0B9E4C 3D                	exit1:		popu	y
0B9E4D 74                			mv	a,b
0B9E4E 06                			ret
0B9E4F                   			endl
0B9E4F                   	;
0B9E4F                   	atox:		local
0B9E4F 3D                			popu	y
0B9E50 08 00             			mv	a,0
0B9E52 75                			mv	b,a
0B9E53 0C 00 00 00       			mv	x,0
0B9E57 09 00             			mv	il,0
0B9E59 90 25             	l1:		mv	a,[y++]
0B9E5B 60 00             			cmp	a,0
0B9E5D 19 1D             			jrz	!atod!exit
0B9E5F 60 2D             			cmp	a,'-'
0B9E61 1A 06             			jrnz	l2
0B9E63 09 01             			mv	il,1
0B9E65 90 25             			mv	a,[y++]
0B9E67 12 05             			jr	l3
0B9E69 04 8C 9E          	l2:		call	ishex
0B9E6C 1D 15             			jrc	l1
0B9E6E 04 8C 9E          	l3:		call	ishex
0B9E71 1D 31             			jrc	!atod!exit
0B9E73 45 44             			add	x,x
0B9E75 45 44             			add	x,x
0B9E77 45 44             			add	x,x
0B9E79 45 44             			add	x,x
0B9E7B 48 30             			sub	a,'0'
0B9E7D 60 0A             			cmp	a,10
0B9E7F 1C 02             			jrc	l4
0B9E81 48 07             			sub	a,7
0B9E83 45 40             	l4:		add	x,a
0B9E85 08 01             			mv	a,1
0B9E87 75                			mv	b,a
0B9E88 90 25             			mv	a,[y++]
0B9E8A 13 1E             			jr	l3
0B9E8C 60 30             	ishex:		cmp	a,'0'
0B9E8E 1C 0E             			jrc	no_hex
0B9E90 60 3A             			cmp	a,'9'+1
0B9E92 1C 0C             			jrc	hex
0B9E94 70 DF             			and	a,$df
0B9E96 60 41             			cmp	a,'A'
0B9E98 1C 04             			jrc	no_hex
0B9E9A 60 47             			cmp	a,'F'+1
0B9E9C 1C 02             			jrc	hex
0B9E9E 97                	no_hex:		sc
0B9E9F 06                			ret
0B9EA0 9F                	hex:		rc
0B9EA1 06                			ret
0B9EA2                   			endl
0B9EA2                   	;
0B9EA2                   	strcpy:		local
0B9EA2 3D                			popu	y
0B9EA3 3C                			popu	x
0B9EA4 2C                			pushu	x
0B9EA5 90 25             	l1:		mv	a,[y++]
0B9EA7 B0 24             			mv	[x++],a
0B9EA9 60 00             			cmp	a,0
0B9EAB 1B 08             			jrnz	l1
0B9EAD 3C                			popu	x
0B9EAE 06                			ret
0B9EAF                   			endl
0B9EAF                   	;
0B9EAF                   	strcat:		local
0B9EAF 3D                			popu	y
0B9EB0 3C                			popu	x
0B9EB1 2C                			pushu	x
0B9EB2 90 24             	l1:		mv	a,[x++]
0B9EB4 60 00             			cmp	a,0
0B9EB6 1B 06             			jrnz	l1
0B9EB8 7C 04             			dec	x
0B9EBA 90 25             	l2:		mv	a,[y++]
0B9EBC B0 24             			mv	[x++],a
0B9EBE 60 00             			cmp	a,0
0B9EC0 1B 08             			jrnz	l2
0B9EC2 3C                			popu	x
0B9EC3 06                			ret
0B9EC4                   			endl
0B9EC4                   	;
0B9EC4                   	_fname:		local
0B9EC4 3D                			popu	y
0B9EC5 3C                			popu	x
0B9EC6 CC 00 00          			mv	(bp+!src_work1),0
0B9EC9 09 00             	l3:		mv	il,0
0B9ECB A5 03             			mv	(bp+!src_work2),y
0B9ECD A5 07             	l1:		mv	(bp+!src_pnt),y
0B9ECF 90 25             			mv	a,[y++]
0B9ED1 A0 01             			mv	(bp+!src_work1+1),a
0B9ED3 60 00             			cmp	a,0
0B9ED5 18 32             			jrz	f_end
0B9ED7 60 20             			cmp	a,' '
0B9ED9 18 2E             			jrz	f_end
0B9EDB 60 0D             			cmp	a,$0d
0B9EDD 18 2A             			jrz	f_end
0B9EDF 60 2E             			cmp	a,'.'
0B9EE1 18 26             			jrz	f_end
0B9EE3 60 3A             			cmp	a,':'
0B9EE5 18 04             			jrz	drive
0B9EE7 6C 01             			inc	il
0B9EE9 13 1E             			jr	l1
0B9EEB 65 00 02          	drive:		test	(bp+!src_work1),2
0B9EEE 1A 7B             			jrnz	error			;Drive name was already written
0B9EF0 FD 01             			mv	a,il
0B9EF2 60 00             			cmp	a,0
0B9EF4 18 75             			jrz	error			;No drive name specified
0B9EF6 60 06             			cmp	a,6
0B9EF8 1E 71             			jrnc	error			;Too long drive name
0B9EFA 79 00 02          			or	(bp+!src_work1),2
0B9EFD 85 03             			mv	y,(bp+!src_work2)
0B9EFF 90 25             	l2:		mv	a,[y++]			;Write drive name
0B9F01 B0 24             			mv	[x++],a
0B9F03 60 3A             			cmp	a,':'
0B9F05 1B 08             			jrnz	l2
0B9F07 13 40             			jr	l3
0B9F09 65 00 02          	f_end:		test	(bp+!src_work1),2
0B9F0C 1A 0F             			jrnz	l4
0B9F0E 0D 7D FC 0B       			mv	y,!default_drive
0B9F12 90 25             	l5:		mv	a,[y++]			;Write default drive name
0B9F14 B0 24             			mv	[x++],a
0B9F16 60 3A             			cmp	a,':'
0B9F18 1B 08             			jrnz	l5
0B9F1A 79 00 02          			or	(bp+!src_work1),2
0B9F1D 85 03             	l4:		mv	y,(bp+!src_work2)
0B9F1F 65 00 01          			test	(bp+!src_work1),1
0B9F22 1A 28             			jrnz	l6
0B9F24 2D                			pushu	y
0B9F25 2C                			pushu	x
0B9F26 0C 6E 9F 0B       			mv	x,space
0B9F2A 2C                			pushu	x
0B9F2B 04 A2 9E          			call	!strcpy
0B9F2E 3D                			popu	y
0B9F2F FD 01             			mv	a,il
0B9F31 60 09             			cmp	a,9
0B9F33 1E 36             			jrnc	error			;Too long primaly name
0B9F35 79 00 01          			or	(bp+!src_work1),1
0B9F38 60 00             			cmp	a,0
0B9F3A 18 0A             			jrz	l11			;No primaly name specified
0B9F3C 2C                			pushu	x
0B9F3D 90 25             	l7:		mv	a,[y++]			;Write primaly name
0B9F3F B0 24             			mv	[x++],a
0B9F41 7C 01             			dec	il
0B9F43 1B 08             			jrnz	l7
0B9F45 3C                			popu	x
0B9F46 6C 05             	l11:		inc	y
0B9F48 08 09             			mv	a,9
0B9F4A 45 40             			add	x,a
0B9F4C 80 01             	l6:		mv	a,(bp+!src_work1+1)
0B9F4E 60 2E             			cmp	a,'.'
0B9F50 FD 01             			mv	a,il
0B9F52 18 13             			jrz	l8
0B9F54 60 04             			cmp	a,4
0B9F56 1E 13             			jrnc	error			;Too long extention
0B9F58 60 00             	l9:		cmp	a,0
0B9F5A 18 08             			jrz	l10
0B9F5C 91 25             			mv	il,[y++]
0B9F5E B1 24             			mv	[x++],il
0B9F60 7C 00             			dec	a
0B9F62 13 0C             			jr	l9
0B9F64 08 01             	l10:		mv	a,1
0B9F66 06                			ret
0B9F67 60 00             	l8:		cmp	a,0
0B9F69 19 A2             			jrz	l3
0B9F6B 08 00             	error:		mv	a,0
0B9F6D 06                			ret
0B9F6E 20 20 20 20 20 20 	space:		db	'        .   ',0
0B9F74 20 20 2E 20 20 20 	
0B9F7A 00                	
0B9F7B                   			endl
0B9F7B                   	;
0B9F7B                   	getc:		local
0B9F7B 30 CC D6 01       			mv	(!cl),1
0B9F7F 12 04             			jr	!fgetc!l1
0B9F81                   			endl
0B9F81                   	;
0B9F81                   	fgetc:		local
0B9F81 3C                			popu	x
0B9F82 30 A4 D6          			mv	(!cl),x
0B9F85 09 05             	l1:		mv	il,5
0B9F87 08 01             			mv	a,1
0B9F89 05 E4 FF 0F       			callf	!fcntl
0B9F8D 1E 06             			jrnc	exit
0B9F8F A0 37             	error:		mv	(bp+!errnum),a		;error
0B9F91 0A FF FF          			mv	ba,-1
0B9F94 06                			ret
0B9F95 A2 00             	exit:		mv	(bp+!src_work1),ba
0B9F97 61 01 01          			cmp	(bp+!src_work1+1),1
0B9F9A 08 0C             			mv	a,$0c
0B9F9C 1B 0F             			jrnz	error
0B9F9E 7D 01             			dec	(bp+!src_work1+1)
0B9FA0 82 00             			mv	ba,(bp+!src_work1)
0B9FA2 06                			ret
0B9FA3                   			endl
0B9FA3                   	;
0B9FA3                   	putc:		local
0B9FA3 30 CC D6 00       			mv	(!cl),0
0B9FA7 3C                			popu	x
0B9FA8 FD 04             			mv	a,x
0B9FAA 12 07             			jr	!fputc!l1
0B9FAC                   			endl
0B9FAC                   	;
0B9FAC                   	fputc:		local
0B9FAC 3C                			popu	x
0B9FAD FD 04             			mv	a,x
0B9FAF 3C                			popu	x
0B9FB0 30 A4 D6          			mv	(!cl),x
0B9FB3 09 06             	l1:		mv	il,6
0B9FB5 05 E4 FF 0F       			callf	!fcntl
0B9FB9 1E 06             			jrnc	exit
0B9FBB A0 37             	error:		mv	(bp+!errnum),a		;error
0B9FBD 0A FF FF          			mv	ba,-1
0B9FC0 06                			ret
0B9FC1 74                	exit:		mv	a,b
0B9FC2 60 01             			cmp	a,1
0B9FC4 08 0C             			mv	a,$0c
0B9FC6 1B 0D             			jrnz	error
0B9FC8 0A 00 00          			mv	ba,0
0B9FCB 06                			ret
0B9FCC                   			endl
0B9FCC                   	;
0B9FCC                   	puts:		local
0B9FCC 3C                			popu	x
0B9FCD 2C                			pushu	x
0B9FCE 2C                			pushu	x
0B9FCF 04 60 A3          			call	!strlen
0B9FD2 FD 54             			mv	y,x
0B9FD4 3C                			popu	x
0B9FD5 09 04             			mv	il,4
0B9FD7 30 CC D6 00       			mv	(!cl),0
0B9FDB 05 E4 FF 0F       			callf	!fcntl
0B9FDF 1E 06             			jrnc	exit
0B9FE1 A0 37             	error:		mv	(bp+!errnum),a
0B9FE3 0A FF FF          			mv	ba,-1
0B9FE6 06                			ret
0B9FE7 0C F7 9F 0B       	exit:		mv	x,newline
0B9FEB FD 56             			mv	y,u
0B9FED 2C                			pushu	x
0B9FEE FD 45             			mv	x,y
0B9FF0 04 94 A3          			call	!printf
0B9FF3 0A 00 00          			mv	ba,0
0B9FF6 06                			ret
0B9FF7 0D 0A 00          	newline:	db	13,10,0
0B9FFA                   			endl
0B9FFA                   	;
0B9FFA                   	fputs:		local
0B9FFA 3C                			popu	x
0B9FFB 2C                			pushu	x
0B9FFC 2C                			pushu	x
0B9FFD 04 60 A3          			call	!strlen
0BA000 FD 54             			mv	y,x
0BA002 3C                			popu	x
0BA003 30 E2 26 D6       			mvp	(!cl),[u++]
0BA007 09 04             			mv	il,4
0BA009 05 E4 FF 0F       			callf	!fcntl
0BA00D 1E 06             			jrnc	exit
0BA00F A0 37             			mv	(bp+!errnum),a
0BA011 0A FF FF          			mv	ba,-1
0BA014 06                			ret
0BA015 0A 00 00          	exit:		mv	ba,0
0BA018 06                			ret
0BA019                   			endl
0BA019                   	;
0BA019 CC 20 00          	fcreat:		mv	(bp+!var_type),0
0BA01C 12 03             			jr	_fopen
0BA01E CC 20 01          	fopen:		mv	(bp+!var_type),1
0BA021                   	_fopen:		local
0BA021 3C                			popu	x
0BA022 A4 21             			mv	(bp+!var_size),x
0BA024 3D                			popu	y
0BA025 0C A8 B0 0B       			mv	x,!buffer
0BA029 2C                			pushu	x
0BA02A 2D                			pushu	y
0BA02B 04 C4 9E          			call	!_fname
0BA02E 60 00             			cmp	a,0
0BA030 08 01             			mv	a,1
0BA032 18 13             			jrz	error
0BA034 81 20             			mv	il,(bp+!var_type)
0BA036 80 21             			mv	a,(bp+!var_size)
0BA038 0C A8 B0 0B       			mv	x,!buffer
0BA03C 05 E4 FF 0F       			callf	!fcntl
0BA040 1C 05             			jrc	error
0BA042 75                			mv	b,a
0BA043 30 80 D6          			mv	a,(!cl)
0BA046 06                			ret
0BA047 A0 37             	error:		mv	(bp+!errnum),a
0BA049 0A FF FF          			mv	ba,-1
0BA04C 06                			ret
0BA04D                   			endl
0BA04D                   	;
0BA04D                   	fclose:		local
0BA04D 3C                			popu	x
0BA04E 30 A4 D6          			mv	(!cl),x
0BA051 09 02             			mv	il,2
0BA053 05 E4 FF 0F       	entry:		callf	!fcntl
0BA057 1D 12             			jrc	!_fopen!error
0BA059 0A 00 00          			mv	ba,0
0BA05C 06                			ret		
0BA05D                   			endl
0BA05D                   	;
0BA05D                   	fseek:		local
0BA05D 3C                			popu	x
0BA05E FD 04             			mv	a,x
0BA060 30 E2 26 DA       			mvp	(!si),[u++]
0BA064 30 65 DC 08       			test	(!si+2),$08
0BA068 18 04             			jrz	l1
0BA06A 30 79 DC F0       			or	(!si+2),$f0
0BA06E 30 E2 26 D6       	l1:		mvp	(!cl),[u++]
0BA072 09 09             			mv	il,9
0BA074 05 E4 FF 0F       			callf	!fcntl
0BA078 1C 04             			jrc	error
0BA07A 30 84 DA          			mv	x,(!si)
0BA07D 06                			ret
0BA07E A0 37             	error:		mv	(bp+!errnum),a
0BA080 0C FF FF 0F       			mv	x,-1
0BA084 06                			ret
0BA085                   			endl
0BA085                   	;
0BA085                   	fread:		local
0BA085 09 03             			mv	il,3
0BA087 3D                	entry:		popu	y
0BA088 3C                			popu	x
0BA089 30 E2 26 D6       			mvp	(!cl),[u++]
0BA08D 08 01             			mv	a,1
0BA08F 05 E4 FF 0F       			callf	!fcntl
0BA093 1D 17             			jrc	!fseek!error
0BA095 FD 45             			mv	x,y
0BA097 06                			ret
0BA098                   			endl
0BA098                   	;
0BA098                   	fwrite:		local
0BA098 09 04             			mv	il,4
0BA09A 13 15             			jr	!fread!entry
0BA09C                   			endl
0BA09C                   	;
0BA09C                   	remove:		local
0BA09C 3D                			popu	y
0BA09D 0C A8 B0 0B       			mv	x,!buffer
0BA0A1 2C                			pushu	x
0BA0A2 2D                			pushu	y
0BA0A3 04 C4 9E          			call	!_fname
0BA0A6 60 00             			cmp	a,0
0BA0A8 08 01             			mv	a,1
0BA0AA 19 65             			jrz	!_fopen!error
0BA0AC 09 0E             			mv	il,$e
0BA0AE 0C A8 B0 0B       			mv	x,!buffer
0BA0B2 13 61             			jr	!fclose!entry
0BA0B4                   			endl
0BA0B4                   	;
0BA0B4                   	_fcntl:		local
0BA0B4 3C                			popu	x
0BA0B5 A4 00             			mv	(bp+!src_work1),x
0BA0B7 04 DE A0          			call	!pre_iocs
0BA0BA 05 E4 FF 0F       			callf	!fcntl
0BA0BE                   			endl
0BA0BE                   	;
0BA0BE                   	post_iocs:	local
0BA0BE BC 80 00 04       			mv	[(bp+!src_work1)+4],x
0BA0C2 84 00             			mv	x,(bp+!src_work1)
0BA0C4 B5 84 07          			mv	[x+7],y
0BA0C7 B3 84 02          			mv	[x+2],i
0BA0CA B2 04             			mv	[x],ba
0BA0CC 09 0C             			mv	il,12
0BA0CE 22 FB 80 00 D4 0A 			mvl	[(bp+!src_work1)+10],(!bl)
0BA0D4 1C 04             			jrc	error
0BA0D6 0A 00 00          			mv	ba,0
0BA0D9 06                			ret
0BA0DA 0A FF FF          	error:		mv	ba,-1
0BA0DD 06                			ret
0BA0DE                   			endl
0BA0DE                   	;
0BA0DE                   	pre_iocs:	local
0BA0DE 09 0C             			mv	il,12
0BA0E0 30 F3 80 D4 00 0A 			mvl	(!bl),[(bp+!src_work1)+10]
0BA0E6 92 04             			mv	ba,[x]
0BA0E8 93 84 02          			mv	i,[x+2]
0BA0EB 95 84 07          			mv	y,[x+7]
0BA0EE 94 84 04          			mv	x,[x+4]
0BA0F1 06                			ret
0BA0F2                   			endl
0BA0F2                   	;
0BA0F2                   	_iocs:		local
0BA0F2 3C                			popu	x
0BA0F3 A4 00             			mv	(bp+!src_work1),x
0BA0F5 04 DE A0          			call	!pre_iocs
0BA0F8 05 E8 FF 0F       			callf	!iocs
0BA0FC 13 40             			jr	!post_iocs
0BA0FE                   			endl
0BA0FE                   	;
0BA0FE                   	sbrk:		local
0BA0FE 3C                			popu	x
0BA0FF 85 34             			mv	y,(bp+!obj_pnt)
0BA101 45 45             			add	x,y
0BA103 A4 00             			mv	(bp+!src_work1),x
0BA105 9D C0 3B 03       			mv	y,[(bp+!productive_prcs)-3]
0BA109 D7 05 00          			cmpp	(bp+!src_work1),y
0BA10C 1E 0F             			jrnc	error
0BA10E 85 34             			mv	y,(bp+!obj_pnt)
0BA110 A4 34             			mv	(bp+!obj_pnt),x
0BA112 BC C0 3B 09       			mv	[(bp+!productive_prcs)-9],x
0BA116 08 20             			mv	a,32
0BA118 4D 50             			sub	y,a
0BA11A FD 45             			mv	x,y
0BA11C 06                			ret
0BA11D 0C FF FF 0F       	error:		mv	x,-1
0BA121 06                			ret
0BA122                   			endl
0BA122                   	;
0BA122                   	rand:		local
0BA122 04 32 A1          			call	_rand
0BA125 E8 36 39          			mv	[--u],(bp+!random+1)
0BA128 04 32 A1          			call	_rand
0BA12B 80 39             			mv	a,(bp+!random+1)
0BA12D 70 7F             			and	a,$7f
0BA12F 75                			mv	b,a
0BA130 38                			popu	a
0BA131 06                			ret
0BA132 CA 00 38          	_rand:		mvp	(bp+!src_work1),(bp+!random)
0BA135 DC 03 51 4C 00    			mvp	(bp+!src_work2),19537
0BA13A 04 7F A1          			call	!mul20
0BA13D 6C 04             			inc	x
0BA13F A4 38             			mv	(bp+!random),x
0BA141 06                			ret
0BA142                   			endl
0BA142                   	;
0BA142                   	srand:		local
0BA142 3C                			popu	x
0BA143 A4 38             			mv	(bp+!random),x
0BA145 06                			ret
0BA146                   			endl
0BA146                   	;
0BA146                   	kscan:		local
0BA146 30 CD D6 01 00    			mvw	(!cl),1
0BA14B 09 43             			mv	il,$43
0BA14D 08 00             			mv	a,0
0BA14F 05 E8 FF 0F       			callf	!iocs
0BA153 7C 01             			dec	il
0BA155 18 03             			jrz	key_pressed
0BA157 0A FF FF          			mv	ba,-1
0BA15A 06                	key_pressed:	ret
0BA15B                   			endl
0BA15B                   	;
0BA15B                   	perror:		local
0BA15B 80 37             			mv	a,(bp+!errnum)
0BA15D 06                			ret
0BA15E                   			endl
0BA15E                   	;
0BA15E                   	mul16:		local
0BA15E 83 03             			mv	i,(bp+!src_work2)
0BA160 CC 03 80          			mv	(bp+!src_work2),$80
0BA163 0A 00 00          			mv	ba,0
0BA166 F5 00             	l1_1:		shr	(bp+!src_work1)
0BA168 1E 02             			jrnc	no_add_1
0BA16A 44 23             			add	ba,i
0BA16C 44 33             	no_add_1:	add	i,i
0BA16E E5 03             			ror	(bp+!src_work2)
0BA170 1F 0C             			jrnc	l1_1
0BA172 F5 01             	l1_2:		shr	(bp+!src_work1+1)
0BA174 1E 02             			jrnc	no_add_2
0BA176 44 23             			add	ba,i
0BA178 44 33             	no_add_2:	add	i,i
0BA17A E5 03             			ror	(bp+!src_work2)
0BA17C 1F 0C             			jrnc	l1_2
0BA17E 06                			ret
0BA17F                   			endl
0BA17F                   	;
0BA17F                   	mul20:		local
0BA17F 85 03             			mv	y,(bp+!src_work2)
0BA181 08 80             			mv	a,$80
0BA183 0C 00 00 00       			mv	x,0
0BA187 F5 00             	l1_1:		shr	(bp+!src_work1)
0BA189 1E 02             			jrnc	no_add_1
0BA18B 45 45             			add	x,y
0BA18D 45 55             	no_add_1:	add	y,y
0BA18F E4                			ror	a
0BA190 1F 0B             			jrnc	l1_1
0BA192 F5 01             	l1_2:		shr	(bp+!src_work1+1)
0BA194 1E 02             			jrnc	no_add_2
0BA196 45 45             			add	x,y
0BA198 45 55             	no_add_2:	add	y,y
0BA19A E4                			ror	a
0BA19B 1F 0B             			jrnc	l1_2
0BA19D 08 08             			mv	a,$08
0BA19F F5 02             	l1_3:		shr	(bp+!src_work1+2)
0BA1A1 1E 02             			jrnc	no_add_3
0BA1A3 45 45             			add	x,y
0BA1A5 45 55             	no_add_3:	add	y,y
0BA1A7 E4                			ror	a
0BA1A8 1F 0B             			jrnc	l1_3
0BA1AA 06                			ret
0BA1AB                   			endl
0BA1AB                   	;
0BA1AB                   	div16:		local
0BA1AB 04 C6 A1          			call	!_div16
0BA1AE 65 02 02          			test	(bp+!src_work1+2),2
0BA1B1 18 07             			jrz	l1
0BA1B3 0B 00 00          	l2:		mv	i,0
0BA1B6 4C 32             			sub	i,ba
0BA1B8 FD 23             			mv	ba,i
0BA1BA 06                	l1:		ret
0BA1BB                   			endl
0BA1BB                   	;
0BA1BB                   	mod16:		local
0BA1BB 04 C6 A1          			call	!_div16
0BA1BE 82 00             			mv	ba,(bp+!src_work1)
0BA1C0 65 02 01          			test	(bp+!src_work1+2),1
0BA1C3 1B 12             			jrnz	!div16!l2
0BA1C5 06                			ret
0BA1C6                   			endl
0BA1C6                   	;
0BA1C6                   	_div16:		local
0BA1C6 0C 00 00 00       			mv	x,0
0BA1CA 82 00             			mv	ba,(bp+!src_work1)
0BA1CC FD 32             			mv	i,ba
0BA1CE 44 22             			add	ba,ba
0BA1D0 1E 0A             			jrnc	l1
0BA1D2 CC 02 03          			mv	(bp+!src_work1+2),3	;Work1 is negative 
0BA1D5 0A 00 00          			mv	ba,0
0BA1D8 4C 23             			sub	ba,i
0BA1DA FD 32             			mv	i,ba
0BA1DC A3 00             	l1:		mv	(bp+!src_work1),i
0BA1DE 83 03             			mv	i,(bp+!src_work2)
0BA1E0 6C 03             			inc	i
0BA1E2 7C 03             			dec	i
0BA1E4 18 6D             			jrz	!div_by_0
0BA1E6 FD 23             			mv	ba,i
0BA1E8 44 33             			add	i,i
0BA1EA 1E 0A             			jrnc	l4
0BA1EC 69 02 02          			xor	(bp+!src_work1+2),2	;Work2 is negative
0BA1EF 0B 00 00          			mv	i,0
0BA1F2 4C 32             			sub	i,ba
0BA1F4 FD 23             			mv	ba,i
0BA1F6 A2 03             	l4:		mv	(bp+!src_work2),ba
0BA1F8 44 22             			add	ba,ba
0BA1FA 6C 04             			inc	x
0BA1FC D6 02 00          			cmpw	(bp+!src_work1),ba
0BA1FF 1F 0B             			jrnc	l4
0BA201 0A 00 00          			mv	ba,0
0BA204 44 22             	l6:		add	ba,ba
0BA206 C6 00 03          			cmpw	(bp+!src_work1),(bp+!src_work2)
0BA209 1C 07             			jrc	l5
0BA20B 6C 02             			inc	ba
0BA20D 09 02             			mv	il,2
0BA20F 5C 00 03          			sbcl	(bp+!src_work1),(bp+!src_work2)
0BA212 9F                	l5:		rc
0BA213 F5 04             			shr	(bp+!src_work2+1)
0BA215 F5 03             			shr	(bp+!src_work2)
0BA217 7C 04             			dec	x
0BA219 1B 17             			jrnz	l6
0BA21B 06                			ret
0BA21C                   			endl
0BA21C                   	;
0BA21C                   	div20:		local
0BA21C 08 01             			mv	a,1
0BA21E 84 03             			mv	x,(bp+!src_work2)
0BA220 6C 04             			inc	x
0BA222 7C 04             			dec	x
0BA224 18 2D             			jrz	!div_by_0
0BA226 A4 03             	l4:		mv	(bp+!src_work2),x
0BA228 D7 04 00          			cmpp	(bp+!src_work1),x
0BA22B 1C 08             			jrc	l4_1
0BA22D 45 44             			add	x,x
0BA22F 1C 04             			jrc	l4_1
0BA231 6C 00             			inc	a
0BA233 13 0F             			jr	l4
0BA235 0C 00 00 00       	l4_1:		mv	x,0
0BA239 45 44             	l6:		add	x,x
0BA23B C7 00 03          			cmpp	(bp+!src_work1),(bp+!src_work2)
0BA23E 1C 07             			jrc	l5
0BA240 6C 04             			inc	x
0BA242 09 03             			mv	il,3
0BA244 5C 00 03          			sbcl	(bp+!src_work1),(bp+!src_work2)
0BA247 9F                	l5:		rc
0BA248 F5 05             			shr	(bp+!src_work2+2)
0BA24A F5 04             			shr	(bp+!src_work2+1)
0BA24C F5 03             			shr	(bp+!src_work2)
0BA24E 7C 00             			dec	a
0BA250 1B 19             			jrnz	l6
0BA252 06                			ret
0BA253                   			endl
0BA253                   	;
0BA253                   	div_by_0:	local
0BA253 0D 5A A2 0B       			mv	y,msg
0BA257 02 CA 98          			jp	!make_frame!l2
0BA25A 44 69 76 69 73 69 	msg:		db	'Division by zero',0
0BA260 6F 6E 20 62 79 20 	
0BA266 7A 65 72 6F 00    	
0BA26B                   			endl
0BA26B                   	user_break:	local
0BA26B 30 65 FF 08       			test	(!system_stat_reg),8
0BA26F 18 12             			jrz	exit
0BA271 0D 78 A2 0B       	entry:		mv	y,msg
0BA275 02 CA 98          			jp	!make_frame!l2
0BA278 55 73 65 72 20 62 	msg:		db	'User break',0
0BA27E 72 65 61 6B 00    	
0BA283 06                	exit:		ret
0BA284                   			endl
0BA284                   	;
0BA284                   	mod20:		local
0BA284 04 1C A2          			call	!div20
0BA287 84 00             			mv	x,(bp+!src_work1)
0BA289 06                			ret
0BA28A                   			endl
0BA28A                   	;
0BA28A                   	and16:		local
0BA28A 76 00 03          			and	(bp+!src_work1),(bp+!src_work2)
0BA28D 76 01 04          			and	(bp+!src_work1+1),(bp+!src_work2+1)
0BA290 82 00             			mv	ba,(bp+!src_work1)
0BA292 06                			ret
0BA293                   			endl
0BA293                   	;
0BA293                   	and20:		local
0BA293 76 00 03          			and	(bp+!src_work1),(bp+!src_work2)
0BA296 76 01 04          			and	(bp+!src_work1+1),(bp+!src_work2+1)
0BA299 76 02 05          			and	(bp+!src_work1+2),(bp+!src_work2+2)
0BA29C 84 00             			mv	x,(bp+!src_work1)
0BA29E 06                			ret
0BA29F                   			endl
0BA29F                   	;
0BA29F                   	or16:		local
0BA29F 7E 00 03          			or	(bp+!src_work1),(bp+!src_work2)
0BA2A2 7E 01 04          			or	(bp+!src_work1+1),(bp+!src_work2+1)
0BA2A5 82 00             			mv	ba,(bp+!src_work1)
0BA2A7 06                			ret
0BA2A8                   			endl
0BA2A8                   	;
0BA2A8                   	or20:		local
0BA2A8 7E 00 03          			or	(bp+!src_work1),(bp+!src_work2)
0BA2AB 7E 01 04          			or	(bp+!src_work1+1),(bp+!src_work2+1)
0BA2AE 7E 02 05          			or	(bp+!src_work1+2),(bp+!src_work2+2)
0BA2B1 84 00             			mv	x,(bp+!src_work1)
0BA2B3 06                			ret
0BA2B4                   			endl
0BA2B4                   	;
0BA2B4                   	xor16:		local
0BA2B4 6E 00 03          			xor	(bp+!src_work1),(bp+!src_work2)
0BA2B7 6E 01 04          			xor	(bp+!src_work1+1),(bp+!src_work2+1)
0BA2BA 82 00             			mv	ba,(bp+!src_work1)
0BA2BC 06                			ret
0BA2BD                   			endl
0BA2BD                   	;
0BA2BD                   	xor20:		local
0BA2BD 6E 00 03          			xor	(bp+!src_work1),(bp+!src_work2)
0BA2C0 6E 01 04          			xor	(bp+!src_work1+1),(bp+!src_work2+1)
0BA2C3 6E 02 05          			xor	(bp+!src_work1+2),(bp+!src_work2+2)
0BA2C6 84 00             			mv	x,(bp+!src_work1)
0BA2C8 06                			ret
0BA2C9                   			endl
0BA2C9                   	;
0BA2C9                   	shl16:		local
0BA2C9 82 00             			mv	ba,(bp+!src_work1)
0BA2CB 61 03 00          			cmp	(bp+!src_work2),0
0BA2CE 18 06             			jrz	exit
0BA2D0 44 22             	l1:		add	ba,ba
0BA2D2 7D 03             			dec	(bp+!src_work2)
0BA2D4 1B 06             			jrnz	l1
0BA2D6 06                	exit:		ret
0BA2D7                   			endl
0BA2D7                   	;
0BA2D7                   	shl20:		local
0BA2D7 84 00             			mv	x,(bp+!src_work1)
0BA2D9 61 03 00          			cmp	(bp+!src_work2),0
0BA2DC 18 06             			jrz	exit
0BA2DE 45 44             	l1:		add	x,x
0BA2E0 7D 03             			dec	(bp+!src_work2)
0BA2E2 1B 06             			jrnz	l1
0BA2E4 06                	exit:		ret
0BA2E5                   			endl
0BA2E5                   	;
0BA2E5                   	shr16:		local
0BA2E5 61 03 00          			cmp	(bp+!src_work2),0
0BA2E8 18 08             			jrz	exit
0BA2EA F5 01             	l1:		shr	(bp+!src_work1+1)
0BA2EC F5 00             			shr	(bp+!src_work1)
0BA2EE 7D 03             			dec	(bp+!src_work2)
0BA2F0 1B 08             			jrnz	l1
0BA2F2 82 00             	exit:		mv	ba,(bp+!src_work1)
0BA2F4 06                			ret
0BA2F5                   			endl
0BA2F5                   	;
0BA2F5                   	shr20:		local
0BA2F5 61 03 00          			cmp	(bp+!src_work2),0
0BA2F8 18 0A             			jrz	exit
0BA2FA F5 02             	l1:		shr	(bp+!src_work1+2)
0BA2FC F5 01             			shr	(bp+!src_work1+1)
0BA2FE F5 00             			shr	(bp+!src_work1)
0BA300 7D 03             			dec	(bp+!src_work2)
0BA302 1B 0A             			jrnz	l1
0BA304 84 00             	exit:		mv	x,(bp+!src_work1)
0BA306 06                			ret
0BA307                   			endl
0BA307                   	;
0BA307 0C 00 80 00       	modify_int:	mv	x,$8000
0BA30B 44 24             			add	ba,x
0BA30D 44 34             			add	i,x
0BA30F 06                			ret
0BA310 CD 01 00 00       	clear_work:	mvw	(bp+!src_work1+1),0
0BA314 CD 04 00 00       			mvw	(bp+!src_work2+1),0
0BA318 06                			ret
0BA319 84 2A             	v_adr1:		mv	x,(bp+!src_local)
0BA31B 45 40             			add	x,a
0BA31D 06                			ret
0BA31E 84 2A             	v_adr2:		mv	x,(bp+!src_local)
0BA320 45 42             			add	x,ba
0BA322 06                			ret
0BA323 85 2A             	v_adr3:		mv	y,(bp+!src_local)
0BA325 45 45             			add	x,y
0BA327 06                			ret
0BA328 FD 10             	m_char:		mv	il,a
0BA32A 08 00             			mv	a,0
0BA32C 4E 01             			sub	a,il
0BA32E 06                			ret
0BA32F FD 32             	m_int:		mv	i,ba
0BA331 0A 00 00          			mv	ba,0
0BA334 4C 23             			sub	ba,i
0BA336 06                			ret
0BA337 FD 54             	m_pnt:		mv	y,x
0BA339 0C 00 00 00       			mv	x,0
0BA33D 4D 45             			sub	x,y
0BA33F 06                			ret
0BA340                   	n_char:		local
0BA340 60 00             			cmp	a,0
0BA342 18 02             			jrz	zero
0BA344 08 FF             			mv	a,-1
0BA346 6C 00             	zero:		inc	a
0BA348 06                			ret
0BA349                   			endl
0BA349                   	n_int:		local
0BA349 D6 02 27          			cmpw	(bp+!src_zero),ba
0BA34C 18 03             			jrz	zero
0BA34E 0A FF FF          			mv	ba,-1
0BA351 6C 02             	zero:		inc	ba
0BA353 06                			ret
0BA354                   			endl
0BA354                   	n_pnt:		local
0BA354 D7 04 27          			cmpp	(bp+!src_zero),x
0BA357 18 04             			jrz	zero
0BA359 0C FF FF 0F       			mv	x,-1
0BA35D 6C 04             	zero:		inc	x
0BA35F 06                			ret
0BA360                   			endl
0BA360                   	;
0BA360                   	strlen:		local
0BA360 3D                			popu	y
0BA361 0C FF FF 0F       			mv	x,-1
0BA365 6C 04             	l1:		inc	x
0BA367 90 25             			mv	a,[y++]
0BA369 60 00             			cmp	a,0
0BA36B 1B 08             			jrnz	l1
0BA36D 06                			ret
0BA36E                   			endl
0BA36E                   	;
0BA36E                   	fprintf:	local
0BA36E E2 34 19          			mvp	(bp+!obj_adr),[--x]
0BA371 0D A8 B0 0B       			mv	y,!buffer
0BA375 B5 24             			mv	[x++],y
0BA377 04 CD A3          			call	!sprintf
0BA37A 28                			pushu	a
0BA37B EA 36 19          			mvp	[--u],(bp+!obj_adr)
0BA37E 0C A8 B0 0B       			mv	x,!buffer
0BA382 2C                			pushu	x
0BA383 04 FA 9F          			call	!fputs
0BA386 6C 02             			inc	ba
0BA388 1A 05             			jrnz	exit
0BA38A 38                			popu	a
0BA38B 0A FF FF          			mv	ba,-1
0BA38E 06                			ret
0BA38F 08 00             	exit:		mv	a,0
0BA391 75                			mv	b,a
0BA392 38                			popu	a
0BA393 06                			ret
0BA394                   			endl
0BA394                   	;
0BA394                   	printf:		local
0BA394 04 BC A3          			call	printf_
0BA397 28                			pushu	a
0BA398 0C A8 B0 0B       			mv	x,!buffer
0BA39C 2C                			pushu	x
0BA39D 04 60 A3          			call	!strlen
0BA3A0 FD 54             			mv	y,x
0BA3A2 0C A8 B0 0B       			mv	x,!buffer
0BA3A6 09 04             			mv	il,4
0BA3A8 30 CC D6 00       			mv	(!cl),0
0BA3AC 05 E4 FF 0F       			callf	!fcntl
0BA3B0 1C 05             			jrc	error
0BA3B2 08 00             			mv	a,0
0BA3B4 75                			mv	b,a
0BA3B5 38                			popu	a
0BA3B6 06                			ret
0BA3B7 38                	error:		popu	a
0BA3B8 0A FF FF          			mv	ba,-1
0BA3BB 06                			ret
0BA3BC CC 20 00          	printf_:	mv	(bp+!var_type),0
0BA3BF 30 71 FB 7F       			and	($fb),$7f
0BA3C3 B4 37             			pushs	x
0BA3C5 FD 64             			mv	u,x
0BA3C7 0D A8 B0 0B       			mv	y,!buffer
0BA3CB 12 0D             			jr	!sprintf!sprintf_
0BA3CD                   			endl
0BA3CD                   	;
0BA3CD                   	sprintf:	local
0BA3CD CC 20 00          			mv	(bp+!var_type),0
0BA3D0 30 71 FB 7F       			and	($fb),$7f
0BA3D4 B4 37             			pushs	x			;save U-reg
0BA3D6 FD 64             			mv	u,x
0BA3D8 95 36             			mv	y,[--u]			;y <- ^buffer
0BA3DA 94 36             	sprintf_:	mv	x,[--u]			;x <- ^format
0BA3DC 90 24             	l1:		mv	a,[x++]
0BA3DE 60 00             			cmp	a,0
0BA3E0 18 08             			jrz	exit
0BA3E2 60 25             			cmp	a,'%'
0BA3E4 18 0F             			jrz	l4
0BA3E6 B0 25             			mv	[y++],a
0BA3E8 1B 0E             			jrnz	l1
0BA3EA B0 25             	exit:		mv	[y++],a
0BA3EC 96 27             			mv	u,[s++]
0BA3EE 30 79 FB 80       			or	($fb),$80
0BA3F2 80 20             			mv	a,(bp+!var_type)
0BA3F4 06                			ret
0BA3F5                   	;
0BA3F5 90 24             	l4:		mv	a,[x++]			;'%' controll char.
0BA3F7 60 00             			cmp	a,0
0BA3F9 19 11             			jrz	exit
0BA3FB 0B 00 00          			mv	i,0
0BA3FE 60 30             	l5:		cmp	a,'0'			;set max columns#
0BA400 1C 20             			jrc	l6
0BA402 60 3A             			cmp	a,'9'+1
0BA404 1E 1C             			jrnc	l6
0BA406 B0 37             			pushs	a
0BA408 44 33             			add	i,i
0BA40A B3 37             			pushs	i
0BA40C 44 33             			add	i,i
0BA40E 44 33             			add	i,i
0BA410 92 27             			pops	ba
0BA412 44 32             			add	i,ba
0BA414 90 27             			pops	a
0BA416 48 30             			sub	a,'0';
0BA418 44 30             			add	i,a
0BA41A 90 24             			mv	a,[x++]
0BA41C 60 00             			cmp	a,0
0BA41E 1B 22             			jrnz	l5
0BA420 13 38             			jr	exit
0BA422 B4 37             	l6:		pushs	x			;analize CTRL char.
0BA424 E2 36 00          			mvp	(bp),[--u]
0BA427 78 20             			or	a,$20
0BA429 60 64             			cmp	a,'d'
0BA42B 1A 23             			jrnz	l7
0BA42D                   	;
0BA42D CC 02 00          			mv	(bp+2),0		;'d'
0BA430 65 01 80          			test	(bp+1),$80
0BA433 18 16             			jrz	l8
0BA435 82 00             			mv	ba,(bp)
0BA437 B3 37             			pushs	i
0BA439 0B 00 00          			mv	i,0
0BA43C 4C 32             			sub	i,ba	
0BA43E A3 00             			mv	(bp),i
0BA440 93 27             			pops	i
0BA442 08 2D             			mv	a,'-'
0BA444 B0 25             			mv	[y++],a
0BA446 08 01             			mv	a,1
0BA448 04 28 A5          			call	dsub
0BA44B 04 CF A4          	l8:		call	tsub
0BA44E 12 6D             			jr	fill_
0BA450                   	;
0BA450 60 75             	l7:		cmp	a,'u'
0BA452 19 09             			jrz	l8			;'u'
0BA454 60 78             			cmp	a,'x'
0BA456 1A 40             			jrnz	l9
0BA458 B3 37             			pushs	i			;'x'
0BA45A 09 00             			mv	il,0
0BA45C DC 03 10 00 00    			mvp	(bp+3),$10
0BA461 C7 00 03          	hex_1:		cmpp	(bp),(bp+3)
0BA464 1C 16             			jrc	hex_2
0BA466 04 30 A5          			call	hsub
0BA469 B0 37             			pushs	a
0BA46B 6C 01             			inc	il
0BA46D 08 04             			mv	a,4
0BA46F 9F                	hex_3:		rc
0BA470 F5 02             			shr	(bp+2)
0BA472 F5 01             			shr	(bp+1)
0BA474 F5 00             			shr	(bp)
0BA476 7C 00             			dec	a
0BA478 1B 0B             			jrnz	hex_3
0BA47A 13 1B             			jr	hex_1
0BA47C 04 30 A5          	hex_2:		call	hsub
0BA47F B0 37             			pushs	a
0BA481 6C 01             			inc	il
0BA483 FD 01             			mv	a,il
0BA485 75                			mv	b,a
0BA486 90 27             	hex_4:		pops	a
0BA488 40 30             			add	a,'0'
0BA48A B0 25             			mv	[y++],a
0BA48C 7C 01             			dec	il
0BA48E 1B 0A             			jrnz	hex_4
0BA490 93 27             			pops	i
0BA492 74                			mv	a,b
0BA493 04 28 A5          			call	dsub
0BA496 12 25             			jr	fill_
0BA498                   	;
0BA498 60 63             	l9:		cmp	a,'c'
0BA49A 1A 0A             			jrnz	l10
0BA49C E8 25 00          			mv	[y++],(bp)		;'c'
0BA49F 08 01             			mv	a,1
0BA4A1 04 28 A5          			call	dsub
0BA4A4 12 17             			jr	fill_
0BA4A6                   	;
0BA4A6 60 73             	l10:		cmp	a,'s'
0BA4A8 1A 11             			jrnz	fill_0
0BA4AA 84 00             			mv	x,(bp)			;'s'
0BA4AC 90 24             	l10_1:		mv	a,[x++]
0BA4AE 60 00             			cmp	a,0
0BA4B0 18 0B             			jrz	fill_
0BA4B2 B0 25             			mv	[y++],a
0BA4B4 08 01             			mv	a,1
0BA4B6 04 28 A5          			call	dsub
0BA4B9 13 0F             			jr	l10_1
0BA4BB                   	;
0BA4BB 7D 20             	fill_0:		dec	(bp+!var_type)
0BA4BD 6D 20             	fill_:		inc	(bp+!var_type)
0BA4BF 08 20             			mv	a,' '			;fill blanks
0BA4C1 6C 03             			inc	i
0BA4C3 7C 03             	fill_1:		dec	i
0BA4C5 18 04             			jrz	fill_2
0BA4C7 B0 25             			mv	[y++],a
0BA4C9 13 08             			jr	fill_1
0BA4CB 94 27             	fill_2:		pops	x
0BA4CD 13 F3             			jr	l1
0BA4CF                   	;
0BA4CF 08 00             	tsub:		mv	a,0
0BA4D1 B4 37             			pushs	x
0BA4D3 B3 37             			pushs	i
0BA4D5 0C 0A 00 00       	tsub_5:		mv	x,10
0BA4D9 D7 04 00          			cmpp	(bp),x
0BA4DC 1C 33             			jrc	tsub_4
0BA4DE DC 03 00 00 0A    			mvp	(bp+3),$a0000
0BA4E3 0C 00 00 00       			mv	x,0
0BA4E7 09 03             	tsub_3:		mv	il,3
0BA4E9 45 44             			add	x,x
0BA4EB 5C 00 03          			sbcl	(bp),(bp+3)
0BA4EE 1E 07             			jrnc	tsub_2
0BA4F0 09 03             			mv	il,3
0BA4F2 54 00 03          			adcl	(bp),(bp+3)
0BA4F5 12 02             			jr	tsub_1
0BA4F7 6C 04             	tsub_2:		inc	x
0BA4F9 9F                	tsub_1:		rc
0BA4FA F5 05             			shr	(bp+5)
0BA4FC F5 04             			shr	(bp+4)
0BA4FE F5 03             			shr	(bp+3)
0BA500 61 03 05          			cmp	(bp+3),5
0BA503 1B 1E             			jrnz	tsub_3
0BA505 A4 03             			mv	(bp+3),x
0BA507 C2 00 03          			exp	(bp),(bp+3)
0BA50A E8 37 03          			mv	[--s],(bp+3)
0BA50D 6C 00             			inc	a
0BA50F 13 3C             			jr	tsub_5
0BA511 E8 37 00          	tsub_4:		mv	[--s],(bp)
0BA514 6C 00             			inc	a
0BA516 75                			mv	b,a
0BA517 FD 10             			mv	il,a
0BA519 90 27             	tsub_6:		pops	a
0BA51B 40 30             			add	a,'0'
0BA51D B0 25             			mv	[y++],a
0BA51F 7C 01             			dec	il
0BA521 1B 0A             			jrnz	tsub_6
0BA523 93 27             			pops	i
0BA525 94 27             			pops	x
0BA527 74                			mv	a,b
0BA528 4C 30             	dsub:		sub	i,a
0BA52A 1E 03             			jrnc	dsub_1
0BA52C 0B 00 00          			mv	i,0
0BA52F 06                	dsub_1:		ret
0BA530 80 00             	hsub:		mv	a,(bp)
0BA532 70 0F             			and	a,$f
0BA534 60 0A             			cmp	a,10
0BA536 1C 02             			jrc	hsub_1
0BA538 40 07             			add	a,7
0BA53A 06                	hsub_1:		ret
0BA53B                   	;
0BA53B                   			endl
0BA53B                   	;
0BA53B                   	upcase:		local
0BA53B 38                			popu	a
0BA53C 3B                			popu	i
0BA53D 60 61             			cmp	a,'a'
0BA53F 1C 06             			jrc	exit
0BA541 60 7B             			cmp	a,'z'+1
0BA543 1E 02             			jrnc	exit
0BA545 48 20             			sub	a,$20
0BA547 06                	exit:		ret
0BA548                   			endl
0BA548                   	;
0BA548                   	isdigit:	local
0BA548 38                			popu	a
0BA549 3B                			popu	i
0BA54A 60 30             			cmp	a,'0'
0BA54C 1C 07             			jrc	nodigit
0BA54E 60 3A             			cmp	a,'9'+1
0BA550 1E 03             			jrnc	nodigit
0BA552 78 01             	digit:		or	a,1
0BA554 06                			ret
0BA555 70 00             	nodigit:	and	a,0
0BA557 06                			ret
0BA558                   			endl
0BA558                   	;
0BA558                   	isalpha:	local
0BA558 04 3B A5          			call	!upcase
0BA55B 60 41             			cmp	a,'A'
0BA55D 1D 0A             			jrc	!isdigit!nodigit
0BA55F 60 5B             			cmp	a,'Z'+1
0BA561 1F 0E             			jrnc	!isdigit!nodigit
0BA563 13 13             			jr	!isdigit!digit
0BA565                   			endl
0BA565                   	;
0BA565                   	strcmp:		local
0BA565 3D                			popu	y
0BA566 3C                			popu	x
0BA567 90 24             	l1:		mv	a,[x++]
0BA569 91 25             			mv	il,[y++]
0BA56B 4E 10             			sub	il,a
0BA56D 1A 06             			jrnz	exit
0BA56F 60 00             			cmp	a,0
0BA571 1B 0C             			jrnz	l1
0BA573 13 23             			jr	!isdigit!digit
0BA575 60 00             	exit:		cmp	a,0
0BA577 19 24             			jrz	!isdigit!nodigit
0BA579 90 24             			mv	a,[x++]
0BA57B 13 08             			jr	exit
0BA57D                   			endl
0BA57D                   	;
0BA57D                   	miditx:		local
0BA57D                   	;
0BA57D                   	midi_term:	equ	$f4
0BA57D                   	on:		equ	4
0BA57D                   	off:		equ	$fb
0BA57D                   	;
0BA57D 3C                			popu	x
0BA57E E0 24 00          			mv	(bp+!src_work1),[x++]
0BA581 2F                	midi_trans:	pushu	imr
0BA582 90 24             			mv	a,[x++]
0BA584 30 79 F4 04       			or	(midi_term),on
0BA588 09 07             			mv	il,7
0BA58A EF                			wait
0BA58B CC 03 08          			mv	(bp+!src_work2),8
0BA58E E4                	trans:		ror	a
0BA58F 1C 07             			jrc	trans1
0BA591 00                			nop
0BA592 30 79 F4 04       			or	(midi_term),on
0BA596 12 06             			jr	trans2
0BA598 30 71 F4 FB       	trans1:		and	(midi_term),off
0BA59C 12 00             			jr	trans2
0BA59E 09 01             	trans2:		mv	il,1
0BA5A0 EF                			wait
0BA5A1 7D 03             			dec	(bp+!src_work2)
0BA5A3 1B 17             			jrnz	trans
0BA5A5 09 03             			mv	il,3
0BA5A7 EF                			wait
0BA5A8 30 71 F4 FB       			and	(midi_term),off
0BA5AC 09 FF             			mv	il,$ff
0BA5AE EF                			wait
0BA5AF                   	;
0BA5AF 3F                			popu	imr
0BA5B0 7D 00             			dec	(bp+!src_work1)
0BA5B2 1B 33             			jrnz	midi_trans
0BA5B4 06                			ret
0BA5B5                   			endl
0BA5B5                   	;
0BA5B5                   	atof:		local
0BA5B5 3C                			popu	x
0BA5B6 3D                			popu	y
0BA5B7 2D                			pushu	y
0BA5B8 2D                			pushu	y
0BA5B9 09 0F             			mv	il,15
0BA5BB 08 00             			mv	a,0
0BA5BD B0 25             	l1:		mv	[y++],a
0BA5BF 7C 01             			dec	il
0BA5C1 1B 06             			jrnz	l1
0BA5C3 3D                			popu	y
0BA5C4 08 01             			mv	a,1
0BA5C6 B0 25             			mv	[y++],a
0BA5C8 92 25             			mv	ba,[y++]
0BA5CA 90 24             	l3:		mv	a,[x++]
0BA5CC 60 00             			cmp	a,0
0BA5CE 18 49             			jrz	end
0BA5D0 60 2D             			cmp	a,'-'
0BA5D2 18 47             			jrz	l2
0BA5D4 60 30             			cmp	a,'0'
0BA5D6 1D 0E             			jrc	l3
0BA5D8 60 3A             			cmp	a,'9'+1
0BA5DA 1F 12             			jrnc	l3
0BA5DC 7C 04             			dec	x
0BA5DE 90 24             	l4:		mv	a,[x++]
0BA5E0 60 30             			cmp	a,'0'
0BA5E2 19 06             			jrz	l4
0BA5E4 7C 04             			dec	x
0BA5E6 CC 00 00          			mv	(bp+!src_work1),0
0BA5E9 04 22 A6          			call	sub
0BA5EC C8 01 00          			mv	(bp+!src_work1+1),(bp+!src_work1)
0BA5EF 60 00             			cmp	a,0
0BA5F1 18 1D             			jrz	exit
0BA5F3 60 2E             			cmp	a,'.'
0BA5F5 1A 07             			jrnz	expo
0BA5F7 04 22 A6          			call	sub
0BA5FA 60 00             			cmp	a,0
0BA5FC 18 12             			jrz	exit
0BA5FE 78 20             	expo:		or	a,$20
0BA600 60 65             			cmp	a,'e'
0BA602 1A 0C             			jrnz	exit
0BA604 2C                			pushu	x
0BA605 04 01 9E          			call	!atod
0BA608 FD 04             			mv	a,x
0BA60A 81 01             			mv	il,(bp+!src_work1+1)
0BA60C 46 01             			add	a,il
0BA60E A0 01             			mv	(bp+!src_work1+1),a
0BA610 80 01             	exit:		mv	a,(bp+!src_work1+1)
0BA612 3C                			popu	x
0BA613 7C 00             			dec	a
0BA615 B0 84 01          			mv	[x+1],a
0BA618 06                			ret
0BA619 3C                	end:		popu	x
0BA61A 06                			ret
0BA61B 08 09             	l2:		mv	a,9
0BA61D B0 C5 03          			mv	[y-3],a
0BA620 13 44             			jr	l4
0BA622                   	sub:		local
0BA622 90 24             			mv	a,[x++]
0BA624 60 30             			cmp	a,'0'
0BA626 1C 1F             			jrc	exit
0BA628 60 3A             			cmp	a,'9'+1
0BA62A 1E 1B             			jrnc	exit
0BA62C 61 00 14          			cmp	(bp+!src_work1),20
0BA62F 1E 12             			jrnc	l2
0BA631 48 30             			sub	a,'0'
0BA633 65 00 01          			test	(bp+!src_work1),1
0BA636 1A 05             			jrnz	l1
0BA638 EE                			swap	a
0BA639 B0 05             			mv	[y],a
0BA63B 12 06             			jr	l2
0BA63D 91 05             	l1:		mv	il,[y]
0BA63F 46 10             			add	il,a
0BA641 B1 25             			mv	[y++],il
0BA643 6D 00             	l2:		inc	(bp+!src_work1)
0BA645 13 25             			jr	..!sub
0BA647 06                	exit:		ret
0BA648                   			endl
0BA648                   			endl
0BA648                   	;
0BA648                   	ftoa:		local
0BA648 3C                			popu	x
0BA649 A4 00             			mv	(bp+!src_work1),x
0BA64B 3D                			popu	y
0BA64C 2D                			pushu	y
0BA64D 90 24             			mv	a,[x++]
0BA64F 60 09             			cmp	a,9
0BA651 1A 04             			jrnz	l1
0BA653 08 2D             			mv	a,'-'
0BA655 B0 25             			mv	[y++],a
0BA657 E0 24 03          	l1:		mv	(bp+!src_work2),[x++]
0BA65A 04 1F A7          			call	get_valid_digit
0BA65D 60 00             			cmp	a,0
0BA65F 1A 04             			jrnz	non_zero
0BA661 CD 03 00 01       			mvw	(bp+!src_work2),$100
0BA665 61 03 80          	non_zero:	cmp	(bp+!src_work2),$80
0BA668 1E 28             			jrnc	small
0BA66A 61 03 14          			cmp	(bp+!src_work2),20
0BA66D 1E 47             			jrnc	exp
0BA66F 6D 03             			inc	(bp+!src_work2)
0BA671 B7 04 03          			cmp	(bp+!src_work2+1),(bp+!src_work2)
0BA674 1E 03             			jrnc	l3_1
0BA676 C8 04 03          			mv	(bp+!src_work2+1),(bp+!src_work2)
0BA679 08 00             	l3_1:		mv	a,0
0BA67B 28                	l3:		pushu	a
0BA67C 04 0A A7          			call	get_digit
0BA67F B0 25             			mv	[y++],a
0BA681 38                			popu	a
0BA682 6C 00             			inc	a
0BA684 7D 03             			dec	(bp+!src_work2)
0BA686 1A 04             			jrnz	l2
0BA688 09 2E             			mv	il,'.'
0BA68A B1 25             			mv	[y++],il
0BA68C 7D 04             	l2:		dec	(bp+!src_work2+1)
0BA68E 1B 15             			jrnz	l3
0BA690 12 72             			jr	exit
0BA692 4A 03             	small:		sub	a,(bp+!src_work2)
0BA694 60 15             			cmp	a,21
0BA696 1E 1E             			jrnc	exp
0BA698 0A 30 2E          			mv	ba,'.' * 256 + '0'
0BA69B B2 25             			mv	[y++],ba
0BA69D 6D 03             	l5:		inc	(bp+!src_work2)
0BA69F 18 04             			jrz	l4
0BA6A1 B0 25             			mv	[y++],a
0BA6A3 13 08             			jr	l5		
0BA6A5 08 00             	l4:		mv	a,0
0BA6A7 28                	l6:		pushu	a
0BA6A8 04 0A A7          			call	get_digit
0BA6AB B0 25             			mv	[y++],a
0BA6AD 38                			popu	a
0BA6AE 6C 00             			inc	a
0BA6B0 7D 04             			dec	(bp+!src_work2+1)
0BA6B2 1B 0D             			jrnz	l6
0BA6B4 12 4E             			jr	exit
0BA6B6 08 00             	exp:		mv	a,0
0BA6B8 04 0A A7          			call	get_digit
0BA6BB B0 25             			mv	[y++],a
0BA6BD 08 2E             			mv	a,'.'
0BA6BF B0 25             			mv	[y++],a
0BA6C1 08 01             			mv	a,1
0BA6C3 7D 04             	l7:		dec	(bp+!src_work2+1)
0BA6C5 18 0B             			jrz	l8
0BA6C7 28                			pushu	a
0BA6C8 04 0A A7          			call	get_digit
0BA6CB B0 25             			mv	[y++],a
0BA6CD 38                			popu	a
0BA6CE 6C 00             			inc	a
0BA6D0 13 0F             			jr	l7
0BA6D2 90 C5 01          	l8:		mv	a,[y-1]
0BA6D5 60 2E             			cmp	a,'.'
0BA6D7 1A 02             			jrnz	l11
0BA6D9 7C 05             			dec	y
0BA6DB 08 45             	l11:		mv	a,'E'
0BA6DD B0 25             			mv	[y++],a
0BA6DF 08 2B             			mv	a,'+'
0BA6E1 61 03 80          			cmp	(bp+!src_work2),$80
0BA6E4 1C 08             			jrc	l9
0BA6E6 08 00             			mv	a,0
0BA6E8 4A 03             			sub	a,(bp+!src_work2)
0BA6EA A0 03             			mv	(bp+!src_work2),a
0BA6EC 08 2D             			mv	a,'-'
0BA6EE B0 25             	l9:		mv	[y++],a
0BA6F0 CC 00 00          			mv	(bp+!src_work1),0
0BA6F3 80 03             			mv	a,(bp+!src_work2)
0BA6F5 6D 00             	l10:		inc	(bp+!src_work1)
0BA6F7 48 0A             			sub	a,10
0BA6F9 1F 06             			jrnc	l10
0BA6FB 40 3A             			add	a,'0'+10
0BA6FD 75                			mv	b,a
0BA6FE 80 00             			mv	a,(bp+!src_work1)
0BA700 40 2F             			add	a,'0'-1
0BA702 B2 25             			mv	[y++],ba
0BA704 08 00             	exit:		mv	a,0
0BA706 B0 25             			mv	[y++],a
0BA708 3C                			popu	x
0BA709 06                			ret
0BA70A                   	;
0BA70A                   	get_digit:	local
0BA70A 84 00             			mv	x,(bp+!src_work1)
0BA70C 28                			pushu	a
0BA70D 9F                			rc
0BA70E F4                			shr	a
0BA70F 40 03             			add	a,3
0BA711 45 40             			add	x,a
0BA713 38                			popu	a
0BA714 F4                			shr	a
0BA715 90 04             			mv	a,[x]
0BA717 1C 01             			jrc	l1
0BA719 EE                			swap	a
0BA71A 70 0F             	l1:		and	a,15
0BA71C 40 30             			add	a,'0'
0BA71E 06                			ret
0BA71F                   			endl
0BA71F                   	;
0BA71F                   	get_valid_digit:local
0BA71F 08 13             			mv	a,19
0BA721 28                	l2:		pushu	a
0BA722 04 0A A7          			call	..!get_digit
0BA725 60 30             			cmp	a,'0'
0BA727 38                			popu	a
0BA728 1A 04             			jrnz	l1
0BA72A 48 01             			sub	a,1
0BA72C 1F 0D             			jrnc	l2
0BA72E 6C 00             	l1:		inc	a
0BA730 A0 04             			mv	(bp+!src_work2+1),a
0BA732 06                			ret
0BA733                   			endl
0BA733                   	;
0BA733                   			endl
0BA733                   	;
0BA733                   	_math1:		local
0BA733 3C                			popu	x
0BA734 FD 04             			mv	a,x
0BA736 3C                			popu	x
0BA737 09 0F             	entry:		mv	il,15
0BA739 E3 24 00          			mvl	(bp+0),[x++]
0BA73C 30 CD D6 09 00    	entry2:		mvw	(!cx),9
0BA741 FD 10             			mv	il,a
0BA743 05 E8 FF 0F       			callf	!iocs
0BA747 3C                			popu	x
0BA748 2C                			pushu	x
0BA749 09 0F             			mv	il,15
0BA74B EB 24 00          			mvl	[x++],(bp+0)
0BA74E 3C                			popu	x
0BA74F 1E 04             			jrnc	exit
0BA751 0C 00 00 00       			mv	x,0
0BA755 30 CC EC 70       	exit:		mv	($ec),$70
0BA759 06                			ret
0BA75A                   			endl
0BA75A                   	;
0BA75A                   	_math2:		local
0BA75A 3C                			popu	x
0BA75B FD 04             			mv	a,x
0BA75D 3C                			popu	x
0BA75E 3D                			popu	y
0BA75F 09 0F             			mv	il,15
0BA761 E3 25 0F          			mvl	(bp+15),[y++]
0BA764 13 2F             			jr	..!_math1!entry
0BA766                   			endl
0BA766                   	;
0BA766                   	itof:		local
0BA766 04 C0 9A          			call	!abs
0BA769 4F                			pushs	f
0BA76A A2 01             			mv	(bp+1),ba
0BA76C CC 03 00          			mv	(bp+3),0
0BA76F 08 7F             			mv	a,$7f		
0BA771 04 3C A7          			call	..!_math1!entry2
0BA774 1C 09             			jrc	exit
0BA776 08 01             			mv	a,1
0BA778 5F                			pops	f
0BA779 18 02             			jrz	exit1
0BA77B 08 09             			mv	a,9
0BA77D B0 04             	exit1:		mv	[x],a
0BA77F 06                	exit:		ret
0BA780                   			endl
0BA780                   	;
0BA780                   	ftoi:		local
0BA780 3C                			popu	x
0BA781 2C                			pushu	x
0BA782 2F                			pushu	imr
0BA783 09 0F             			mv	il,15
0BA785 E3 24 00          			mvl	(bp+0),[x++]
0BA788 30 CD D6 09 00    			mvw	(!cx),9
0BA78D 09 7E             			mv	il,$7e
0BA78F 05 E8 FF 0F       			callf	!iocs
0BA793 30 CC EC 70       			mv	($ec),$70
0BA797 3F                			popu	imr
0BA798 84 01             			mv	x,(bp+1)
0BA79A 2C                			pushu	x
0BA79B 04 C0 9A          			call	!abs
0BA79E 3C                			popu	x
0BA79F 91 04             			mv	il,[x]
0BA7A1 7C 01             			dec	il
0BA7A3 18 07             			jrz	exit
0BA7A5 0B 00 00          			mv	i,0
0BA7A8 4C 32             			sub	i,ba
0BA7AA FD 23             			mv	ba,i
0BA7AC 06                	exit:		ret
0BA7AD                   			endl
0BA7AD                   	;
0BA7AD                   	movez:		local
0BA7AD 04 B4 A7          			call	!move
0BA7B0 E8 05 27          			mv	[y],(bp+!src_zero)
0BA7B3 06                			ret
0BA7B4                   			endl
0BA7B4                   	;
0BA7B4                   	move:		local
0BA7B4 3C                			popu	x
0BA7B5 FD 34             			mv	i,x
0BA7B7 3C                			popu	x				;source
0BA7B8 3D                			popu	y				;dest
0BA7B9 D6 03 27          			cmpw	(bp+!src_zero),i
0BA7BC 18 0F             			jrz	exit				;no move
0BA7BE A4 00             			mv	(bp+!src_work1),x
0BA7C0 D7 05 00          			cmpp	(bp+!src_work1),y
0BA7C3 1C 09             			jrc	l1
0BA7C5 90 24             	loop1:		mv	a,[x++]				;source is higher than dest
0BA7C7 B0 25             			mv	[y++],a
0BA7C9 7C 03             			dec	i
0BA7CB 1B 08             			jrnz	loop1
0BA7CD 06                	exit:		ret
0BA7CE 45 43             	l1:		add	x,i				;dest is higher than source
0BA7D0 45 53             			add	y,i
0BA7D2 2D                			pushu	y
0BA7D3 2C                			pushu	x
0BA7D4 90 34             	loop2:		mv	a,[--x]
0BA7D6 B0 35             			mv	[--y],a
0BA7D8 7C 03             			dec	i
0BA7DA 1B 08             			jrnz	loop2
0BA7DC 3C                			popu	x
0BA7DD 3D                			popu	y
0BA7DE 06                			ret
0BA7DF                   			endl
0BA7DF                   	;
0BA7DF                   	argp:		local
0BA7DF 8C BF B1 0B       			mv	x,[!_argp]
0BA7E3 06                			ret
0BA7E4                   			endl
0BA7E4                   	;
0BA7E4                   	;
0BA7E4                   			include	screen.s
0BA7E4                   	div_by_8:	local
0BA7E4 DD                			ex	a,b			;ba = ba / 2
0BA7E5 9F                			rc
0BA7E6 F4                			shr	a
0BA7E7 DD                			ex	a,b
0BA7E8 F4                			shr	a
0BA7E9 DD                			ex	a,b			;ba = ba / 2
0BA7EA 9F                			rc
0BA7EB F4                			shr	a
0BA7EC DD                			ex	a,b
0BA7ED F4                			shr	a
0BA7EE DD                			ex	a,b			;ba = ba / 2
0BA7EF 9F                			rc
0BA7F0 F4                			shr	a
0BA7F1 DD                			ex	a,b
0BA7F2 F4                			shr	a
0BA7F3 06                			ret
0BA7F4                   			endl
0BA7F4                   	;
0BA7F4                   	get_size:	local
0BA7F4 82 00             			mv	ba,(bp+!src_work1)
0BA7F6 6C 02             			inc	ba
0BA7F8 A2 00             			mv	(bp+!src_work1),ba
0BA7FA 82 03             			mv	ba,(bp+!src_work2)
0BA7FC 04 E4 A7          			call	!div_by_8
0BA7FF 6C 02             			inc	ba
0BA801 A2 03             			mv	(bp+!src_work2),ba
0BA803 02 7F A1          			jp	!mul20
0BA806                   			endl
0BA806                   	;
0BA806                   	s_clear:	local
0BA806 3C                			popu	x
0BA807 04 10 A3          			call	!clear_work
0BA80A E1 24 00          			mvw	(bp+!src_work1),[x++]
0BA80D E1 24 03          			mvw	(bp+!src_work2),[x++]
0BA810 2C                			pushu	x
0BA811 04 F4 A7          			call	!get_size
0BA814 FD 24             			mv	ba,x
0BA816 3D                			popu	y
0BA817 45 45             			add	x,y
0BA819 2F                			pushu	imr
0BA81A A6 00             			mv	(bp+!src_work1),u
0BA81C FD 64             			mv	u,x
0BA81E 09 00             			mv	il,0
0BA820 9F                			rc
0BA821 DD                			ex	a,b
0BA822 F4                			shr	a
0BA823 DD                			ex	a,b
0BA824 F4                			shr	a
0BA825 1E 07             			jrnc	l1
0BA827 29                			pushu	il
0BA828 7C 02             			dec	ba
0BA82A 6C 02             			inc	ba
0BA82C 18 05             			jrz	l2
0BA82E 2B                	l1:		pushu	i
0BA82F 7C 02             			dec	ba
0BA831 1B 05             			jrnz	l1
0BA833 86 00             	l2:		mv	u,(bp+!src_work1)
0BA835 3F                			popu	imr
0BA836 06                			ret
0BA837                   			endl
0BA837                   	;
0BA837                   	s_point:	local
0BA837 3C                			popu	x
0BA838 FD 24             			mv	ba,x
0BA83A A2 14             			mv	(bp+!point_y),ba
0BA83C 3C                			popu	x
0BA83D FD 24             			mv	ba,x
0BA83F A2 12             			mv	(bp+!point_x),ba
0BA841 3C                			popu	x
0BA842 E1 24 0E          			mvw	(bp+!dest_x_size),[x++]
0BA845 E1 24 10          			mvw	(bp+!dest_y_size),[x++]
0BA848 04 90 AA          			call	!get_scrn_adrs
0BA84B 1C 0D             			jrc	err
0BA84D 90 04             			mv	a,[x]
0BA84F 67 1F             			test	(bp+!dest_ring_o),a
0BA851 0A 00 00          			mv	ba,0
0BA854 18 03             			jrz	exit
0BA856 0A 01 00          			mv	ba,1
0BA859 06                	exit:		ret
0BA85A 0A FF FF          	err:		mv	ba,-1
0BA85D 06                			ret
0BA85E                   			endl
0BA85E                   	;
0BA85E                   	s_pixel:	local
0BA85E 3C                			popu	x
0BA85F FD 04             			mv	a,x
0BA861 A0 26             			mv	(bp+!dest_opr),a
0BA863 3C                			popu	x
0BA864 FD 24             			mv	ba,x
0BA866 A2 14             			mv	(bp+!point_y),ba
0BA868 3C                			popu	x
0BA869 FD 24             			mv	ba,x
0BA86B A2 12             			mv	(bp+!point_x),ba
0BA86D 3C                			popu	x
0BA86E E1 24 0E          			mvw	(bp+!dest_x_size),[x++]
0BA871 E1 24 10          			mvw	(bp+!dest_y_size),[x++]
0BA874 04 90 AA          			call	!get_scrn_adrs
0BA877 1C 1C             			jrc	err
0BA879 90 04             			mv	a,[x]
0BA87B 61 26 01          			cmp	(bp+!dest_opr),1
0BA87E 1C 0E             			jrc	l1
0BA880 18 08             			jrz	l2
0BA882 6F 1F             			xor	a,(bp+!dest_ring_o)
0BA884 B0 04             	exit:		mv	[x],a
0BA886 0A 00 00          			mv	ba,0
0BA889 06                			ret
0BA88A 7F 1F             	l2:		or	a,(bp+!dest_ring_o)
0BA88C 13 0A             			jr	exit
0BA88E 69 1F FF          	l1:		xor	(bp+!dest_ring_o),$ff
0BA891 77 1F             			and	a,(bp+!dest_ring_o)
0BA893 13 11             			jr	exit
0BA895 0A FF FF          	err:		mv	ba,-1
0BA898 06                			ret
0BA899                   			endl
0BA899                   	;
0BA899                   	s_fill:		local
0BA899 3C                			popu	x
0BA89A FD 04             			mv	a,x
0BA89C A0 26             			mv	(bp+!dest_opr),a
0BA89E 3C                			popu	x
0BA89F FD 24             			mv	ba,x
0BA8A1 A2 18             			mv	(bp+!to_y),ba
0BA8A3 3C                			popu	x
0BA8A4 FD 24             			mv	ba,x
0BA8A6 A2 16             			mv	(bp+!to_x),ba
0BA8A8 3C                			popu	x
0BA8A9 FD 24             			mv	ba,x
0BA8AB A2 14             			mv	(bp+!point_y),ba
0BA8AD 3C                			popu	x
0BA8AE FD 24             			mv	ba,x
0BA8B0 A2 12             			mv	(bp+!point_x),ba
0BA8B2 3C                			popu	x
0BA8B3 C6 14 18          			cmpw	(bp+!point_y),(bp+!to_y)
0BA8B6 1C 03             			jrc	l1
0BA8B8 C1 14 18          			exw	(bp+!point_y),(bp+!to_y)
0BA8BB 09 08             	l1:		mv	il,8
0BA8BD DB 4D A9 0B 12    			mvl	[!s_box!box_x1],(bp+!point_x)
0BA8C2 AC 55 A9 0B       			mv	[!s_box!box_adrs],x
0BA8C6 C9 18 14          			mvw	(bp+!to_y),(bp+!point_y)
0BA8C9 04 72 A9          			call	!s_line!entry
0BA8CC 1C 1B             			jrc	exit
0BA8CE 09 08             			mv	il,8
0BA8D0 D3 12 4D A9 0B    			mvl	(bp+!point_x),[!s_box!box_x1]
0BA8D5 8C 55 A9 0B       			mv	x,[!s_box!box_adrs]
0BA8D9 C6 14 18          			cmpw	(bp+!point_y),(bp+!to_y)
0BA8DC 18 08             			jrz	exit1
0BA8DE 82 14             			mv	ba,(bp+!point_y)
0BA8E0 6C 02             			inc	ba
0BA8E2 A2 14             			mv	(bp+!point_y),ba
0BA8E4 13 2B             			jr	l1
0BA8E6 0A 00 00          	exit1:		mv	ba,0
0BA8E9 06                	exit:		ret
0BA8EA                   			endl
0BA8EA                   	;
0BA8EA                   	s_box:		local
0BA8EA 3C                			popu	x
0BA8EB FD 04             			mv	a,x
0BA8ED A0 26             			mv	(bp+!dest_opr),a
0BA8EF 3C                			popu	x
0BA8F0 FD 24             			mv	ba,x
0BA8F2 A2 18             			mv	(bp+!to_y),ba
0BA8F4 3C                			popu	x
0BA8F5 FD 24             			mv	ba,x
0BA8F7 A2 16             			mv	(bp+!to_x),ba
0BA8F9 3C                			popu	x
0BA8FA FD 24             			mv	ba,x
0BA8FC A2 14             			mv	(bp+!point_y),ba
0BA8FE 3C                			popu	x
0BA8FF FD 24             			mv	ba,x
0BA901 A2 12             			mv	(bp+!point_x),ba
0BA903 3C                			popu	x
0BA904 09 08             			mv	il,8
0BA906 DB 4D A9 0B 12    			mvl	[box_x1],(bp+!point_x)
0BA90B AC 55 A9 0B       			mv	[box_adrs],x
0BA90F C9 18 14          			mvw	(bp+!to_y),(bp+!point_y)
0BA912 04 72 A9          			call	!s_line!entry
0BA915 1C 35             			jrc	exit
0BA917 09 08             			mv	il,8
0BA919 D3 12 4D A9 0B    			mvl	(bp+!point_x),[box_x1]
0BA91E 8C 55 A9 0B       			mv	x,[box_adrs]
0BA922 C9 12 16          			mvw	(bp+!point_x),(bp+!to_x)
0BA925 04 72 A9          			call	!s_line!entry
0BA928 1C 22             			jrc	exit		
0BA92A 09 08             			mv	il,8
0BA92C D3 12 4D A9 0B    			mvl	(bp+!point_x),[box_x1]
0BA931 8C 55 A9 0B       			mv	x,[box_adrs]
0BA935 C9 14 18          			mvw	(bp+!point_y),(bp+!to_y)
0BA938 04 72 A9          			call	!s_line!entry
0BA93B 09 08             			mv	il,8
0BA93D D3 12 4D A9 0B    			mvl	(bp+!point_x),[box_x1]
0BA942 8C 55 A9 0B       			mv	x,[box_adrs]
0BA946 C9 16 12          			mvw	(bp+!to_x),(bp+!point_x)
0BA949 04 72 A9          			call	!s_line!entry
0BA94C 06                	exit:		ret
0BA94D 00 00 00 00 00 00 	box_x1:		ds	8
0BA953 00 00             	
0BA955 00 00 00          	box_adrs:	ds	3
0BA958                   			endl
0BA958                   	;
0BA958                   	s_line:		local
0BA958 3C                			popu	x
0BA959 FD 04             			mv	a,x
0BA95B A0 26             			mv	(bp+!dest_opr),a
0BA95D 3C                			popu	x
0BA95E FD 24             			mv	ba,x
0BA960 A2 18             			mv	(bp+!to_y),ba
0BA962 3C                			popu	x
0BA963 FD 24             			mv	ba,x
0BA965 A2 16             			mv	(bp+!to_x),ba
0BA967 3C                			popu	x
0BA968 FD 24             			mv	ba,x
0BA96A A2 14             			mv	(bp+!point_y),ba
0BA96C 3C                			popu	x
0BA96D FD 24             			mv	ba,x
0BA96F A2 12             			mv	(bp+!point_x),ba
0BA971 3C                			popu	x
0BA972 E1 24 0E          	entry:		mvw	(bp+!dest_x_size),[x++]
0BA975 E1 24 10          			mvw	(bp+!dest_y_size),[x++]
0BA978 C6 0E 16          			cmpw	(bp+!dest_x_size),(bp+!to_x)
0BA97B 16 8B AA          			jpc	err
0BA97E C6 10 18          			cmpw	(bp+!dest_y_size),(bp+!to_y)
0BA981 16 8B AA          			jpc	err
0BA984 04 90 AA          			call	!get_scrn_adrs
0BA987 16 8B AA          			jpc	err
0BA98A 08 7F             			mv	a,$7f			;OR operation
0BA98C 09 1E             			mv	il,$1e
0BA98E 61 26 01          			cmp	(bp+!dest_opr),1
0BA991 18 0D             			jrz	or_opr
0BA993 1E 09             			jrnc	xor_opr
0BA995 69 1F FF          			xor	(bp+!dest_ring_o),$ff
0BA998 08 77             			mv	a,$77			;AND operation	
0BA99A 09 1C             			mv	il,$1c
0BA99C 12 02             			jr	or_opr
0BA99E 08 6F             	xor_opr:	mv	a,$6f
0BA9A0 A8 34 AA 0B       	or_opr:		mv	[point_z1],a
0BA9A4 A8 64 AA 0B       			mv	[point_z2],a
0BA9A8 A9 4D AA 0B       			mv	[point_w1],il
0BA9AC A9 7F AA 0B       			mv	[point_w2],il
0BA9B0 C6 16 12          			cmpw	(bp+!to_x),(bp+!point_x)
0BA9B3 18 16             			jrz	l1
0BA9B5 1C 0A             			jrc	l2
0BA9B7                   	;
0BA9B7                   	;set INC
0BA9B7                   	;
0BA9B7 0A 6C 04          			mv	ba,$046c		;Write 'inc x'
0BA9BA 2A                			pushu	ba
0BA9BB                   	;
0BA9BB 82 16             			mv	ba,(bp+!to_x)
0BA9BD 83 12             			mv	i,(bp+!point_x)
0BA9BF 12 10             			jr	next
0BA9C1                   	l2:
0BA9C1                   	;
0BA9C1                   	;set DEC
0BA9C1                   	;
0BA9C1 0A 7C 04          			mv	ba,$047c		;Write 'dec x'
0BA9C4 2A                			pushu	ba
0BA9C5                   	;
0BA9C5 82 12             			mv	ba,(bp+!point_x)
0BA9C7 83 16             			mv	i,(bp+!to_x)
0BA9C9 12 06             			jr	next
0BA9CB                   	l1:
0BA9CB                   	;
0BA9CB                   	;set NOP
0BA9CB                   	;
0BA9CB 0A 00 00          			mv	ba,0			;Write 'nop nop'
0BA9CE 2A                			pushu	ba
0BA9CF                   	;
0BA9CF FD 23             			mv	ba,i
0BA9D1 4C 23             	next:		sub	ba,i
0BA9D3 FD 32             			mv	i,ba
0BA9D5 A2 06             			mv	(bp+!from_x),ba
0BA9D7 6C 03             			inc	i
0BA9D9 A3 1A             			mv	(bp+!x_count),i
0BA9DB 44 22             			add	 ba,ba
0BA9DD A2 16             			mv	(bp+!to_x),ba
0BA9DF 3A                			popu	ba
0BA9E0 AA 53 AA 0B       			mv	[point_x1],ba
0BA9E4 AA 7B AA 0B       			mv	[point_x2],ba
0BA9E8 C6 18 14          			cmpw	(bp+!to_y),(bp+!point_y)
0BA9EB 18 16             			jrz	l1_1
0BA9ED 1C 0A             			jrc	l2_1
0BA9EF                   	;
0BA9EF                   	;set INC
0BA9EF                   	;
0BA9EF 0A E7 45          			mv	ba,$45e7		;Write 'rol (n) ; add r3,r'
0BA9F2 2A                			pushu	ba
0BA9F3                   	;
0BA9F3 82 18             			mv	ba,(bp+!to_y)
0BA9F5 83 14             			mv	i,(bp+!point_y)
0BA9F7 12 10             			jr	next_1
0BA9F9                   	l2_1:
0BA9F9                   	;
0BA9F9                   	;set DEC
0BA9F9                   	;
0BA9F9 0A E5 4D          			mv	ba,$4de5		;Write 'ror (n) ; sub r3,r'
0BA9FC 2A                			pushu	ba
0BA9FD                   	;
0BA9FD 82 14             			mv	ba,(bp+!point_y)
0BA9FF 83 18             			mv	i,(bp+!to_y)
0BAA01 12 06             			jr	next_1
0BAA03                   	l1_1:
0BAA03                   	;
0BAA03                   	;set NOP
0BAA03                   	;
0BAA03 0A 08 08          			mv	ba,$0808
0BAA06 2A                			pushu	ba
0BAA07                   	;
0BAA07 FD 23             			mv	ba,i
0BAA09 4C 23             	next_1:		sub	ba,i
0BAA0B FD 32             			mv	i,ba
0BAA0D A2 08             			mv	(bp+!from_y),ba
0BAA0F 6C 03             			inc	i
0BAA11 A3 1C             			mv	(bp+!y_count),i
0BAA13 44 22             			add	ba,ba
0BAA15 A2 18             			mv	(bp+!to_y),ba
0BAA17 3A                			popu	ba
0BAA18 A8 4B AA 0B       			mv	[point_y1],a
0BAA1C A8 7D AA 0B       			mv	[point_y2],a
0BAA20 74                			mv	a,b
0BAA21 A8 51 AA 0B       			mv	[point_p1],a
0BAA25 A8 83 AA 0B       			mv	[point_p2],a
0BAA29 C6 06 08          			cmpw	(bp+!from_x),(bp+!from_y)
0BAA2C 1C 30             			jrc	l4_1
0BAA2E 82 1A             			mv	ba,(bp+!x_count)
0BAA30 FD 52             			mv	y,ba
0BAA32 90 04             	l4:		mv	a,[x]
0BAA34 7F 1F             	point_z1:	or	a,(bp+!dest_ring_o)
0BAA36 B0 04             			mv	[x],a
0BAA38 82 06             			mv	ba,(bp+!from_x)
0BAA3A 83 18             			mv	i,(bp+!to_y)
0BAA3C 44 23             			add	ba,i
0BAA3E A2 06             			mv	(bp+!from_x),ba
0BAA40 C6 06 16          			cmpw	(bp+!from_x),(bp+!to_x)
0BAA43 1C 0E             			jrc	l3
0BAA45 83 16             			mv	i,(bp+!to_x)
0BAA47 4C 23             			sub	ba,i
0BAA49 A2 06             			mv	(bp+!from_x),ba
0BAA4B E7 1F             	point_y1:	rol	(bp+!dest_ring_o)
0BAA4D 1E 04             	point_w1:	jrnc	l3
0BAA4F 82 0E             			mv	ba,(bp+!dest_x_size)
0BAA51 45 42             	point_p1:	add	x,ba
0BAA53                   	l3:
0BAA53 6C 04             	point_x1:	inc	x
0BAA55 7C 05             			dec	y
0BAA57 1B 27             			jrnz	l4
0BAA59 0A 00 00          	exit:		mv	ba,0
0BAA5C 9F                			rc
0BAA5D 06                			ret
0BAA5E                   	;
0BAA5E 82 1C             	l4_1:		mv	ba,(bp+!y_count)
0BAA60 FD 52             			mv	y,ba
0BAA62 90 04             	l4_2:		mv	a,[x]
0BAA64 7F 1F             	point_z2:	or	a,(bp+!dest_ring_o)
0BAA66 B0 04             			mv	[x],a
0BAA68 82 08             			mv	ba,(bp+!from_y)
0BAA6A 83 16             			mv	i,(bp+!to_x)
0BAA6C 44 23             			add	ba,i
0BAA6E A2 08             			mv	(bp+!from_y),ba
0BAA70 C6 08 18          			cmpw	(bp+!from_y),(bp+!to_y)
0BAA73 1C 08             			jrc	l3_1
0BAA75 83 18             			mv	i,(bp+!to_y)
0BAA77 4C 23             			sub	ba,i
0BAA79 A2 08             			mv	(bp+!from_y),ba
0BAA7B 6C 04             	point_x2:	inc	x
0BAA7D                   	l3_1:
0BAA7D E7 1F             	point_y2:	rol	(bp+!dest_ring_o)
0BAA7F 1E 04             	point_w2:	jrnc	l3_2
0BAA81 82 0E             			mv	ba,(bp+!dest_x_size)
0BAA83 45 42             	point_p2:	add	x,ba
0BAA85 7C 05             	l3_2:		dec	y
0BAA87 1B 27             			jrnz	l4_2
0BAA89 13 32             			jr	exit
0BAA8B 0A FF FF          	err:		mv	ba,-1
0BAA8E 97                			sc
0BAA8F 06                			ret		
0BAA90                   			endl
0BAA90                   	;
0BAA90                   	get_scrn_adrs:	local
0BAA90 82 12             			mv	ba,(bp+!point_x)
0BAA92 D6 02 0E          			cmpw	(bp+!dest_x_size),ba
0BAA95 1C 30             			jrc	err
0BAA97 C6 10 14          			cmpw	(bp+!dest_y_size),(bp+!point_y)
0BAA9A 1C 2B             			jrc	err
0BAA9C 45 42             			add	x,ba
0BAA9E 2C                			pushu	x
0BAA9F 82 14             			mv	ba,(bp+!point_y)
0BAAA1 04 E4 A7          			call	!div_by_8
0BAAA4 FD 42             			mv	x,ba
0BAAA6 A4 00             			mv	(bp+!src_work1),x
0BAAA8 82 0E             			mv	ba,(bp+!dest_x_size)
0BAAAA 6C 02             			inc	ba
0BAAAC FD 42             			mv	x,ba
0BAAAE A2 0E             			mv	(bp+!dest_x_size),ba
0BAAB0 A4 03             			mv	(bp+!src_work2),x
0BAAB2 04 7F A1          			call	!mul20
0BAAB5 3D                			popu	y
0BAAB6 45 45             			add	x,y
0BAAB8 80 14             			mv	a,(bp+!point_y)
0BAABA 70 07             			and	a,7
0BAABC 0D 9E AC 0B       			mv	y,!s_proj!table
0BAAC0 45 50             			add	y,a
0BAAC2 E0 05 1F          			mv	(bp+!dest_ring_o),[y]
0BAAC5 9F                			rc
0BAAC6 06                			ret
0BAAC7 97                	err:		sc
0BAAC8 06                			ret
0BAAC9                   			endl
0BAAC9                   	;
0BAAC9                   	s_proj:		local
0BAAC9 3C                			popu	x
0BAACA FD 04             			mv	a,x
0BAACC A0 26             			mv	(bp+!dest_opr),a
0BAACE 3C                			popu	x
0BAACF FD 24             			mv	ba,x
0BAAD1 A2 14             			mv	(bp+!point_y),ba
0BAAD3 3C                			popu	x
0BAAD4 FD 24             			mv	ba,x
0BAAD6 A2 12             			mv	(bp+!point_x),ba
0BAAD8 3C                			popu	x
0BAAD9 3D                			popu	y
0BAADA E1 24 0A          	entry:		mvw	(bp+!source_x_size),[x++]
0BAADD E1 24 0C          			mvw	(bp+!source_y_size),[x++]
0BAAE0 A4 20             			mv	(bp+!source_adrs),x
0BAAE2 E1 25 0E          			mvw	(bp+!dest_x_size),[y++]
0BAAE5 E1 25 10          			mvw	(bp+!dest_y_size),[y++]
0BAAE8 A5 23             			mv	(bp+!dest_adrs),y
0BAAEA                   	get_scrn_adr:	local
0BAAEA 83 12             			mv	i,(bp+!point_x)
0BAAEC 82 0A             			mv	ba,(bp+!source_x_size)
0BAAEE 44 23             			add	ba,i
0BAAF0 74                			mv	a,b
0BAAF1 64 80             			test	a,$80
0BAAF3 15 9A AC          			jpnz	..!exit
0BAAF6 FD 23             			mv	ba,i
0BAAF8 DD                			ex	a,b
0BAAF9 64 80             			test	a,$80
0BAAFB DD                			ex	a,b
0BAAFC 18 09             			jrz	l1
0BAAFE 09 00             			mv	il,0
0BAB00 4E 12             			sub	il,ba
0BAB02 0A 00 00          			mv	ba,0
0BAB05 12 08             			jr	next_y
0BAB07 D6 02 0E          	l1:		cmpw	(bp+!dest_x_size),ba
0BAB0A 16 9A AC          			jpc	..!exit
0BAB0D 09 00             			mv	il,0
0BAB0F A3 06             	next_y:		mv	(bp+!from_x),i
0BAB11 A2 16             			mv	(bp+!to_x),ba
0BAB13 83 14             			mv	i,(bp+!point_y)
0BAB15 82 0C             			mv	ba,(bp+!source_y_size)
0BAB17 44 23             			add	ba,i
0BAB19 74                			mv	a,b
0BAB1A 64 80             			test	a,$80
0BAB1C 15 9A AC          			jpnz	..!exit
0BAB1F FD 23             			mv	ba,i
0BAB21 DD                			ex	a,b
0BAB22 64 80             			test	a,$80
0BAB24 DD                			ex	a,b
0BAB25 18 09             			jrz	l2
0BAB27 09 00             			mv	il,0
0BAB29 4E 12             			sub	il,ba
0BAB2B 0A 00 00          			mv	ba,0
0BAB2E 12 08             			jr	next
0BAB30 D6 03 10          	l2:		cmpw	(bp+!dest_y_size),i
0BAB33 16 9A AC          			jpc	..!exit
0BAB36 09 00             			mv	il,0
0BAB38 A3 08             	next:		mv	(bp+!from_y),i
0BAB3A A2 18             			mv	(bp+!to_y),ba
0BAB3C 82 0C             			mv	ba,(bp+!source_y_size)
0BAB3E 4C 23             			sub	ba,i
0BAB40 6C 02             			inc	ba
0BAB42 A2 1C             			mv	(bp+!y_count),ba
0BAB44 83 18             			mv	i,(bp+!to_y)
0BAB46 82 10             			mv	ba,(bp+!dest_y_size)
0BAB48 4C 23             			sub	ba,i
0BAB4A 6C 02             			inc	ba
0BAB4C D6 02 1C          			cmpw	(bp+!y_count),ba
0BAB4F 1C 02             			jrc	l3
0BAB51 A2 1C             			mv	(bp+!y_count),ba
0BAB53 83 06             	l3:		mv	i,(bp+!from_x)
0BAB55 82 0A             			mv	ba,(bp+!source_x_size)
0BAB57 4C 23             			sub	ba,i
0BAB59 6C 02             			inc	ba
0BAB5B A2 1A             			mv	(bp+!x_count),ba
0BAB5D 83 16             			mv	i,(bp+!to_x)
0BAB5F 82 0E             			mv	ba,(bp+!dest_x_size)
0BAB61 4C 23             			sub	ba,i
0BAB63 6C 02             			inc	ba
0BAB65 D6 02 1A          			cmpw	(bp+!x_count),ba
0BAB68 1C 02             			jrc	l4
0BAB6A A2 1A             			mv	(bp+!x_count),ba
0BAB6C 80 08             	l4:		mv	a,(bp+!from_y)
0BAB6E 70 07             			and	a,7
0BAB70 0C 9E AC 0B       			mv	x,..!table
0BAB74 45 40             			add	x,a
0BAB76 E0 04 1E          			mv	(bp+!source_ring_o),[x]
0BAB79 80 18             			mv	a,(bp+!to_y)
0BAB7B 70 07             			and	a,7
0BAB7D 0C 9E AC 0B       			mv	x,..!table
0BAB81 45 40             			add	x,a
0BAB83 E0 04 1F          			mv	(bp+!dest_ring_o),[x]
0BAB86 04 10 A3          			call	!clear_work
0BAB89 82 08             			mv	ba,(bp+!from_y)
0BAB8B 04 E4 A7          			call	!div_by_8
0BAB8E A2 00             			mv	(bp+!src_work1),ba
0BAB90 82 0A             			mv	ba,(bp+!source_x_size)
0BAB92 6C 02             			inc	ba
0BAB94 A2 0A             			mv	(bp+!source_x_size),ba
0BAB96 A2 03             			mv	(bp+!src_work2),ba
0BAB98 04 7F A1          			call	!mul20
0BAB9B 85 20             			mv	y,(bp+!source_adrs)
0BAB9D 45 45             			add	x,y
0BAB9F 82 06             			mv	ba,(bp+!from_x)
0BABA1 45 42             			add	x,ba
0BABA3 A4 20             			mv	(bp+!source_adrs),x
0BABA5 04 10 A3          			call	!clear_work
0BABA8 82 18             			mv	ba,(bp+!to_y)
0BABAA 04 E4 A7          			call	!div_by_8
0BABAD A2 00             			mv	(bp+!src_work1),ba
0BABAF 82 0E             			mv	ba,(bp+!dest_x_size)
0BABB1 6C 02             			inc	ba
0BABB3 A2 0E             			mv	(bp+!dest_x_size),ba
0BABB5 A2 03             			mv	(bp+!src_work2),ba
0BABB7 04 7F A1          			call	!mul20
0BABBA 85 23             			mv	y,(bp+!dest_adrs)
0BABBC 45 45             			add	x,y
0BABBE 82 16             			mv	ba,(bp+!to_x)
0BABC0 45 42             			add	x,ba
0BABC2 A4 23             			mv	(bp+!dest_adrs),x
0BABC4 FD 54             			mv	y,x
0BABC6 84 20             			mv	x,(bp+!source_adrs)
0BABC8                   			endl
0BABC8                   	;
0BABC8 80 26             			mv	a,(bp+!dest_opr)
0BABCA 60 01             			cmp	a,1
0BABCC 1A 20             			jrnz	entry1
0BABCE 08 7B             			mv	a,$7b
0BABD0 A8 D1 AC 0B       	entryx:		mv	[!graphic_engine!point2],a
0BABD4 A8 D4 AC 0B       			mv	[!graphic_engine!point3],a
0BABD8 40 03             			add	a,3
0BABDA A8 0D AD 0B       			mv	[!graphic_engine!point4],a
0BABDE A8 22 AD 0B       			mv	[!graphic_engine!point5],a
0BABE2 A8 2A AD 0B       			mv	[!graphic_engine!point6],a
0BABE6 6C 00             			inc	a
0BABE8 A8 C2 AC 0B       			mv	[!graphic_engine!point1],a
0BABEC 12 B8             			jr	!graphic_engine
0BABEE 60 02             	entry1:		cmp	a,2
0BABF0 1A 04             			jrnz	l2
0BABF2 08 6B             			mv	a,$6b
0BABF4 13 26             			jr	entryx
0BABF6 C8 12 1F          	l2:		mv	(bp+!dest_ring),(bp+!dest_ring_o)
0BABF9 69 12 FF          			xor	(bp+!dest_ring),$ff
0BABFC B7 1F 1E          			cmp	(bp+!dest_ring_o),(bp+!source_ring_o)
0BABFF 1A 28             			jrnz	_main
0BAC01 09 08             			mv	il,8
0BAC03 D6 03 1C          	l12:		cmpw	(bp+!y_count),i
0BAC06 1C 21             			jrc	_main
0BAC08 82 1A             			mv	ba,(bp+!x_count)		
0BAC0A 04 8A AD          			call	!_transfer
0BAC0D 84 20             			mv	x,(bp+!source_adrs)
0BAC0F 82 0A             			mv	ba,(bp+!source_x_size)
0BAC11 45 42             			add	x,ba
0BAC13 A4 20             			mv	(bp+!source_adrs),x
0BAC15 85 23             			mv	y,(bp+!dest_adrs)
0BAC17 82 0E             			mv	ba,(bp+!dest_x_size)
0BAC19 45 52             			add	y,ba
0BAC1B A5 23             			mv	(bp+!dest_adrs),y
0BAC1D 82 1C             			mv	ba,(bp+!y_count)
0BAC1F 09 08             			mv	il,8
0BAC21 4C 23             			sub	ba,i
0BAC23 A2 1C             			mv	(bp+!y_count),ba
0BAC25 1B 24             			jrnz	l12
0BAC27 12 6D             			jr	l11
0BAC29 82 1A             	_main:		mv	ba,(bp+!x_count)
0BAC2B 9F                			rc
0BAC2C DD                			ex	a,b
0BAC2D F4                			shr	a
0BAC2E DD                			ex	a,b
0BAC2F F4                			shr	a
0BAC30 FD 32             			mv	i,ba
0BAC32 1E 1A             			jrnc	l0
0BAC34 90 24             			mv	a,[x++]
0BAC36 E0 05 00          			mv	(bp+!src_work1),[y]
0BAC39 67 1E             			test	(bp+!source_ring_o),a
0BAC3B 18 05             			jrz	no_dot
0BAC3D 7E 00 1F          			or	(bp+!src_work1),(bp+!dest_ring_o)
0BAC40 12 03             			jr	skip1
0BAC42 76 00 12          	no_dot:		and	(bp+!src_work1),(bp+!dest_ring)
0BAC45 E8 25 00          	skip1:		mv	[y++],(bp+!src_work1)
0BAC48 6C 03             			inc	i
0BAC4A 7C 03             			dec	i
0BAC4C 18 25             			jrz	l15
0BAC4E 92 24             	l0:		mv	ba,[x++]
0BAC50 E1 05 00          			mvw	(bp+!src_work1),[y]
0BAC53 67 1E             			test	(bp+!source_ring_o),a
0BAC55 18 05             			jrz	no_dot1
0BAC57 7E 00 1F          			or	(bp+!src_work1),(bp+!dest_ring_o)
0BAC5A 12 03             			jr	skip2
0BAC5C 76 00 12          	no_dot1:	and	(bp+!src_work1),(bp+!dest_ring)
0BAC5F 74                	skip2:		mv	a,b
0BAC60 67 1E             			test	(bp+!source_ring_o),a
0BAC62 18 05             			jrz	no_dot2
0BAC64 7E 01 1F          			or	(bp+!src_work1+1),(bp+!dest_ring_o)
0BAC67 12 03             			jr	skip3
0BAC69 76 01 12          	no_dot2:	and	(bp+!src_work1+1),(bp+!dest_ring)
0BAC6C E9 25 00          	skip3:		mvw	[y++],(bp+!src_work1)
0BAC6F 7C 03             			dec	i
0BAC71 1B 25             			jrnz	l0
0BAC73 84 20             	l15:		mv	x,(bp+!source_adrs)
0BAC75 85 23             			mv	y,(bp+!dest_adrs)
0BAC77 E7 1E             			rol	(bp+!source_ring_o)
0BAC79 1E 06             			jrnc	l1
0BAC7B 83 0A             			mv	i,(bp+!source_x_size)
0BAC7D 45 43             			add	x,i
0BAC7F A4 20             			mv	(bp+!source_adrs),x
0BAC81 E7 12             	l1:		rol	(bp+!dest_ring)
0BAC83 E7 1F             			rol	(bp+!dest_ring_o)
0BAC85 1E 06             			jrnc	next
0BAC87 83 0E             			mv	i,(bp+!dest_x_size)
0BAC89 45 53             			add	y,i
0BAC8B A5 23             			mv	(bp+!dest_adrs),y
0BAC8D 7D 1C             	next:		dec	(bp+!y_count)
0BAC8F 1B 68             			jrnz	_main
0BAC91 49 1D 01          			sub	(bp+!y_count+1),1
0BAC94 1F 6D             			jrnc	_main
0BAC96 0A 00 00          	l11:		mv	ba,0
0BAC99 06                			ret
0BAC9A 0A FF FF          	exit:		mv	ba,-1
0BAC9D 06                			ret
0BAC9E 01 02 04 08 10 20 	table:		db	$01,$02,$04,$08,$10,$20,$40,$80
0BACA4 40 80             	
0BACA6                   			endl
0BACA6                   	;
0BACA6                   	graphic_engine:	local
0BACA6 B7 1F 1E          			cmp	(bp+!dest_ring_o),(bp+!source_ring_o)
0BACA9 1A 4E             			jrnz	_main
0BACAB 09 08             			mv	il,8
0BACAD D6 03 1C          	l12:		cmpw	(bp+!y_count),i
0BACB0 1C 47             			jrc	_main
0BACB2 82 1A             			mv	ba,(bp+!x_count)
0BACB4 9F                			rc
0BACB5 DD                			ex	a,b
0BACB6 F4                			shr	a
0BACB7 DD                			ex	a,b
0BACB8 F4                			shr	a
0BACB9 FD 32             			mv	i,ba
0BACBB 1E 0F             			jrnc	l13
0BACBD E0 24 00          			mv	(bp+!src_work1),[x++]
0BACC0 90 05             			mv	a,[y]
0BACC2 7F 00             	point1:		or	a,(bp+!src_work1)
0BACC4 B0 25             			mv	[y++],a
0BACC6 6C 03             			inc	i
0BACC8 7C 03             			dec	i
0BACCA 18 11             			jrz	l14
0BACCC 92 24             	l13:		mv	ba,[x++]
0BACCE E1 05 00          			mvw	(bp+!src_work1),[y]
0BACD1 7B 00             	point2:		or	(bp+!src_work1),a
0BACD3 74                			mv	a,b
0BACD4 7B 01             	point3:		or	(bp+!src_work1+1),a
0BACD6 E9 25 00          			mvw	[y++],(bp+!src_work1)
0BACD9 7C 03             			dec	i
0BACDB 1B 11             			jrnz	l13
0BACDD 84 20             	l14:		mv	x,(bp+!source_adrs)
0BACDF 82 0A             			mv	ba,(bp+!source_x_size)
0BACE1 45 42             			add	x,ba
0BACE3 A4 20             			mv	(bp+!source_adrs),x
0BACE5 85 23             			mv	y,(bp+!dest_adrs)
0BACE7 82 0E             			mv	ba,(bp+!dest_x_size)
0BACE9 45 52             			add	y,ba
0BACEB A5 23             			mv	(bp+!dest_adrs),y
0BACED 82 1C             			mv	ba,(bp+!y_count)
0BACEF 09 08             			mv	il,8
0BACF1 4C 23             			sub	ba,i
0BACF3 A2 1C             			mv	(bp+!y_count),ba
0BACF5 1B 4A             			jrnz	l12
0BACF7 12 5C             			jr	l11
0BACF9 82 1A             	_main:		mv	ba,(bp+!x_count)
0BACFB 9F                			rc
0BACFC DD                			ex	a,b
0BACFD F4                			shr	a
0BACFE DD                			ex	a,b
0BACFF F4                			shr	a
0BAD00 FD 32             			mv	i,ba
0BAD02 1E 15             			jrnc	l0
0BAD04 90 24             			mv	a,[x++]
0BAD06 E0 05 00          			mv	(bp+!src_work1),[y]
0BAD09 67 1E             			test	(bp+!source_ring_o),a
0BAD0B 18 03             			jrz	no_dot
0BAD0D 7E 00 1F          	point4:		or	(bp+!src_work1),(bp+!dest_ring_o)
0BAD10 E8 25 00          	no_dot:		mv	[y++],(bp+!src_work1)
0BAD13 6C 03             			inc	i
0BAD15 7C 03             			dec	i
0BAD17 18 1B             			jrz	l15
0BAD19 92 24             	l0:		mv	ba,[x++]
0BAD1B E1 05 00          			mvw	(bp+!src_work1),[y]
0BAD1E 67 1E             			test	(bp+!source_ring_o),a
0BAD20 18 03             			jrz	no_dot1
0BAD22 7E 00 1F          	point5:		or	(bp+!src_work1),(bp+!dest_ring_o)
0BAD25 74                	no_dot1:	mv	a,b
0BAD26 67 1E             			test	(bp+!source_ring_o),a
0BAD28 18 03             			jrz	no_dot2
0BAD2A 7E 01 1F          	point6:		or	(bp+!src_work1+1),(bp+!dest_ring_o)
0BAD2D E9 25 00          	no_dot2:	mvw	[y++],(bp+!src_work1)
0BAD30 7C 03             			dec	i
0BAD32 1B 1B             			jrnz	l0
0BAD34 84 20             	l15:		mv	x,(bp+!source_adrs)
0BAD36 85 23             			mv	y,(bp+!dest_adrs)
0BAD38 E7 1E             			rol	(bp+!source_ring_o)
0BAD3A 1E 06             			jrnc	l1
0BAD3C 83 0A             			mv	i,(bp+!source_x_size)
0BAD3E 45 43             			add	x,i
0BAD40 A4 20             			mv	(bp+!source_adrs),x
0BAD42 E7 1F             	l1:		rol	(bp+!dest_ring_o)
0BAD44 1E 06             			jrnc	next
0BAD46 83 0E             			mv	i,(bp+!dest_x_size)
0BAD48 45 53             			add	y,i
0BAD4A A5 23             			mv	(bp+!dest_adrs),y
0BAD4C 7D 1C             	next:		dec	(bp+!y_count)
0BAD4E 1B 57             			jrnz	_main
0BAD50 49 1D 01          			sub	(bp+!y_count+1),1
0BAD53 1F 5C             			jrnc	_main
0BAD55 0A 00 00          	l11:		mv	ba,0
0BAD58 06                			ret
0BAD59 0A FF FF          	exit:		mv	ba,-1
0BAD5C 06                			ret
0BAD5D                   			endl
0BAD5D                   	;
0BAD5D                   	s_copy:		local
0BAD5D 04 10 A3          			call	!clear_work
0BAD60 3C                			popu	x
0BAD61 3D                			popu	y
0BAD62 E1 24 00          			mvw	(bp+!src_work1),[x++]
0BAD65 92 25             			mv	ba,[y++]
0BAD67 D6 02 00          			cmpw	(bp+!src_work1),ba
0BAD6A 1A 1A             			jrnz	err
0BAD6C E1 24 03          			mvw	(bp+!src_work2),[x++]
0BAD6F 92 25             			mv	ba,[y++]
0BAD71 D6 02 03          			cmpw	(bp+!src_work2),ba
0BAD74 1A 10             			jrnz	err
0BAD76 2C                			pushu	x
0BAD77 2D                			pushu	y
0BAD78 04 F4 A7          			call	!get_size
0BAD7B FD 24             			mv	ba,x
0BAD7D 3D                			popu	y
0BAD7E 3C                			popu	x
0BAD7F 04 8A AD          			call	!_transfer
0BAD82 0A 00 00          			mv	ba,0
0BAD85 06                			ret
0BAD86 0A FF FF          	err:		mv	ba,-1
0BAD89 06                			ret
0BAD8A                   			endl
0BAD8A                   	;
0BAD8A                   	_transfer:	local
0BAD8A 9F                			rc
0BAD8B DD                			ex	a,b
0BAD8C F4                			shr	a
0BAD8D DD                			ex	a,b
0BAD8E F4                			shr	a
0BAD8F 1E 0A             			jrnc	l1
0BAD91 91 24             			mv	il,[x++]
0BAD93 B1 25             			mv	[y++],il
0BAD95 6C 02             			inc	ba
0BAD97 7C 02             			dec	ba
0BAD99 18 08             			jrz	l2
0BAD9B 93 24             	l1:		mv	i,[x++]
0BAD9D B3 25             			mv	[y++],i
0BAD9F 7C 02             			dec	ba
0BADA1 1B 08             			jrnz	l1
0BADA3 06                	l2:		ret
0BADA4                   			endl
0BADA4                   	;
0BADA4                   	s_shift:	local
0BADA4 E2 26 00          			mvp	(bp+!src_work1),[u++]
0BADA7 C9 14 00          			mvw	(bp+!point_y),(bp+!src_work1)
0BADAA E2 26 00          			mvp	(bp+!src_work1),[u++]
0BADAD C9 12 00          			mvw	(bp+!point_x),(bp+!src_work1)
0BADB0 3C                			popu	x
0BADB1 E1 24 0A          			mvw	(bp+!source_x_size),[x++]
0BADB4 E1 24 0C          			mvw	(bp+!source_y_size),[x++]
0BADB7 A4 20             			mv	(bp+!source_adrs),x
0BADB9 04 10 A3          			call	!clear_work
0BADBC C9 00 0A          			mvw	(bp+!src_work1),(bp+!source_x_size)
0BADBF C9 03 0C          			mvw	(bp+!src_work2),(bp+!source_y_size)
0BADC2 04 F4 A7          			call	!get_size
0BADC5 2F                			pushu	imr
0BADC6 FD 24             			mv	ba,x
0BADC8 A2 03             			mv	(bp+!src_work2),ba
0BADCA                   	;
0BADCA 65 13 80          			test	(bp+!point_x+1),$80
0BADCD 1A 30             			jrnz	l1
0BADCF C6 12 27          			cmpw	(bp+!point_x),(bp+!src_zero)
0BADD2 18 41             			jrz	next
0BADD4 83 03             			mv	i,(bp+!src_work2)	;Move X to plus direction
0BADD6 85 20             			mv	y,(bp+!source_adrs)
0BADD8 45 53             			add	y,i
0BADDA FD 45             			mv	x,y
0BADDC 82 12             			mv	ba,(bp+!point_x)
0BADDE 4D 42             			sub	x,ba
0BADE0 4C 32             			sub	i,ba
0BADE2 FD 23             			mv	ba,i
0BADE4 9F                			rc
0BADE5 DD                			ex	a,b
0BADE6 F4                			shr	a
0BADE7 DD                			ex	a,b
0BADE8 F4                			shr	a
0BADE9 1E 0A             			jrnc	_l1
0BADEB 91 34             			mv	il,[--x]
0BADED B1 35             			mv	[--y],il
0BADEF 6C 02             			inc	ba
0BADF1 7C 02             			dec	ba
0BADF3 18 20             			jrz	next
0BADF5 93 34             	_l1:		mv	i,[--x]
0BADF7 B3 35             			mv	[--y],i
0BADF9 7C 02             			dec	ba
0BADFB 1B 08             			jrnz	_l1
0BADFD 12 16             			jr	next
0BADFF 85 20             	l1:		mv	y,(bp+!source_adrs)
0BAE01 FD 45             			mv	x,y
0BAE03 83 12             			mv	i,(bp+!point_x)
0BAE05 0A 00 00          			mv	ba,0
0BAE08 4C 23             			sub	ba,i			;Set X at ba
0BAE0A 45 42             			add	x,ba
0BAE0C 83 03             			mv	i,(bp+!src_work2)
0BAE0E 4C 32             			sub	i,ba
0BAE10 FD 23             			mv	ba,i
0BAE12 04 8A AD          			call	!_transfer
0BAE15 A6 23             	next:		mv	(bp+!dest_adrs),u
0BAE17 82 0C             			mv	ba,(bp+!source_y_size)
0BAE19 04 E4 A7          			call	!div_by_8
0BAE1C 6C 02             			inc	ba
0BAE1E FD 62             			mv	u,ba
0BAE20 A6 00             			mv	(bp+!src_work1),u
0BAE22 83 0A             			mv	i,(bp+!source_x_size)
0BAE24 6C 03             			inc	i
0BAE26 65 14 80          			test	(bp+!point_y),$80
0BAE29 1A 2B             			jrnz	next1
0BAE2B C6 14 27          			cmpw	(bp+!point_y),(bp+!src_zero)
0BAE2E 18 1F             			jrz	exit
0BAE30 85 20             			mv	y,(bp+!source_adrs)
0BAE32 86 00             	next3:		mv	u,(bp+!src_work1)
0BAE34 FD 45             			mv	x,y
0BAE36 90 04             	next2:		mv	a,[x]
0BAE38 F6                			shl	a
0BAE39 B0 04             			mv	[x],a
0BAE3B F4                			shr	a
0BAE3C 45 43             			add	x,i
0BAE3E F6                			shl	a
0BAE3F 7C 06             			dec	u
0BAE41 1B 0D             			jrnz	next2
0BAE43 6C 05             			inc	y
0BAE45 49 0A 01          			sub	(bp+!source_x_size),1
0BAE48 1F 18             			jrnc	next3
0BAE4A 49 0B 01          			sub	(bp+!source_x_size+1),1
0BAE4D 1F 1D             			jrnc	next3
0BAE4F 0A 00 00          	exit:		mv	ba,0
0BAE52 86 23             			mv	u,(bp+!dest_adrs)
0BAE54 3F                			popu	imr
0BAE55 06                			ret
0BAE56 82 03             	next1:		mv	ba,(bp+!src_work2)
0BAE58 85 20             			mv	y,(bp+!source_adrs)
0BAE5A 45 52             			add	y,ba
0BAE5C 7C 05             			dec	y
0BAE5E 86 00             	next3_1:	mv	u,(bp+!src_work1)
0BAE60 FD 45             			mv	x,y
0BAE62 90 04             	next2_1:	mv	a,[x]
0BAE64 F4                			shr	a
0BAE65 B0 04             			mv	[x],a
0BAE67 F6                			shl	a
0BAE68 4D 43             			sub	x,i
0BAE6A F4                			shr	a
0BAE6B 7C 06             			dec	u
0BAE6D 1B 0D             			jrnz	next2_1
0BAE6F 7C 05             			dec	y
0BAE71 49 0A 01          			sub	(bp+!source_x_size),1
0BAE74 1F 18             			jrnc	next3_1
0BAE76 49 0B 01          			sub	(bp+!source_x_size+1),1
0BAE79 1F 1D             			jrnc	next3_1
0BAE7B 13 2E             			jr	exit
0BAE7D                   			endl
0BAE7D                   	;
0BAE7D                   	s_real:		local
0BAE7D 3C                			popu	x
0BAE7E FD 04             			mv	a,x
0BAE80 A0 02             			mv	(bp+!src_work1+2),a
0BAE82 3C                			popu	x
0BAE83 92 24             			mv	ba,[x++]
0BAE85 0B EF 00          			mv	i,239
0BAE88 4C 23             			sub	ba,i
0BAE8A 1A 9B             			jrnz	err
0BAE8C 92 24             			mv	ba,[x++]
0BAE8E 0B 1F 00          			mv	i,31
0BAE91 4C 23             			sub	ba,i
0BAE93 1A 92             			jrnz	err
0BAE95 2F                			pushu	imr
0BAE96 CC 01 04          			mv	(bp+!src_work1+1),4
0BAE99 22 F0 80 00 E6 08 			mv	(bp+!src_work1),[($e6)+8]
0BAE9F 79 00 B8          			or	(bp+!src_work1),$b8
0BAEA2 D8 00 20 00 00    	l0:		mv	[$2000],(bp+!src_work1)	;Set X page
0BAEA7 CD 03 40 38       			mvw	(bp+!src_work2),$3840
0BAEAB 08 40             			mv	a,$40
0BAEAD A8 00 20 00       			mv	[$2000],a		;Set Y adrs
0BAEB1 65 02 01          			test	(bp+!src_work1+2),1
0BAEB4 18 75             			jrz	skip_l1
0BAEB6 0D 06 20 00       			mv	y,$2006
0BAEBA 90 24             	l1:		mv	a,[x++]
0BAEBC B0 05             			mv	[y],a
0BAEBE 7D 03             			dec	(bp+!src_work2)
0BAEC0 1B 08             			jrnz	l1
0BAEC2 65 02 02          	return_l1:	test	(bp+!src_work1+2),2
0BAEC5 18 6A             			jrz	skip_l2
0BAEC7 0D 0A 20 00       			mv	y,$200a
0BAECB 90 24             	l2:		mv	a,[x++]
0BAECD B0 05             			mv	[y],a
0BAECF 7D 04             			dec	(bp+!src_work2+1)
0BAED1 1B 08             			jrnz	l2
0BAED3 41 00 04          	return_l2:	add	(bp+!src_work1),4
0BAED6 71 00 07          			and	(bp+!src_work1),7
0BAED9 79 00 B8          			or	(bp+!src_work1),$b8
0BAEDC D8 00 20 00 00    			mv	[$2000],(bp+!src_work1)	;Set X page
0BAEE1 08 78             			mv	a,120
0BAEE3 45 40             			add	x,a
0BAEE5 CD 03 40 38       			mvw	(bp+!src_work2),$3840
0BAEE9 08 40             			mv	a,$40
0BAEEB A8 00 20 00       			mv	[$2000],a		;Set Y adrs
0BAEEF 65 02 08          			test	(bp+!src_work1+2),8
0BAEF2 18 43             			jrz	skip_l3
0BAEF4 0D 06 20 00       			mv	y,$2006
0BAEF8 90 34             	l3:		mv	a,[--x]
0BAEFA B0 05             			mv	[y],a
0BAEFC 7D 03             			dec	(bp+!src_work2)
0BAEFE 1B 08             			jrnz	l3
0BAF00 65 02 04          	return_l3:	test	(bp+!src_work1+2),4
0BAF03 18 38             			jrz	skip_l4
0BAF05 0D 0A 20 00       			mv	y,$200a
0BAF09 90 34             	l4:		mv	a,[--x]
0BAF0B B0 05             			mv	[y],a
0BAF0D 7D 04             			dec	(bp+!src_work2+1)
0BAF0F 1B 08             			jrnz	l4
0BAF11 49 00 03          	return_l4:	sub	(bp+!src_work1),3
0BAF14 71 00 07          			and	(bp+!src_work1),7
0BAF17 79 00 B8          			or	(bp+!src_work1),$b8
0BAF1A 08 78             			mv	a,120
0BAF1C 45 40             			add	x,a
0BAF1E 7D 01             			dec	(bp+!src_work1+1)
0BAF20 1B 80             			jrnz	l0
0BAF22 0A 00 00          			mv	ba,0
0BAF25 3F                			popu	imr
0BAF26 06                			ret
0BAF27 0A FF FF          	err:		mv	ba,-1
0BAF2A 06                			ret
0BAF2B 80 03             	skip_l1:	mv	a,(bp+!src_work2)
0BAF2D 45 40             			add	x,a
0BAF2F 13 6F             			jr	return_l1
0BAF31 80 04             	skip_l2:	mv	a,(bp+!src_work2+1)
0BAF33 45 40             			add	x,a
0BAF35 13 64             			jr	return_l2
0BAF37 80 03             	skip_l3:	mv	a,(bp+!src_work2)
0BAF39 4D 40             			sub	x,a
0BAF3B 13 3D             			jr	return_l3
0BAF3D 80 04             	skip_l4:	mv	a,(bp+!src_work2+1)
0BAF3F 4D 40             			sub	x,a
0BAF41 13 32             			jr	return_l4
0BAF43                   			endl
0BAF43                   	;
0BAF43                   	s_take:		local
0BAF43 3C                			popu	x
0BAF44 92 24             			mv	ba,[x++]
0BAF46 0B EF 00          			mv	i,239
0BAF49 4C 23             			sub	ba,i
0BAF4B 1A 97             			jrnz	err
0BAF4D 92 24             			mv	ba,[x++]
0BAF4F 0B 1F 00          			mv	i,31
0BAF52 4C 23             			sub	ba,i
0BAF54 1A 8E             			jrnz	err
0BAF56 2F                			pushu	imr
0BAF57 CC 01 04          			mv	(bp+!src_work1+1),4
0BAF5A 22 F0 80 00 E6 08 			mv	(bp+!src_work1),[($e6)+8]
0BAF60 79 00 B8          			or	(bp+!src_work1),$b8
0BAF63 D8 00 20 00 00    	l0:		mv	[$2000],(bp+!src_work1)	;Set X page
0BAF68 CD 03 41 39       			mvw	(bp+!src_work2),$3941
0BAF6C 08 40             			mv	a,$40
0BAF6E A8 00 20 00       			mv	[$2000],a		;Set Y adrs
0BAF72 0D 07 20 00       			mv	y,$2007
0BAF76 90 05             			mv	a,[y]
0BAF78 12 04             			jr	l1_1
0BAF7A 90 05             	l1:		mv	a,[y]
0BAF7C B0 24             			mv	[x++],a
0BAF7E 7D 03             	l1_1:		dec	(bp+!src_work2)
0BAF80 1B 08             			jrnz	l1
0BAF82 0D 0B 20 00       			mv	y,$200b
0BAF86 90 05             			mv	a,[y]
0BAF88 12 04             			jr	l2_1
0BAF8A 90 05             	l2:		mv	a,[y]
0BAF8C B0 24             			mv	[x++],a
0BAF8E 7D 04             	l2_1:		dec	(bp+!src_work2+1)
0BAF90 1B 08             			jrnz	l2
0BAF92 41 00 04          			add	(bp+!src_work1),4
0BAF95 71 00 07          			and	(bp+!src_work1),7
0BAF98 79 00 B8          			or	(bp+!src_work1),$b8
0BAF9B D8 00 20 00 00    			mv	[$2000],(bp+!src_work1)	;Set X page
0BAFA0 08 78             			mv	a,120
0BAFA2 45 40             			add	x,a
0BAFA4 CD 03 41 39       			mvw	(bp+!src_work2),$3941
0BAFA8 08 40             			mv	a,$40
0BAFAA A8 00 20 00       			mv	[$2000],a		;Set Y adrs
0BAFAE 0D 07 20 00       			mv	y,$2007
0BAFB2 90 05             			mv	a,[y]
0BAFB4 12 04             			jr	l3_1
0BAFB6 90 05             	l3:		mv	a,[y]
0BAFB8 B0 34             			mv	[--x],a
0BAFBA 7D 03             	l3_1:		dec	(bp+!src_work2)
0BAFBC 1B 08             			jrnz	l3
0BAFBE 0D 0B 20 00       			mv	y,$200b
0BAFC2 90 05             			mv	a,[y]
0BAFC4 12 04             			jr	l4_1
0BAFC6 90 05             	l4:		mv	a,[y]
0BAFC8 B0 34             			mv	[--x],a
0BAFCA 7D 04             	l4_1:		dec	(bp+!src_work2+1)
0BAFCC 1B 08             			jrnz	l4
0BAFCE 49 00 03          			sub	(bp+!src_work1),3
0BAFD1 71 00 07          			and	(bp+!src_work1),7
0BAFD4 79 00 B8          			or	(bp+!src_work1),$b8
0BAFD7 08 78             			mv	a,120
0BAFD9 45 40             			add	x,a
0BAFDB 7D 01             			dec	(bp+!src_work1+1)
0BAFDD 1B 7C             			jrnz	l0
0BAFDF 0A 00 00          			mv	ba,0
0BAFE2 3F                			popu	imr
0BAFE3 06                			ret
0BAFE4 0A FF FF          	err:		mv	ba,-1
0BAFE7 06                			ret
0BAFE8                   			endl
0BAFE8                   	;
0BAFE8                   	s_puts:		local
0BAFE8 04 9A B0          			call	!s_putc_init
0BAFEB CC 3E FF          			mv	(bp+!obj_handle),$ff
0BAFEE 8C 8E B0 0B       	l1:		mv	x,[!s_putc!str_adrs]
0BAFF2 90 24             			mv	a,[x++]
0BAFF4 AC 8E B0 0B       			mv	[!s_putc!str_adrs],x
0BAFF8 60 00             			cmp	a,0
0BAFFA 18 13             			jrz	exit
0BAFFC 04 1A B0          			call	!s_putc!entry
0BAFFF 73 3E             			and	(bp+!obj_handle),a
0BB001 8C 91 B0 0B       			mv	x,[!s_putc!x_axis]
0BB005 08 06             			mv	a,6
0BB007 45 40             			add	x,a
0BB009 AC 91 B0 0B       			mv	[!s_putc!x_axis],x
0BB00D 13 21             			jr	l1
0BB00F 80 3E             	exit:		mv	a,(bp+!obj_handle)
0BB011 75                			mv	b,a
0BB012 06                			ret
0BB013                   			endl
0BB013                   	;
0BB013                   	s_putc:		local
0BB013 04 9A B0          			call	!s_putc_init
0BB016 88 8E B0 0B       			mv	a,[str_adrs]		
0BB01A 0C 6D B0 0B       	entry:		mv	x,table
0BB01E 91 24             	l2:		mv	il,[x++]
0BB020 95 24             			mv	y,[x++]
0BB022 4E 10             			sub	il,a
0BB024 1D 08             			jrc	l2
0BB026 95 05             			mv	y,[y]
0BB028 91 C4 08          			mv	il,[x-8]
0BB02B 4E 01             			sub	a,il
0BB02D 7C 00             			dec	a
0BB02F 75                			mv	b,a			;y += ba * 6;
0BB030 08 00             			mv	a,0
0BB032 DD                			ex	a,b
0BB033 44 22             			add	ba,ba
0BB035 FD 32             			mv	i,ba
0BB037 44 22             			add	ba,ba
0BB039 44 23             			add	ba,i
0BB03B 45 52             			add	y,ba
0BB03D 0C 85 B0 0B       			mv	x,char_data
0BB041 92 25             			mv	ba,[y++]
0BB043 B2 24             			mv	[x++],ba
0BB045 92 25             			mv	ba,[y++]
0BB047 B2 24             			mv	[x++],ba
0BB049 92 25             			mv	ba,[y++]
0BB04B B2 24             			mv	[x++],ba
0BB04D 8C 8B B0 0B       			mv	x,[scrn_adrs]
0BB051 2C                			pushu	x
0BB052 0C 81 B0 0B       			mv	x,sub_scrn
0BB056 2C                			pushu	x
0BB057 8C 91 B0 0B       			mv	x,[x_axis]
0BB05B 2C                			pushu	x
0BB05C 8C 94 B0 0B       			mv	x,[y_axis]
0BB060 2C                			pushu	x
0BB061 8C 97 B0 0B       			mv	x,[mode]
0BB065 2C                			pushu	x
0BB066 02 C9 AA          			jp	!s_proj
0BB069 FF                			db	-1
0BB06A 00 00 00          			dp	0
0BB06D 1F                	table:		db	$1f
0BB06E 87 FC 0B          			dp	!char_adrs_1
0BB071 7F                			db	$7f
0BB072 90 FC 0B          			dp	!char_adrs_2
0BB075 9F                			db	$9f
0BB076 8A FC 0B          			dp	!char_adrs_3
0BB079 DF                			db	$df
0BB07A 93 FC 0B          			dp	!char_adrs_4
0BB07D FF                			db	$ff
0BB07E 8D FC 0B          			dp	!char_adrs_5
0BB081 05 00 07 00       	sub_scrn:	db	5,0,7,0
0BB085 00 00 00 00 00 00 	char_data:	ds	6
0BB08B 00 00 00          	scrn_adrs:	ds	3
0BB08E 00 00 00          	str_adrs:	ds	3
0BB091 00 00 00          	x_axis:		ds	3
0BB094 00 00 00          	y_axis:		ds	3
0BB097 00 00 00          	mode:		ds	3
0BB09A                   			endl
0BB09A                   	;
0BB09A                   	s_putc_init:	local
0BB09A 09 05             			mv	il,5
0BB09C 0D 9A B0 0B       			mv	y,!s_putc!mode+3
0BB0A0 3C                	l0:		popu	x
0BB0A1 B4 35             			mv	[--y],x
0BB0A3 7C 01             			dec	il
0BB0A5 1B 07             			jrnz	l0
0BB0A7 06                			ret
0BB0A8                   			endl
0BB0A8                   	;
0BB0A8                   			end
0BB0A8                   	;
0BB0A8                   	;
0BB0A8 00 00 00 00 00 00 	buffer:		ds	256
0BB0AE 00 00 00 00 00 00 	
0BB0B4 00 00 00 00 00 00 	
0BB0BA 00 00 00 00 00 00 	
0BB0C0 00 00 00 00 00 00 	
0BB0C6 00 00 00 00 00 00 	
0BB0CC 00 00 00 00 00 00 	
0BB0D2 00 00 00 00 00 00 	
0BB0D8 00 00 00 00 00 00 	
0BB0DE 00 00 00 00 00 00 	
0BB0E4 00 00 00 00 00 00 	
0BB0EA 00 00 00 00 00 00 	
0BB0F0 00 00 00 00 00 00 	
0BB0F6 00 00 00 00 00 00 	
0BB0FC 00 00 00 00 00 00 	
0BB102 00 00 00 00 00 00 	
0BB108 00 00 00 00 00 00 	
0BB10E 00 00 00 00 00 00 	
0BB114 00 00 00 00 00 00 	
0BB11A 00 00 00 00 00 00 	
0BB120 00 00 00 00 00 00 	
0BB126 00 00 00 00 00 00 	
0BB12C 00 00 00 00 00 00 	
0BB132 00 00 00 00 00 00 	
0BB138 00 00 00 00 00 00 	
0BB13E 00 00 00 00 00 00 	
0BB144 00 00 00 00 00 00 	
0BB14A 00 00 00 00 00 00 	
0BB150 00 00 00 00 00 00 	
0BB156 00 00 00 00 00 00 	
0BB15C 00 00 00 00 00 00 	
0BB162 00 00 00 00 00 00 	
0BB168 00 00 00 00 00 00 	
0BB16E 00 00 00 00 00 00 	
0BB174 00 00 00 00 00 00 	
0BB17A 00 00 00 00 00 00 	
0BB180 00 00 00 00 00 00 	
0BB186 00 00 00 00 00 00 	
0BB18C 00 00 00 00 00 00 	
0BB192 00 00 00 00 00 00 	
0BB198 00 00 00 00 00 00 	
0BB19E 00 00 00 00 00 00 	
0BB1A4 00 00 00 00       	
0BB1A8                   	txtbuf:		equ	buffer+128
0BB1A8                   	symbuf:		equ	buffer+64
0BB1A8 00                	base:		ds	1
0BB1A9 00 00 00          	s_stack:	ds	3
0BB1AC 00 00 00          	u_stack:	ds	3
0BB1AF 00                	fork_switch:	ds	1
0BB1B0 00 00 00          	fork_size:	ds	3
0BB1B3 00 00 00          	_ir_trap:	ds	3
0BB1B6 00 00 00          	fast_timer:	ds	3
0BB1B9 00 00 00          	slow_timer:	ds	3
0BB1BC 00                	timerf_pid:	ds	1
0BB1BD 00                	timers_pid:	ds	1
0BB1BE 00                	latest_prcs:	ds	1
0BB1BF 00 00 00          	_argp:		ds	3
0BB1C2                   	;
0BB1C2                   			end
0BB1C2                   			include	compile.s
0BB1C2                   	getch:		local
0BB1C2 C6 0C 0E          			cmpw	(bp+!line1),(bp+!line2)
0BB1C5 18 14             			jrz	l0
0BB1C7 C9 0C 0E          			mvw	(bp+!line1),(bp+!line2)
0BB1CA 82 0C             			mv	ba,(bp+!line1)
0BB1CC FD 56             			mv	y,u
0BB1CE 0C 21 B2 0B       			mv	x,format
0BB1D2 2C                			pushu	x
0BB1D3 FD 42             			mv	x,ba
0BB1D5 2C                			pushu	x
0BB1D6 FD 45             			mv	x,y
0BB1D8 04 94 A3          			call	!printf
0BB1DB 04 28 B2          	l0:		call	!_getch
0BB1DE 60 0D             			cmp	a,$0d
0BB1E0 1A 2D             			jrnz	l1
0BB1E2 65 0B 01          			test	(bp+!src_stat),1
0BB1E5 1A 1A             			jrnz	l2
0BB1E7 04 2E B2          			call	!_getch1
0BB1EA 60 FF             			cmp	a,$ff
0BB1EC 1A 04             			jrnz	l4
0BB1EE 79 0B 02          			or	(bp+!src_stat),2
0BB1F1 06                			ret
0BB1F2 A0 0F             	l4:		mv	(bp+!line2+1),a
0BB1F4 04 2E B2          			call	!_getch1
0BB1F7 A0 0E             			mv	(bp+!line2),a
0BB1F9 04 2E B2          			call	!_getch1
0BB1FC 71 0B FD          			and	(bp+!src_stat),$fd
0BB1FF 12 0B             			jr	l3
0BB201 04 28 B2          	l2:		call	!_getch
0BB204 82 0E             			mv	ba,(bp+!line2)
0BB206 6C 02             			inc	ba
0BB208 A2 0E             			mv	(bp+!line2),ba
0BB20A 13 4A             			jr	!getch
0BB20C 04 28 B2          	l3:		call	!_getch
0BB20F 65 06 01          	l1:		test	(bp+!src_symswitch),1
0BB212 18 0C             			jrz	exit1
0BB214 2C                			pushu	x
0BB215 8C 41 D0 0B       			mv	x,[!symadr]
0BB219 B0 24             			mv	[x++],a
0BB21B AC 41 D0 0B       			mv	[!symadr],x
0BB21F 3C                			popu	x
0BB220 06                	exit1:		ret
0BB221 0D 20 25 64 3A 20 	format:		db	13,' %d: ',0
0BB227 00                	
0BB228                   			endl
0BB228                   	;
0BB228                   	_getch:		local
0BB228 65 0B 02          			test	(bp+!src_stat),2
0BB22B 15 BB CA          			jpnz	!err1
0BB22E                   			endl
0BB22E                   	_getch1:	local
0BB22E 88 4B D0 0B       			mv	a,[!txtcount]
0BB232 60 00             			cmp	a,0
0BB234 1A 33             			jrnz	l1
0BB236 65 0B 40          			test	(bp+!src_stat),$40
0BB239 1A 44             			jrnz	file_end
0BB23B 09 03             			mv	il,3
0BB23D 0C 28 B1 0B       			mv	x,!txtbuf
0BB241 AC 48 D0 0B       			mv	[!txtpnt],x
0BB245 0D 80 00 00       			mv	y,128
0BB249 30 C8 D6 0A       			mv	(!cl),(bp+!src_handle)
0BB24D 88 4C D0 0B       			mv	a,[!dev_attr]
0BB251 05 E4 FF 0F       			callf	!fcntl
0BB255 FD 05             			mv	a,y
0BB257 71 0B BF          			and	(bp+!src_stat),$bf
0BB25A 60 00             			cmp	a,0
0BB25C 18 21             			jrz	file_end
0BB25E 60 80             			cmp	a,128
0BB260 18 03             			jrz	l2
0BB262 79 0B 40          			or	(bp+!src_stat),$40
0BB265 A8 4B D0 0B       	l2:		mv	[!txtcount],a
0BB269 88 4B D0 0B       	l1:		mv	a,[!txtcount]
0BB26D 7C 00             			dec	a
0BB26F A8 4B D0 0B       			mv	[!txtcount],a
0BB273 8C 48 D0 0B       			mv	x,[!txtpnt]
0BB277 90 24             			mv	a,[x++]
0BB279 AC 48 D0 0B       			mv	[!txtpnt],x
0BB27D 12 05             			jr	exit
0BB27F 08 1A             	file_end:	mv	a,$1a
0BB281 79 0B 02          			or	(bp+!src_stat),2
0BB284 A0 11             	exit:		mv	(bp+!src_char),a
0BB286 06                			ret
0BB287                   			endl	
0BB287                   	;
0BB287                   	getsym:		local
0BB287 71 06 00          			and	(bp+!src_symswitch),0
0BB28A 0C F8 B0 0B       			mv	x,!symbuf+16
0BB28E AC 41 D0 0B       			mv	[!symadr],x
0BB292 80 11             			mv	a,(bp+!src_char)
0BB294 60 21             	l1:		cmp	a,$21
0BB296 1E 05             			jrnc	l3_4
0BB298 04 C2 B1          			call	!getch
0BB29B 13 09             			jr	l1
0BB29D                   	;
0BB29D 60 2F             	l3_4:		cmp	a,'/'
0BB29F 1A 3A             			jrnz	l3
0BB2A1 04 C2 B1          			call	!getch
0BB2A4 60 2A             			cmp	a,'*'
0BB2A6 1A 13             			jrnz	l3_1
0BB2A8 04 C2 B1          	l3_2:		call	!getch
0BB2AB 60 2A             	l3_3:		cmp	a,'*'
0BB2AD 1B 07             			jrnz	l3_2
0BB2AF 04 C2 B1          			call	!getch
0BB2B2 60 2F             			cmp	a,'/'
0BB2B4 1B 0B             			jrnz	l3_3
0BB2B6 04 C2 B1          			call	!getch
0BB2B9 13 27             			jr	l1
0BB2BB 79 06 01          	l3_1:		or	(bp+!src_symswitch),1
0BB2BE 75                			mv	b,a
0BB2BF 08 2F             			mv	a,'/'
0BB2C1 8C 41 D0 0B       			mv	x,[!symadr]
0BB2C5 B2 24             			mv	[x++],ba
0BB2C7 AC 41 D0 0B       			mv	[!symadr],x
0BB2CB 74                			mv	a,b
0BB2CC 60 3D             			cmp	a,'='
0BB2CE 1A 07             			jrnz	l3_5
0BB2D0 04 C2 B1          			call	!getch
0BB2D3 08 08             			mv	a,$08
0BB2D5 12 67             			jr	_exit
0BB2D7 08 2F             	l3_5:		mv	a,'/'
0BB2D9 12 63             			jr	_exit
0BB2DB                   	;
0BB2DB 79 06 01          	l3:		or	(bp+!src_symswitch),1
0BB2DE 8C 41 D0 0B       			mv	x,[!symadr]
0BB2E2 B0 24             			mv	[x++],a
0BB2E4 AC 41 D0 0B       			mv	[!symadr],x
0BB2E8 60 3C             			cmp	a,'<'
0BB2EA 1A 28             			jrnz	l3_6
0BB2EC 04 C2 B1          			call	!getch
0BB2EF 60 3C             			cmp	a,'<'
0BB2F1 1A 12             			jrnz	l3_7
0BB2F3 04 C2 B1          			call	!getch
0BB2F6 60 3D             			cmp	a,'='
0BB2F8 1A 07             			jrnz	l3_8
0BB2FA 04 C2 B1          			call	!getch
0BB2FD 08 FF             			mv	a,$ff
0BB2FF 12 3D             			jr	_exit
0BB301 08 0E             	l3_8:		mv	a,$0e
0BB303 12 39             			jr	_exit
0BB305 60 3D             	l3_7:		cmp	a,'='
0BB307 1A 07             			jrnz	l3_9
0BB309 04 C2 B1          			call	!getch
0BB30C 08 02             			mv	a,$02
0BB30E 12 2E             			jr	_exit
0BB310 08 3C             	l3_9:		mv	a,'<'
0BB312 12 2A             			jr	_exit
0BB314                   	;
0BB314 60 3E             	l3_6:		cmp	a,'>'
0BB316 1A 29             			jrnz	l6
0BB318 04 C2 B1          			call	!getch
0BB31B 60 3E             			cmp	a,'>'
0BB31D 1A 12             			jrnz	l3_11
0BB31F 04 C2 B1          			call	!getch
0BB322 60 3D             			cmp	a,'='
0BB324 1A 07             			jrnz	l3_12
0BB326 04 C2 B1          			call	!getch
0BB329 08 0F             			mv	a,$0f
0BB32B 12 11             			jr	_exit
0BB32D 08 0D             	l3_12:		mv	a,$0d
0BB32F 12 0D             			jr	_exit
0BB331 60 3D             	l3_11:		cmp	a,'='
0BB333 1A 07             			jrnz	l3_13
0BB335 04 C2 B1          			call	!getch
0BB338 08 03             			mv	a,$03
0BB33A 12 02             			jr	_exit
0BB33C 08 3E             	l3_13:		mv	a,'>'
0BB33E 02 24 B4          	_exit:		jp	exit
0BB341                   	;
0BB341 0C 2A B4 0B       	l6:		mv	x,two_ch_opr
0BB345 92 24             	l11:		mv	ba,[x++]
0BB347 60 FF             			cmp	a,$ff
0BB349 18 15             			jrz	l3_10
0BB34B 63 11             			cmp	(bp+!src_char),a
0BB34D 1B 0A             			jrnz	l11
0BB34F 2A                			pushu	ba
0BB350 04 C2 B1          			call	!getch
0BB353 60 3D             			cmp	a,'='
0BB355 3A                			popu	ba
0BB356 1A CC             			jrnz	exit
0BB358 74                			mv	a,b
0BB359 28                			pushu	a
0BB35A 04 C2 B1          			call	!getch
0BB35D 38                			popu	a
0BB35E 12 C4             			jr	exit
0BB360                   	;
0BB360 80 11             	l3_10:		mv	a,(bp+!src_char)
0BB362 2B                			pushu	i
0BB363 28                			pushu	a
0BB364 04 48 A5          			call	!isdigit
0BB367 18 24             			jrz	l2
0BB369                   	;
0BB369 0C 00 00 00       			mv	x,0			;decimal number
0BB36D 45 44             	l4:		add	x,x			;x:=x*10
0BB36F 2C                			pushu	x
0BB370 45 44             			add	x,x
0BB372 45 44             			add	x,x
0BB374 3D                			popu	y
0BB375 45 45             			add	x,y
0BB377 80 11             			mv	a,(bp+!src_char)	;x:=x+asc(ch)-asc('0')
0BB379 48 30             			sub	a,'0'
0BB37B 45 40             			add	x,a
0BB37D 2C                			pushu	x
0BB37E 04 C2 B1          			call	!getch
0BB381 3C                			popu	x
0BB382 2B                			pushu	i
0BB383 28                			pushu	a
0BB384 04 48 A5          			call	!isdigit
0BB387 1B 1C             			jrnz	l4
0BB389 08 00             	l7:		mv	a,0
0BB38B 12 97             			jr	exit
0BB38D                   	;
0BB38D 80 11             	l2:		mv	a,(bp+!src_char)
0BB38F 60 24             			cmp	a,'$'
0BB391 1A 2C             			jrnz	l12
0BB393                   	;
0BB393 0C 00 00 00       			mv	x,0			;hexadecimal digit
0BB397 2C                	l9:		pushu	x
0BB398 04 C2 B1          			call	!getch
0BB39B 3C                			popu	x
0BB39C 2B                			pushu	i
0BB39D 28                			pushu	a
0BB39E 04 3B A5          			call	!upcase
0BB3A1 48 30             			sub	a,'0'
0BB3A3 1D 1C             			jrc	l7
0BB3A5 60 0A             			cmp	a,10
0BB3A7 1C 0A             			jrc	l7_1
0BB3A9 48 07             			sub	a,7
0BB3AB 60 0A             			cmp	a,10
0BB3AD 1D 26             			jrc	l7
0BB3AF 60 10             			cmp	a,$10
0BB3B1 1F 2A             			jrnc	l7
0BB3B3 45 44             	l7_1:		add	x,x
0BB3B5 45 44             			add	x,x
0BB3B7 45 44             			add	x,x
0BB3B9 45 44             			add	x,x
0BB3BB 45 40             			add	x,a
0BB3BD 13 28             			jr	l9
0BB3BF                   	;
0BB3BF EA 36 11          	l12:		mvp	[--u],(bp+!src_char)
0BB3C2 04 58 A5          			call	!isalpha
0BB3C5 1A 0D             			jrnz	l13
0BB3C7 61 11 5F          			cmp	(bp+!src_char),'_'
0BB3CA 18 08             			jrz	l13
0BB3CC C8 12 11          			mv	(bp+!src_sym),(bp+!src_char)
0BB3CF 04 C2 B1          			call	!getch
0BB3D2 12 52             			jr	exit1
0BB3D4 0D E8 B0 0B       	l13:		mv	y,!symbuf
0BB3D8 09 08             			mv	il,8
0BB3DA 29                	l14:		pushu	il
0BB3DB EA 36 11          			mvp	[--u],(bp+!src_char)
0BB3DE 04 3B A5          			call	!upcase
0BB3E1 B0 25             			mv	[y++],a
0BB3E3 08 00             			mv	a,0
0BB3E5 B0 05             			mv	[y],a
0BB3E7 39                			popu	il
0BB3E8 7C 01             			dec	il
0BB3EA 14 C1 CA          			jpz	!err2
0BB3ED 29                			pushu	il
0BB3EE 2D                			pushu	y
0BB3EF 04 C2 B1          			call	!getch
0BB3F2 2B                			pushu	i
0BB3F3 28                			pushu	a
0BB3F4 04 58 A5          			call	!isalpha
0BB3F7 3D                			popu	y
0BB3F8 39                			popu	il
0BB3F9 1B 21             			jrnz	l14
0BB3FB 80 11             			mv	a,(bp+!src_char)
0BB3FD 60 5F             			cmp	a,'_'
0BB3FF 19 27             			jrz	l14
0BB401 60 30             			cmp	a,'0'
0BB403 1C 04             			jrc	l14_1
0BB405 60 3A             			cmp	a,'9'+1
0BB407 1D 2F             			jrc	l14
0BB409 0C 3F B4 0B       	l14_1:		mv	x,rsym
0BB40D CC 12 10          			mv	(bp+!src_sym),$10
0BB410 2C                	l16:		pushu	x
0BB411 0C E8 B0 0B       			mv	x,!symbuf
0BB415 2C                			pushu	x
0BB416 04 65 A5          			call	!strcmp
0BB419 1A 0B             			jrnz	exit1
0BB41B 6D 12             			inc	(bp+!src_sym)
0BB41D 61 12 1F          			cmp	(bp+!src_sym),$1f
0BB420 1B 12             			jrnz	l16
0BB422 08 1F             			mv	a,$1f
0BB424 A0 12             	exit:		mv	(bp+!src_sym),a
0BB426 71 06 00          	exit1:		and	(bp+!src_symswitch),0
0BB429 06                			ret
0BB42A 21 01 3D 04 2B 05 	two_ch_opr:	db	'!',1,'=',4,'+',5,'-',6,'*',7,'/',8,'%',9,'&',$a,'|',$b,'#',$c,$ff
0BB430 2D 06 2A 07 2F 08 	
0BB436 25 09 26 0A 7C 0B 	
0BB43C 23 0C FF          	
0BB43F 43 48 41 52 00 49 	rsym:		db	'CHAR',0,'INT',0,'PNT',0,'INLINE',0,'RETURN',0,'FUNC',0
0BB445 4E 54 00 50 4E 54 	
0BB44B 00 49 4E 4C 49 4E 	
0BB451 45 00 52 45 54 55 	
0BB457 52 4E 00 46 55 4E 	
0BB45D 43 00             	
0BB45F 49 46 00 45 4C 53 			db	'IF',0,'ELSE',0,'WHILE',0,'DO',0,'UNTIL',0,'EXIT',0
0BB465 45 00 57 48 49 4C 	
0BB46B 45 00 44 4F 00 55 	
0BB471 4E 54 49 4C 00 45 	
0BB477 58 49 54 00       	
0BB47B 50 52 4F 54 4F 00 			db	'PROTO',0,'CONST',0,'BREAK',0
0BB481 43 4F 4E 53 54 00 	
0BB487 42 52 45 41 4B 00 	
0BB48D                   			endl
0BB48D                   	;
0BB48D                   	push_work:	local
0BB48D 2A                			pushu	ba
0BB48E 2B                			pushu	i
0BB48F 2C                			pushu	x
0BB490 2D                			pushu	y
0BB491 06                			ret
0BB492                   			endl
0BB492                   	;
0BB492                   	putobj:		local
0BB492 04 8D B4          			call	!push_work
0BB495 28                			pushu	a
0BB496 88 50 D0 0B       			mv	a,[!objcount]
0BB49A 60 80             			cmp	a,128
0BB49C 1A 03             			jrnz	l1
0BB49E 04 B8 B4          			call	!flush_obj
0BB4A1 38                	l1:		popu	a
0BB4A2 8C 4D D0 0B       			mv	x,[!objpoint]
0BB4A6 B0 24             			mv	[x++],a
0BB4A8 AC 4D D0 0B       			mv	[!objpoint],x
0BB4AC 88 50 D0 0B       			mv	a,[!objcount]
0BB4B0 6C 00             			inc	a
0BB4B2 A8 50 D0 0B       			mv	[!objcount],a
0BB4B6 12 65             			jr	!pop_work
0BB4B8                   			endl
0BB4B8                   	;
0BB4B8                   	flush_obj:	local
0BB4B8 09 04             			mv	il,4
0BB4BA 08 00             			mv	a,0
0BB4BC 75                			mv	b,a
0BB4BD 88 50 D0 0B       			mv	a,[!objcount]
0BB4C1 FD 50             			mv	y,a
0BB4C3 60 00             			cmp	a,0
0BB4C5 18 1A             			jrz	l1
0BB4C7 28                			pushu	a
0BB4C8 30 C8 D6 3E       			mv	(!cl),(bp+!obj_handle)
0BB4CC 0C 61 D0 0B       			mv	x,!objbuf
0BB4D0 05 E4 FF 0F       			callf	!fcntl
0BB4D4 FD 15             			mv	il,y
0BB4D6 38                			popu	a
0BB4D7 4E 10             			sub	il,a
0BB4D9 15 A5 CA          			jpnz	!error4
0BB4DC 72 50 D0 0B 00    			and	[!objcount],0
0BB4E1 0C 61 D0 0B       	l1:		mv	x,!objbuf
0BB4E5 AC 4D D0 0B       			mv	[!objpoint],x
0BB4E9 06                			ret
0BB4EA                   			endl
0BB4EA                   	;
0BB4EA                   	movobj:		local
0BB4EA 04 8D B4          			call	!push_work
0BB4ED A4 19             			mv	(bp+!obj_adr),x
0BB4EF 65 0B 10          			test	(bp+!src_stat),$10
0BB4F2 18 27             			jrz	movobj1
0BB4F4 65 0B 08          			test 	(bp+!src_stat),$08
0BB4F7 18 1C             			jrz	movobj2
0BB4F9 2C                			pushu	x
0BB4FA 04 B8 B4          			call	!flush_obj
0BB4FD 3C                			popu	x
0BB4FE 0D F0 97 0B       			mv	y,!start-16
0BB502 4D 45             			sub	x,y
0BB504 09 09             			mv	il,9
0BB506 30 C8 D6 3E       			mv	(!cl),(bp+!obj_handle)
0BB50A 30 A4 DA          			mv	(!si),x
0BB50D 08 00             			mv	a,0
0BB50F 05 E4 FF 0F       			callf	!fcntl
0BB513 12 08             			jr	!pop_work
0BB515 0D 9F 1E 00       	movobj2:	mv	y,!obj_start-!getch
0BB519 45 45             			add	x,y
0BB51B A4 34             	movobj1:	mv	(bp+!obj_pnt),x
0BB51D                   			endl
0BB51D                   	;
0BB51D                   	pop_work:	local
0BB51D 3D                			popu	y
0BB51E 3C                			popu	x
0BB51F 3B                			popu	i
0BB520 3A                			popu	ba
0BB521 65 0B 08          			test	(bp+!src_stat),8
0BB524 18 03             			jrz	l1
0BB526 CA 34 19          			mvp	(bp+!obj_pnt),(bp+!obj_adr)
0BB529 D7 06 34          	l1:		cmpp	(bp+!obj_pnt),u
0BB52C 17 C6 98          			jpnc	!make_frame!l3
0BB52F 06                			ret
0BB530                   			endl
0BB530                   	;
0BB530                   	delobj:		local
0BB530 04 8D B4          			call	!push_work
0BB533 65 0B 08          			test	(bp+!src_stat),8
0BB536 18 2C             			jrz	l1
0BB538 88 50 D0 0B       			mv	a,[!objcount]
0BB53C 60 00             			cmp	a,0
0BB53E 18 12             			jrz	l2
0BB540 7C 00             			dec	a
0BB542 A8 50 D0 0B       			mv	[!objcount],a
0BB546 8C 4D D0 0B       			mv	x,[!objpoint]
0BB54A 7C 04             			dec	x
0BB54C AC 4D D0 0B       			mv	[!objpoint],x
0BB550 12 12             			jr	l1
0BB552 30 C8 D6 3E       	l2:		mv	(!cl),(bp+!obj_handle)
0BB556 09 09             			mv	il,9
0BB558 30 DC DA FF FF 0F 			mvp	(!si),-1
0BB55E 08 01             			mv	a,1
0BB560 05 E4 FF 0F       			callf	!fcntl
0BB564 84 19             	l1:		mv	x,(bp+!obj_adr)
0BB566 7C 04             			dec	x
0BB568 A4 19             			mv	(bp+!obj_adr),x
0BB56A 84 34             			mv	x,(bp+!obj_pnt)
0BB56C 7C 04             			dec	x
0BB56E A4 34             			mv	(bp+!obj_pnt),x
0BB570 13 55             			jr	!pop_work
0BB572                   			endl
0BB572                   	;
0BB572                   	objout1:	local
0BB572 04 8D B4          			call	!push_work
0BB575 65 0B 08          			test	(bp+!src_stat),8
0BB578 1A 0E             			jrnz	l1
0BB57A 85 34             			mv	y,(bp+!obj_pnt)		;Obj_adr=obj_adr+1;
0BB57C B0 25             			mv	[y++],a
0BB57E A5 34             			mv	(bp+!obj_pnt),y
0BB580 85 19             	l2:		mv	y,(bp+!obj_adr)
0BB582 6C 05             			inc	y
0BB584 A5 19             			mv	(bp+!obj_adr),y
0BB586 13 6B             			jr	!pop_work
0BB588 04 92 B4          	l1:		call	!putobj
0BB58B 13 0D             			jr	l2
0BB58D                   			endl
0BB58D                   	;
0BB58D                   	objout2:	local
0BB58D 04 8D B4          			call	!push_work
0BB590 65 0B 08          			test	(bp+!src_stat),8
0BB593 1A 10             			jrnz	l1
0BB595 85 34             			mv	y,(bp+!obj_pnt)		;Obj_adr=obj_adr+2;
0BB597 B2 25             			mv	[y++],ba
0BB599 A5 34             			mv	(bp+!obj_pnt),y
0BB59B 85 19             			mv	y,(bp+!obj_adr)
0BB59D 6C 05             			inc	y
0BB59F 6C 05             			inc	y
0BB5A1 A5 19             			mv	(bp+!obj_adr),y
0BB5A3 13 88             			jr	!pop_work
0BB5A5 04 72 B5          	l1:		call	!objout1
0BB5A8 74                			mv	a,b
0BB5A9 04 72 B5          			call	!objout1
0BB5AC 13 91             			jr	!pop_work
0BB5AE                   			endl
0BB5AE                   	;
0BB5AE                   	objout3:	local
0BB5AE 04 8D B4          			call	!push_work
0BB5B1 65 0B 08          			test	(bp+!src_stat),8
0BB5B4 1A 10             			jrnz	l1
0BB5B6 85 34             			mv	y,(bp+!obj_pnt)		;Obj_adr=obj_adr+3;
0BB5B8 B4 25             			mv	[y++],x
0BB5BA A5 34             			mv	(bp+!obj_pnt),y
0BB5BC 85 19             			mv	y,(bp+!obj_adr)
0BB5BE 08 03             			mv	a,3
0BB5C0 45 50             			add	y,a
0BB5C2 A5 19             			mv	(bp+!obj_adr),y
0BB5C4 13 A9             			jr	!pop_work
0BB5C6 2C                	l1:		pushu	x
0BB5C7 38                			popu	a
0BB5C8 04 72 B5          			call	!objout1
0BB5CB 3A                			popu	ba
0BB5CC 04 8D B5          			call	!objout2
0BB5CF 13 B4             			jr	!pop_work
0BB5D1                   			endl
0BB5D1                   	;
0BB5D1                   	getadd:		local
0BB5D1 CA 00 16          			mvp	(bp+!src_work1),(bp+!src_table)
0BB5D4 A2 03             			mv	(bp+!src_work2),ba
0BB5D6 84 00             	l4:		mv	x,(bp+!src_work1)
0BB5D8 90 24             	l2:		mv	a,[x++]
0BB5DA 60 FE             			cmp	a,$fe
0BB5DC 1E 2C             			jrnc	l1
0BB5DE 67 03             			test	(bp+!src_work2),a
0BB5E0 1A 14             			jrnz	type_match
0BB5E2 90 84 0A          			mv	a,[x+10]
0BB5E5 EE                			swap	a
0BB5E6 70 0F             			and	a,$f
0BB5E8 67 04             			test	(bp+!src_work2+1),a
0BB5EA 1A 0A             			jrnz	type_match
0BB5EC 84 00             	l3:		mv	x,(bp+!src_work1)
0BB5EE 08 0C             			mv	a,12
0BB5F0 45 40             			add	x,a
0BB5F2 A4 00             			mv	(bp+!src_work1),x
0BB5F4 13 1E             			jr	l2
0BB5F6 2C                	type_match:	pushu	x
0BB5F7 0C E8 B0 0B       			mv	x,!symbuf
0BB5FB 2C                			pushu	x
0BB5FC 04 65 A5          			call	!strcmp
0BB5FF 19 15             			jrz	l3
0BB601 84 00             			mv	x,(bp+!src_work1)
0BB603 90 04             			mv	a,[x]
0BB605 94 84 09          			mv	x,[x+9]
0BB608 97                			sc
0BB609 06                			ret
0BB60A 65 03 20          	l1:		test	(bp+!src_work2),$20
0BB60D 18 09             			jrz	not_found
0BB60F DC 00 84 CC 0B    			mvp	(bp+!src_work1),!builtin_func
0BB614 60 FE             			cmp	a,$fe
0BB616 1B 42             			jrnz	l4
0BB618 9F                	not_found:	rc
0BB619 06                			ret
0BB61A                   			endl
0BB61A                   	;
0BB61A                   	eval:		local
0BB61A 60 FF             			cmp	a,$ff
0BB61C 1A 0B             			jrnz	l1
0BB61E 08 0C             			mv	a,$c			;Write 'mv x,imm20'
0BB620 04 72 B5          			call	!objout1
0BB623 04 AE B5          			call	!objout3
0BB626 08 04             			mv	a,4
0BB628 06                			ret
0BB629 60 10             	l1:		cmp	a,$10
0BB62B 1C 66             			jrc	exit
0BB62D 28                			pushu	a
0BB62E 60 15             			cmp	a,$15
0BB630 1E 0E             			jrnc	l3
0BB632 40 80             			add	a,$80			;Write 'mv a,[x]' or 'mv ba,[x]' or 'mv x,[x]'
0BB634 75                			mv	b,a
0BB635 08 04             			mv	a,$04
0BB637 DD                			ex	a,b
0BB638 04 8D B5          			call	!objout2
0BB63B 38                			popu	a
0BB63C 48 10             			sub	a,$10
0BB63E 12 53             			jr	exit
0BB640 60 1A             	l3:		cmp	a,$1a
0BB642 1E 0F             			jrnc	l3_1
0BB644 08 10             			mv	a,$10
0BB646 04 1A B6          			call	!eval
0BB649 38                			popu	a
0BB64A 48 17             			sub	a,$17
0BB64C F6                			shl 	a
0BB64D 75                			mv	b,a
0BB64E 08 00             			mv	a,0
0BB650 02 63 BA          	l3_3:		jp	!cast
0BB653 60 1C             	l3_1:		cmp	a,$1c
0BB655 1E 0F             			jrnc	l3_2
0BB657 08 12             			mv	a,$12
0BB659 04 1A B6          			call	!eval
0BB65C 38                			popu	a
0BB65D 48 1A             			sub	a,$1a
0BB65F F6                			shl	a
0BB660 F6                			shl	a
0BB661 75                			mv	b,a
0BB662 08 02             			mv	a,2
0BB664 13 16             			jr	l3_3
0BB666 60 1E             	l3_2:		cmp	a,$1e
0BB668 1E 0E             			jrnc	l2
0BB66A 08 14             			mv	a,$14
0BB66C 04 1A B6          			call	!eval
0BB66F 38                			popu	a
0BB670 48 1C             			sub	a,$1c
0BB672 F6                			shl	a
0BB673 75                			mv	b,a
0BB674 08 04             			mv	a,4
0BB676 13 28             			jr	l3_3
0BB678 0A 08 00          	l2:		mv	ba,$0008		;Write 'mv a,0'
0BB67B 04 8D B5          			call	!objout2
0BB67E 08 02             			mv	a,2			;Write 'JRcc +2'
0BB680 75                			mv	b,a
0BB681 38                			popu	a
0BB682 48 20             			sub	a,$20
0BB684 46 00             			add	a,a
0BB686 40 18             			add	a,$18
0BB688 04 8D B5          			call	!objout2
0BB68B 0A 08 01          			mv	ba,$0108		;Write 'mv a,1'
0BB68E 04 8D B5          			call	!objout2
0BB691 08 00             			mv	a,0
0BB693 06                	exit:		ret
0BB694                   			endl
0BB694                   	;
0BB694                   	v_acc:		local
0BB694 0D 08 00 00       			mv	y,8			;Make stack frame
0BB698 04 BB 98          			call	!make_frame
0BB69B                   	;
0BB69B 08 00             			mv	a,0
0BB69D B8 80 2A 01       			mv	[(bp+!src_local)+1],a	;Clear global var. flag
0BB6A1 80 12             			mv	a,(bp+!src_sym)
0BB6A3 60 40             			cmp	a,'@'
0BB6A5 09 10             			mv	il,$10
0BB6A7 18 8E             			jrz	l5
0BB6A9 60 2A             			cmp	a,'*'
0BB6AB 09 12             			mv	il,$12
0BB6AD 18 88             			jrz	l5
0BB6AF 60 5E             			cmp	a,'^'
0BB6B1 09 14             			mv	il,$14
0BB6B3 18 82             			jrz	l5
0BB6B5 60 1F             			cmp	a,$1f
0BB6B7 15 EB CA          			jpnz	!err9			;Syntax error
0BB6BA 0A 18 00          			mv	ba,$18			;Sreach global/local var.
0BB6BD 04 D1 B5          			call	!getadd
0BB6C0 17 CD CA          			jpnc	!err4			;Undefined identifier
0BB6C3 28                			pushu	a
0BB6C4 64 08             			test	a,$8
0BB6C6 1A 50             			jrnz	global_var		;jump if global var.
0BB6C8 A4 00             			mv	(bp+!src_work1),x
0BB6CA 61 02 00          			cmp	(bp+!src_work1+2),0
0BB6CD 1A 34             			jrnz	pnt_offset
0BB6CF FD 24             			mv	ba,x
0BB6D1 2A                			pushu	ba
0BB6D2 61 01 00          			cmp	(bp+!src_work1+1),0
0BB6D5 1A 16             			jrnz	int_offset
0BB6D7 08 08             			mv	a,$8			;char_offset
0BB6D9 04 72 B5          			call	!objout1		;Write 'mv a,imm8'
0BB6DC 3A                			popu	ba
0BB6DD 04 72 B5          			call	!objout1
0BB6E0 08 04             			mv	a,$04			;Write 'call v_adr1'
0BB6E2 04 72 B5          			call	!objout1
0BB6E5 0A 19 A3          			mv	ba,!v_adr1
0BB6E8 04 8D B5          			call	!objout2
0BB6EB 12 40             			jr	l3
0BB6ED 08 0A             	int_offset:	mv	a,$a			;Write 'mv ba,imm16'
0BB6EF 04 72 B5          			call	!objout1
0BB6F2 3A                			popu	ba
0BB6F3 04 8D B5          			call	!objout2
0BB6F6 08 04             			mv	a,$04			;Write 'call v_adr2'
0BB6F8 04 72 B5          			call	!objout1
0BB6FB 0A 1E A3          			mv	ba,!v_adr2
0BB6FE 04 8D B5          			call	!objout2
0BB701 12 2A             			jr	l3
0BB703 08 0C             	pnt_offset:	mv	a,$c			;Write 'mv x,imm20'
0BB705 04 72 B5          			call	!objout1
0BB708 04 AE B5          			call	!objout3
0BB70B 08 04             			mv	a,$04			;Write 'call v_adr3'
0BB70D 04 72 B5          			call	!objout1
0BB710 0A 23 A3          			mv	ba,!v_adr3
0BB713 04 8D B5          			call	!objout2
0BB716 12 15             			jr	l3
0BB718 08 0C             	global_var:	mv	a,$0c			;Write 'mv x,imm20'
0BB71A B8 80 2A 01       			mv	[(bp+!src_local)+1],a	;Set global var. flag
0BB71E 04 72 B5          			call	!objout1
0BB721 FA 80 2A 19 02    			mvp	[(bp+!src_local)+2],(bp+!obj_adr)
0BB726 BC 80 2A 05       			mv	[(bp+!src_local)+5],x
0BB72A 04 AE B5          			call	!objout3
0BB72D 04 87 B2          	l3:		call	!getsym
0BB730 38                			popu	a
0BB731 70 07             			and	a,7
0BB733 78 10             			or	a,$10
0BB735 12 12             			jr	l4
0BB737 29                	l5:		pushu	il
0BB738 04 87 B2          			call	!getsym
0BB73B 04 1A B8          			call	!exp5
0BB73E 04 1A B6          			call	!eval
0BB741 75                			mv	b,a
0BB742 08 04             			mv	a,4
0BB744 DD                			ex	a,b
0BB745 04 63 BA          			call	!cast
0BB748 38                			popu	a
0BB749 B8 00 2A          	l4:		mv	[(bp+!src_local)],a
0BB74C 80 12             			mv	a,(bp+!src_sym)
0BB74E 60 5B             			cmp	a,'['
0BB750 1A BA             			jrnz	l7
0BB752 08 2C             			mv	a,$2c			;Evaluate expression in [] and calculate offset
0BB754 04 72 B5          			call	!objout1		;Write 'pushu x'
0BB757 04 87 B2          			call	!getsym
0BB75A 04 9A C0          			call	!exp
0BB75D 60 FF             			cmp	a,$ff
0BB75F 1A 68             			jrnz	l8
0BB761 04 30 B5          			call	!delobj			;Constant offset
0BB764 98 00 2A          			mv	a,[(bp+!src_local)]
0BB767 60 12             			cmp	a,$12
0BB769 1C 0A             			jrc	l9
0BB76B FD 54             			mv	y,x
0BB76D 45 44             			add	x,x
0BB76F 60 14             			cmp	a,$14
0BB771 1C 02             			jrc	l9
0BB773 45 45             			add	x,y
0BB775 98 80 2A 01       	l9:		mv	a,[(bp+!src_local)+1]
0BB779 60 00             			cmp	a,0
0BB77B 18 14             			jrz	l9_1
0BB77D 2C                			pushu	x
0BB77E 9C 80 2A 02       			mv	x,[(bp+!src_local)+2]
0BB782 04 EA B4          			call	!movobj			;Back to 'mv x,imm20'
0BB785 3C                			popu	x
0BB786 9D 80 2A 05       			mv	y,[(bp+!src_local)+5]
0BB78A 45 45             			add	x,y
0BB78C 04 AE B5          			call	!objout3
0BB78F 12 71             			jr	l10		
0BB791 A4 00             	l9_1:		mv	(bp+!src_work1),x
0BB793 61 02 00          			cmp	(bp+!src_work1+2),0
0BB796 1A 22             			jrnz	l9_2
0BB798 FD 24             			mv	ba,x
0BB79A 2A                			pushu	ba
0BB79B 61 01 00          			cmp	(bp+!src_work1+1),0
0BB79E 1A 0D             			jrnz	l9_3
0BB7A0 08 08             			mv	a,$08			;char range offset
0BB7A2 04 72 B5          			call	!objout1
0BB7A5 3A                			popu	ba
0BB7A6 04 72 B5          			call	!objout1
0BB7A9 08 40             			mv	a,$40
0BB7AB 12 17             			jr	l9_4
0BB7AD 08 0A             	l9_3:		mv	a,$0a			;int range offset
0BB7AF 04 72 B5          			call	!objout1
0BB7B2 3A                			popu	ba
0BB7B3 04 8D B5          			call	!objout2
0BB7B6 08 42             			mv	a,$42
0BB7B8 12 0A             			jr	l9_4
0BB7BA 08 0D             	l9_2:		mv	a,$0d			;Write 'mv y,imm20'
0BB7BC 04 72 B5          			call	!objout1
0BB7BF 04 AE B5          			call	!objout3
0BB7C2 08 45             			mv	a,$45			;Write 'add x,y'
0BB7C4 04 2D BA          	l9_4:		call	!make_add
0BB7C7 12 39             			jr	l10
0BB7C9 04 1A B6          	l8:		call	!eval
0BB7CC 60 04             			cmp	a,4
0BB7CE 1A 46             			jrnz	l11
0BB7D0 98 00 2A          			mv	a,[(bp+!src_local)]	;Pointer offset
0BB7D3 60 10             			cmp	a,$10
0BB7D5 1A 0C             			jrnz	l12
0BB7D7 08 3D             			mv	a,$3d			;Write 'popu y'
0BB7D9 04 72 B5          			call	!objout1
0BB7DC 08 45             			mv	a,$45			;Write 'add x,y'
0BB7DE 04 2D BA          			call	!make_add
0BB7E1 12 1F             			jr	l10
0BB7E3 0A FD 54          	l12:		mv	ba,$54fd		;Write 'mv y,x'
0BB7E6 04 8D B5          			call	!objout2
0BB7E9 08 45             			mv	a,$45
0BB7EB 28                	l14:		pushu	a
0BB7EC 08 3C             			mv	a,$3c			;Write 'popu x'
0BB7EE 04 72 B5          			call	!objout1
0BB7F1 98 00 2A          			mv	a,[(bp+!src_local)]
0BB7F4 48 0E             			sub	a,$e
0BB7F6 FD 10             			mv	il,a
0BB7F8 38                			popu	a
0BB7F9 04 2D BA          	l13:		call	!make_add		;Write 'add x,ba' or 'add x,a'
0BB7FC 7C 01             			dec	il
0BB7FE 7C 01             			dec	il
0BB800 1B 09             			jrnz	l13
0BB802 80 12             	l10:		mv	a,(bp+!src_sym)
0BB804 60 5D             			cmp	a,']'
0BB806 15 C7 CA          			jpnz	!err3
0BB809 04 87 B2          			call	!getsym
0BB80C 98 00 2A          	l7:		mv	a,[(bp+!src_local)]
0BB80F 0D 08 00 00       			mv	y,8			;Release stack frame
0BB813 02 F5 98          			jp	!release_frame
0BB816                   	;
0BB816 40 40             	l11:		add	a,$40
0BB818 13 2F             			jr	l14
0BB81A                   			endl
0BB81A                   	;
0BB81A                   	exp5:		local
0BB81A 80 12             			mv	a,(bp+!src_sym)
0BB81C 60 00             			cmp	a,0
0BB81E 1A 05             			jrnz	l2
0BB820 08 FF             	l9:		mv	a,$ff			;constant value
0BB822 02 25 B9          			jp	exit
0BB825 60 22             	l2:		cmp	a,'"'
0BB827 1A 48             			jrnz	l3
0BB829 EA 36 19          			mvp	[--u],(bp+!obj_adr)	;String
0BB82C 04 8D B5          			call	!objout2		;Write dummy of 'jp imm16'
0BB82F 09 01             			mv	il,1
0BB831 80 11             			mv	a,(bp+!src_char)
0BB833 60 22             	l5:		cmp	a,'"'
0BB835 18 0F             			jrz	l4
0BB837 29                			pushu	il
0BB838 04 2D B9          			call	change
0BB83B 04 72 B5          			call	!objout1
0BB83E 04 C2 B1          			call	!getch
0BB841 39                			popu	il
0BB842 6C 01             			inc	il
0BB844 13 13             			jr	l5
0BB846 08 00             	l4:		mv	a,0			;Write terminater
0BB848 04 72 B5          			call	!objout1
0BB84B 29                			pushu	il
0BB84C 04 C2 B1          			call	!getch
0BB84F 38                			popu	a
0BB850 75                			mv	b,a
0BB851 3C                			popu	x
0BB852 EA 36 19          			mvp	[--u],(bp+!obj_adr)
0BB855 04 EA B4          			call	!movobj
0BB858 08 12             			mv	a,$12			;Write 'jr imm8'
0BB85A 04 8D B5          			call	!objout2
0BB85D 85 19             			mv	y,(bp+!obj_adr)
0BB85F 3C                			popu	x
0BB860 04 EA B4          			call	!movobj
0BB863 08 0C             			mv	a,$0c			;Write 'mv x,imm20'
0BB865 04 72 B5          			call	!objout1
0BB868 FD 45             			mv	x,y
0BB86A 04 AE B5          			call	!objout3
0BB86D 08 04             			mv	a,4			;be handled as PTR
0BB86F 12 B4             			jr	exit
0BB871 60 27             	l3:		cmp	a,''''
0BB873 1A 99             			jrnz	l20
0BB875 80 11             			mv	a,(bp+!src_char)
0BB877 09 00             			mv	il,0
0BB879 60 27             	l7:		cmp	a,''''
0BB87B 18 0A             			jrz	l8
0BB87D 04 2D B9          			call	change
0BB880 28                			pushu	a
0BB881 04 C2 B1          			call	!getch
0BB884 39                			popu	il
0BB885 13 0E             			jr	l7
0BB887 29                	l8:		pushu	il
0BB888 04 C2 B1          			call	!getch
0BB88B 39                			popu	il
0BB88C FD 41             			mv	x,il
0BB88E 13 70             			jr	l9
0BB890 60 1F             	l6:		cmp	a,$1f
0BB892 15 94 B6          			jpnz	!v_acc
0BB895 0A 20 00          			mv	ba,$20
0BB898 04 D1 B5          			call	!getadd
0BB89B 1C 0D             			jrc	function
0BB89D 0A 00 01          			mv	ba,$100
0BB8A0 04 D1 B5          			call	!getadd
0BB8A3 17 94 B6          			jpnc	!v_acc
0BB8A6 08 FF             			mv	a,$ff
0BB8A8 12 7B             			jr	exit
0BB8AA                   	;
0BB8AA                   	function:	local
0BB8AA 28                			pushu	a			;Save func type
0BB8AB 2C                			pushu	x			;Save entry address
0BB8AC 64 40             			test	a,$40
0BB8AE 4F                			pushs	f
0BB8AF 18 06             			jrz	l1
0BB8B1 0A B6 37          			mv	ba,$37b6		;Write 'mv [--s],u'
0BB8B4 04 8D B5          			call	!objout2
0BB8B7 04 87 B2          	l1:		call	!getsym
0BB8BA 61 12 28          			cmp	(bp+!src_sym),'('
0BB8BD 1A 37             			jrnz	l2
0BB8BF 04 87 B2          	l6:		call	!getsym
0BB8C2 04 9A C0          			call	!exp
0BB8C5 04 1A B6          			call	!eval
0BB8C8 60 04             			cmp	a,4
0BB8CA 1E 17             			jrnc	l3
0BB8CC 28                			pushu	a
0BB8CD 0A 09 00          			mv	ba,$0009		;Write 'mv il,0'
0BB8D0 04 8D B5          			call	!objout2
0BB8D3 38                			popu	a
0BB8D4 60 00             			cmp	a,0
0BB8D6 0A 2B 28          			mv	ba,$282b		;Write 'pushu i;pushu a'
0BB8D9 18 03             			jrz	l4
0BB8DB 0A 29 2A          			mv	ba,$2a29		;Write 'pushu il;pushu ba'
0BB8DE 04 8D B5          	l4:		call	!objout2
0BB8E1 12 05             			jr	l5
0BB8E3 08 2C             	l3:		mv	a,$2c			;Write 'pushu x'
0BB8E5 04 72 B5          			call	!objout1
0BB8E8 61 12 2C          	l5:		cmp	(bp+!src_sym),','
0BB8EB 19 2E             			jrz	l6
0BB8ED 61 12 29          			cmp	(bp+!src_sym),')'
0BB8F0 15 F7 CA          			jpnz	!err11			;')' expected
0BB8F3 04 87 B2          			call	!getsym
0BB8F6 5F                	l2:		pops	f
0BB8F7 18 06             			jrz	l7
0BB8F9 0A 94 27          			mv	ba,$2794		;Write 'mv x,[s++]'
0BB8FC 04 8D B5          			call	!objout2
0BB8FF 08 04             	l7:		mv	a,$04			;Write 'call imm16'
0BB901 04 72 B5          			call	!objout1
0BB904 3C                			popu	x
0BB905 FD 24             			mv	ba,x
0BB907 04 8D B5          			call	!objout2
0BB90A 38                			popu	a
0BB90B 70 07             			and	a,7
0BB90D 06                			ret
0BB90E                   			endl
0BB90E                   	;
0BB90E 60 28             	l20:		cmp	a,'('
0BB910 1B 82             			jrnz	l6			;'(' expected
0BB912 04 87 B2          			call	!getsym			;'( [expression] )'
0BB915 04 9A C0          			call	!exp
0BB918 60 FF             			cmp	a,$ff
0BB91A 18 03             			jrz	skip_eval
0BB91C 04 1A B6          			call	!eval
0BB91F 61 12 29          	skip_eval:	cmp	(bp+!src_sym),')'
0BB922 15 F7 CA          			jpnz	!err11			;')' expected
0BB925 28                	exit:		pushu	a
0BB926 2C                			pushu	x
0BB927 04 87 B2          			call	!getsym
0BB92A 3C                			popu	x
0BB92B 38                			popu	a
0BB92C 06                			ret
0BB92D 60 5E             	change:		cmp	a,'^'
0BB92F 1A 0F             			jrnz	l7_
0BB931 04 C2 B1          			call	!getch
0BB934 60 3F             			cmp	a,'?'
0BB936 1C 08             			jrc	l7_
0BB938 60 5B             			cmp	a,'Z'+1
0BB93A 1E 04             			jrnc	l7_
0BB93C 48 40             			sub	a,$40
0BB93E 70 7F             			and	a,$7f
0BB940 06                	l7_:		ret
0BB941                   			endl
0BB941                   	;
0BB941                   	exp4:		local
0BB941 80 12             			mv	a,(bp+!src_sym)
0BB943 60 2B             			cmp	a,'+'
0BB945 1A 05             			jrnz	l0
0BB947 04 87 B2          			call	!getsym			;'+' routine (No code will be generated)
0BB94A 13 0B             			jr	!exp4
0BB94C 60 2D             	l0:		cmp	a,'-'
0BB94E 1A 36             			jrnz	l2
0BB950 04 87 B2          			call	!getsym			;'-' routine
0BB953 04 41 B9          			call	!exp4
0BB956 60 10             	l8:		cmp	a,$10
0BB958 1E 20             			jrnc	l6
0BB95A 28                			pushu	a
0BB95B 28                			pushu	a
0BB95C 08 04             			mv	a,$04
0BB95E 04 72 B5          			call	!objout1
0BB961 38                			popu	a
0BB962 60 02             			cmp	a,2
0BB964 1E 05             			jrnc	l3
0BB966 0A 28 A3          			mv	ba,!m_char		;Write 'call m_char'
0BB969 12 0A             			jr	l4
0BB96B 1A 05             	l3:		jrnz	l5		
0BB96D 0A 2F A3          			mv	ba,!m_int		;Write 'call m_int'
0BB970 12 03             			jr	l4
0BB972 0A 37 A3          	l5:		mv	ba,!m_pnt		;Write 'call m_pnt'
0BB975 04 8D B5          	l4:		call	!objout2
0BB978 38                			popu	a
0BB979 06                			ret
0BB97A 60 FF             	l6:		cmp	a,$ff
0BB97C 1A 03             			jrnz	l7
0BB97E 02 37 A3          			jp	!m_pnt			;Constant value
0BB981 04 1A B6          	l7:		call	!eval
0BB984 13 30             			jr	l8
0BB986 60 7E             	l2:		cmp	a,'~'
0BB988 1A 21             			jrnz	l9
0BB98A 04 87 B2          			call	!getsym			;'~' routine
0BB98D 04 41 B9          			call	!exp4
0BB990 60 10             	l14:		cmp	a,$10
0BB992 1E 0A             			jrnc	l10
0BB994 28                			pushu	a
0BB995 75                	l11:		mv	b,a
0BB996 08 6C             			mv	a,$6c			;Write 'inc r'
0BB998 04 8D B5          			call	!objout2
0BB99B 38                			popu	a
0BB99C 13 48             			jr	l8			;continue to '-' routine
0BB99E 60 FF             	l10:		cmp	a,$ff
0BB9A0 1A 04             			jrnz	l13
0BB9A2 6C 04             			inc	x			;Constant value
0BB9A4 13 50             			jr	l8
0BB9A6 04 1A B6          	l13:		call	!eval
0BB9A9 13 1B             			jr	l14
0BB9AB 60 21             	l9:		cmp	a,'!'
0BB9AD 1A 37             			jrnz	l30
0BB9AF 04 87 B2          			call	!getsym			;'!' routine
0BB9B2 04 41 B9          			call	!exp4
0BB9B5 60 20             			cmp	a,$20
0BB9B7 1E 23             			jrnc	l16
0BB9B9 04 1A B6          			call	!eval
0BB9BC 28                			pushu	a
0BB9BD 28                			pushu	a
0BB9BE 08 04             			mv	a,$04
0BB9C0 04 72 B5          			call	!objout1
0BB9C3 38                			popu	a
0BB9C4 60 02             	l17:		cmp	a,2
0BB9C6 1E 05             			jrnc	l18
0BB9C8 0A 40 A3          			mv	ba,!n_char		;Write 'call n_char'
0BB9CB 12 0A             			jr	l19
0BB9CD 1A 05             	l18:		jrnz	l20
0BB9CF 0A 49 A3          			mv	ba,!n_int		;Write 'call n_int'
0BB9D2 12 03             			jr	l19
0BB9D4 0A 54 A3          	l20:		mv	ba,!n_pnt		;Write 'call n_pnt'
0BB9D7 04 8D B5          	l19:		call	!objout2
0BB9DA 38                			popu	a
0BB9DB 06                			ret
0BB9DC 60 FF             	l16:		cmp	a,$ff
0BB9DE 1A 03             			jrnz	l21
0BB9E0 02 54 A3          			jp	!n_pnt
0BB9E3 68 01             	l21:		xor	a,1
0BB9E5 06                			ret
0BB9E6 60 10             	l30:		cmp	a,$10
0BB9E8 1A 0D             			jrnz	l40
0BB9EA 04 87 B2          			call	!getsym			;Cast to char
0BB9ED 04 41 B9          			call	!exp4
0BB9F0 75                			mv	b,a
0BB9F1 08 00             			mv	a,0
0BB9F3 DD                	l31:		ex	a,b
0BB9F4 02 63 BA          			jp	!cast
0BB9F7 60 11             	l40:		cmp	a,$11
0BB9F9 1A 0B             			jrnz	l50
0BB9FB 04 87 B2          			call	!getsym			;Cast to int
0BB9FE 04 41 B9          			call	!exp4
0BBA01 75                			mv	b,a
0BBA02 08 02             			mv	a,2
0BBA04 13 13             			jr	l31
0BBA06 60 12             	l50:		cmp	a,$12
0BBA08 1A 0B             			jrnz	l60
0BBA0A 04 87 B2          			call	!getsym			;Cast to pnt
0BBA0D 04 41 B9          			call	!exp4
0BBA10 75                			mv	b,a
0BBA11 08 04             			mv	a,4
0BBA13 13 22             			jr	l31
0BBA15 60 26             	l60:		cmp	a,'&'
0BBA17 15 1A B8          			jpnz	!exp5
0BBA1A 04 87 B2          			call	!getsym
0BBA1D 04 94 B6          			call	!v_acc
0BBA20 60 10             			cmp	a,$10
0BBA22 16 EB CA          			jpc	!err9
0BBA25 60 15             			cmp	a,$15
0BBA27 17 EB CA          			jpnc	!err9
0BBA2A 08 04             			mv	a,4
0BBA2C 06                			ret
0BBA2D                   			endl
0BBA2D                   	;
0BBA2D                   	make_add:	local
0BBA2D 29                			pushu	il
0BBA2E 2A                			pushu	ba
0BBA2F 75                			mv	b,a
0BBA30 09 46             			mv	il,$46
0BBA32 60 20             			cmp	a,$20
0BBA34 1C 08             			jrc	l1
0BBA36 09 44             			mv	il,$44
0BBA38 60 40             			cmp	a,$40
0BBA3A 1C 02             			jrc	l1
0BBA3C 09 45             			mv	il,$45
0BBA3E 08 00             	l1:		mv	a,0
0BBA40 44 21             			add	ba,il
0BBA42 04 8D B5          			call	!objout2
0BBA45 3A                			popu	ba
0BBA46 39                			popu	il
0BBA47 06                			ret
0BBA48                   			endl
0BBA48                   	;
0BBA48                   	make_sub:	local
0BBA48 29                			pushu	il
0BBA49 2A                			pushu	ba
0BBA4A 75                			mv	b,a
0BBA4B 09 4E             			mv	il,$4e
0BBA4D 60 20             			cmp	a,$20
0BBA4F 1C 08             			jrc	l1
0BBA51 09 4C             			mv	il,$4c
0BBA53 60 40             			cmp	a,$40
0BBA55 1C 02             			jrc	l1
0BBA57 09 4D             			mv	il,$4d
0BBA59 08 00             	l1:		mv	a,0
0BBA5B 44 21             			add	ba,il
0BBA5D 04 8D B5          			call	!objout2
0BBA60 3A                			popu	ba
0BBA61 39                			popu	il
0BBA62 06                			ret
0BBA63                   			endl
0BBA63                   	;
0BBA63                   	cast:		local
0BBA63 60 10             			cmp	a,$10
0BBA65 1E 4A             			jrnc	cast2
0BBA67 60 02             			cmp	a,2
0BBA69 74                			mv	a,b
0BBA6A 1E 19             			jrnc	l2
0BBA6C 60 02             			cmp	a,2
0BBA6E 1C 12             			jrc	char			;char to char
0BBA70 1A 05             			jrnz	c_to_p
0BBA72 04 E5 BA          			call	!make_cast		;char to int
0BBA75 12 1E             			jr	int
0BBA77 04 E5 BA          	c_to_p:		call	!make_cast
0BBA7A 0A FD 40          			mv	ba,$40fd		;char to pnt
0BBA7D 04 8D B5          			call	!objout2
0BBA80 12 2C             			jr	pnt
0BBA82 08 00             	char:		mv	a,0
0BBA84 06                			ret
0BBA85                   	;
0BBA85 1A 11             	l2:		jrnz	l3
0BBA87 60 02             			cmp	a,2
0BBA89 1D 09             			jrc	char			;int to char
0BBA8B 18 08             			jrz	int			;int to int
0BBA8D 0A FD 42          			mv	ba,$42fd		;int to pnt
0BBA90 04 8D B5          			call	!objout2
0BBA93 12 19             			jr	pnt
0BBA95 08 02             	int:		mv	a,2
0BBA97 06                			ret
0BBA98                   	;
0BBA98 60 02             	l3:		cmp	a,2			
0BBA9A 18 0A             			jrz	p_to_i			;pnt to int
0BBA9C 1E 10             			jrnc	pnt			;pnt to pnt
0BBA9E 0A FD 04          			mv	ba,$04fd		;pnt to char
0BBAA1 04 8D B5          			call	!objout2
0BBAA4 13 24             			jr	char
0BBAA6 0A FD 24          	p_to_i:		mv	ba,$24fd
0BBAA9 04 8D B5          			call	!objout2
0BBAAC 13 19             			jr	int
0BBAAE 08 04             	pnt:		mv	a,4
0BBAB0 06                			ret
0BBAB1 60 18             	cast2:		cmp	a,$18
0BBAB3 1E 2F             			jrnc	exit
0BBAB5 60 12             			cmp	a,$12
0BBAB7 74                			mv	a,b
0BBAB8 1E 0E             			jrnc	cast3
0BBABA 60 02             			cmp	a,2
0BBABC 08 10             			mv	a,$10
0BBABE 1C 24             			jrc	exit			;@ to char (No effect)
0BBAC0 08 18             			mv	a,$18
0BBAC2 18 20             			jrz	exit			;@ to int
0BBAC4 08 19             			mv	a,$19
0BBAC6 12 1C             			jr	exit			;@ to pnt
0BBAC8 1A 0E             	cast3:		jrnz	cast4
0BBACA 60 02             			cmp	a,2
0BBACC 08 12             			mv	a,$12
0BBACE 18 14             			jrz	exit			;* to int (No effect)
0BBAD0 08 1A             			mv	a,$1a
0BBAD2 1C 10             			jrc	exit			;* to char
0BBAD4 08 1B             			mv	a,$1b
0BBAD6 12 0C             			jr	exit			;* to pnt
0BBAD8 60 02             	cast4:		cmp	a,2
0BBADA 08 1C             			mv	a,$1c
0BBADC 1C 06             			jrc	exit			;^ to char
0BBADE 08 1D             			mv	a,$1d
0BBAE0 18 02             			jrz	exit			;^ to int
0BBAE2 08 14             			mv	a,$14			;^ to pnt (No effect)
0BBAE4 06                	exit:		ret
0BBAE5                   			endl
0BBAE5                   	;
0BBAE5                   	make_cast:	local
0BBAE5 2A                			pushu	ba
0BBAE6 0A 75 08          			mv	ba,$0875		;Write 'mv b,a;mv a,0;ex a,b'
0BBAE9 04 8D B5          			call	!objout2
0BBAEC 0A 00 DD          			mv	ba,$dd00
0BBAEF 04 8D B5          			call	!objout2
0BBAF2 3A                			popu	ba
0BBAF3 06                			ret
0BBAF4                   			endl
0BBAF4                   	;
0BBAF4                   	make_opr:	local
0BBAF4 98 80 2A 01       			mv	a,[(bp+!src_local)+1]
0BBAF8 60 FF             			cmp	a,$ff
0BBAFA 18 0B             			jrz	l1
0BBAFC 98 80 2A 05       			mv	a,[(bp+!src_local)+5]
0BBB00 60 FF             			cmp	a,$ff
0BBB02 1C 03             			jrc	l1
0BBB04 04 30 B5          			call	!delobj			;Erase 'push r'
0BBB07 98 00 2A          	l1:		mv	a,[(bp+!src_local)]
0BBB0A 60 2A             			cmp	a,'*'
0BBB0C 15 60 BC          			jpnz	op_div
0BBB0F                   	op_mul:		local
0BBB0F 98 80 2A 01       			mv	a,[(bp+!src_local)+1]
0BBB13 60 FF             			cmp	a,$ff
0BBB15 18 57             			jrz	l1
0BBB17 98 80 2A 05       			mv	a,[(bp+!src_local)+5]
0BBB1B 60 FF             			cmp	a,$ff
0BBB1D 18 63             			jrz	l2
0BBB1F 04 52 BC          	set_work:	call	..!make_clr_work	;Write 'call clear_work'
0BBB22 98 80 2A 05       			mv	a,[(bp+!src_local)+5]	;Write 'mv (work2),r'
0BBB26 28                			pushu	a
0BBB27 40 A0             			add	a,$a0
0BBB29 75                			mv	b,a
0BBB2A 08 03             			mv	a,!src_work2
0BBB2C DD                			ex	a,b
0BBB2D 04 8D B5          			call	!objout2
0BBB30 98 80 2A 01       			mv	a,[(bp+!src_local)+1]	;Write 'mv (work1),[u++]'
0BBB34 28                			pushu	a
0BBB35 9F                			rc
0BBB36 F4                			shr	a
0BBB37 40 E0             			add	a,$e0
0BBB39 75                			mv	b,a
0BBB3A 08 26             			mv	a,$26
0BBB3C DD                			ex	a,b
0BBB3D 04 8D B5          			call	!objout2
0BBB40 08 00             			mv	a,!src_work1
0BBB42 04 72 B5          			call	!objout1
0BBB45 08 04             			mv	a,$04
0BBB47 04 72 B5          			call	!objout1
0BBB4A 38                			popu	a
0BBB4B E0 26 00          			mv	(bp+!src_work1),[u++]
0BBB4E 7B 00             			or	(bp+!src_work1),a
0BBB50 65 00 07          			test	(bp+!src_work1),7
0BBB53 9A 80 2A 09       			mv	ba,[(bp+!src_local)+9]
0BBB57 09 00             			mv	il,0
0BBB59 18 0D             			jrz	set_work1
0BBB5B 09 02             			mv	il,2
0BBB5D 65 00 04          			test	(bp+!src_work1),4
0BBB60 18 06             			jrz	set_work1
0BBB62 9A 80 2A 0C       			mv	ba,[(bp+!src_local)+12]
0BBB66 09 04             			mv	il,4
0BBB68 04 8D B5          	set_work1:	call	!objout2
0BBB6B FD 01             			mv	a,il
0BBB6D 06                			ret
0BBB6E 98 80 2A 05       	l1:		mv	a,[(bp+!src_local)+5]
0BBB72 60 FF             			cmp	a,$ff
0BBB74 18 BC             			jrz	l3			;Both A and B are constant
0BBB76 9C 80 2A 02       			mv	x,[(bp+!src_local)+2]
0BBB7A BC 80 2A 06       			mv	[(bp+!src_local)+6],x
0BBB7E B8 80 2A 01       			mv	[(bp+!src_local)+1],a
0BBB82 9A 80 2A 07       	l2:		mv	ba,[(bp+!src_local)+7]	;A is coded,B is constant
0BBB86 6C 02             			inc	ba
0BBB88 7C 02             			dec	ba
0BBB8A 1A 4A             			jrnz	l4			;constant >= 256
0BBB8C 98 80 2A 06       			mv	a,[(bp+!src_local)+6]
0BBB90 60 02             			cmp	a,2
0BBB92 1C 42             			jrc	l4			;constant <= 1
0BBB94 99 80 2A 01       			mv	il,[(bp+!src_local)+1]
0BBB98 9F                	l6:		rc
0BBB99 F4                			shr	a
0BBB9A 1C 0A             			jrc	l5
0BBB9C 28                			pushu	a
0BBB9D 04 48 BC          			call	set_rr
0BBBA0 04 2D BA          			call	!make_add
0BBBA3 38                			popu	a
0BBBA4 13 0E             			jr	l6
0BBBA6 60 00             	l5:		cmp	a,0
0BBBA8 18 29             			jrz	l7
0BBBAA 28                			pushu	a			;Write 'mv r1,r2'
0BBBAB 04 48 BC          			call	set_rr
0BBBAE 40 10             			add	a,$10
0BBBB0 75                			mv	b,a
0BBBB1 08 FD             			mv	a,$fd
0BBBB3 04 8D B5          			call	!objout2
0BBBB6 38                			popu	a
0BBBB7 28                	l9:		pushu	a			;Write 'add r,r'
0BBBB8 04 48 BC          			call	set_rr
0BBBBB 40 11             			add	a,$11
0BBBBD 04 2D BA          			call	!make_add
0BBBC0 38                			popu	a
0BBBC1 9F                			rc
0BBBC2 F4                			shr	a
0BBBC3 1E 0A             			jrnc	l8
0BBBC5 28                			pushu	a			;Write 'add r1,r2'
0BBBC6 04 48 BC          			call	set_rr
0BBBC9 40 01             			add	a,1
0BBBCB 04 2D BA          			call	!make_add
0BBBCE 38                			popu	a
0BBBCF 60 00             	l8:		cmp	a,0
0BBBD1 1B 1C             			jrnz	l9
0BBBD3 FD 01             	l7:		mv	a,il
0BBBD5 06                			ret
0BBBD6 98 80 2A 01       	l4:		mv	a,[(bp+!src_local)+1]	;A is coded , B is constant
0BBBDA 28                			pushu	a
0BBBDB 28                			pushu	a
0BBBDC 28                			pushu	a
0BBBDD 04 52 BC          			call	..!make_clr_work
0BBBE0 60 02             			cmp	a,2
0BBBE2 1E 0F             			jrnc	l4__3
0BBBE4 0A CC 03          			mv	ba,$cc+!src_work2*256
0BBBE7 04 8D B5          			call	!objout2
0BBBEA 98 80 2A 06       			mv	a,[(bp+!src_local)+6]
0BBBEE 04 72 B5          			call	!objout1
0BBBF1 12 1E             			jr	l4_2
0BBBF3 18 0F             	l4__3:		jrz	l4_1
0BBBF5 0A DC 03          			mv	ba,$dc+!src_work2*256
0BBBF8 04 8D B5          			call	!objout2
0BBBFB 9C 80 2A 06       			mv	x,[(bp+!src_local)+6]
0BBBFF 04 AE B5          			call	!objout3
0BBC02 12 0D             			jr	l4_2
0BBC04 0A CD 03          	l4_1:		mv	ba,$cd+!src_work2*256
0BBC07 04 8D B5          			call	!objout2
0BBC0A 9A 80 2A 06       			mv	ba,[(bp+!src_local)+6]
0BBC0E 04 8D B5          			call	!objout2
0BBC11 38                	l4_2:		popu	a
0BBC12 40 A0             			add	a,$a0
0BBC14 75                			mv	b,a
0BBC15 08 00             			mv	a,!src_work1
0BBC17 DD                			ex	a,b
0BBC18 04 8D B5          			call	!objout2
0BBC1B 08 04             			mv	a,$04
0BBC1D 04 72 B5          			call	!objout1
0BBC20 38                			popu	a
0BBC21 60 04             			cmp	a,4
0BBC23 9A 80 2A 09       			mv	ba,[(bp+!src_local)+9]
0BBC27 1A 04             			jrnz	l4_3
0BBC29 9A 80 2A 0C       			mv	ba,[(bp+!src_local)+12]
0BBC2D 04 8D B5          	l4_3:		call	!objout2
0BBC30 38                			popu	a
0BBC31 06                			ret
0BBC32 F2 80 00 2A 02    	l3:		mvp	(bp+!src_work1),[(bp+!src_local)+2]
0BBC37 F2 80 03 2A 06    			mvp	(bp+!src_work2),[(bp+!src_local)+6]
0BBC3C 9C 80 2A 0C       			mv	x,[(bp+!src_local)+12]
0BBC40 04 46 BC          			call	call_opr
0BBC43 08 FF             			mv	a,$ff
0BBC45 06                			ret
0BBC46                   	;
0BBC46 11 04             	call_opr:	jp	x
0BBC48                   	;
0BBC48 FD 01             	set_rr:		mv	a,il
0BBC4A A0 00             			mv	(bp+!src_work1),a
0BBC4C EE                			swap	a
0BBC4D 43 00             			add	(bp+!src_work1),a
0BBC4F 80 00             			mv	a,(bp+!src_work1)
0BBC51 06                			ret
0BBC52                   			endl
0BBC52                   	;
0BBC52                   	make_clr_work:	local
0BBC52 2A                			pushu	ba
0BBC53 08 04             			mv	a,$04			;Write 'call clear_work'
0BBC55 04 72 B5          			call	!objout1
0BBC58 0A 10 A3          			mv	ba,!clear_work
0BBC5B 04 8D B5          			call	!objout2
0BBC5E 3A                			popu	ba
0BBC5F 06                			ret
0BBC60                   			endl
0BBC60                   	;
0BBC60 60 2F             	op_div:		cmp	a,'/'
0BBC62 18 18             			jrz	op_ops
0BBC64 60 25             			cmp	a,'%'
0BBC66 18 14             			jrz	op_ops
0BBC68 60 26             			cmp	a,'&'
0BBC6A 18 10             			jrz	op_ops
0BBC6C 60 23             			cmp	a,'#'
0BBC6E 18 0C             			jrz	op_ops
0BBC70 60 7C             			cmp	a,'|'
0BBC72 18 08             			jrz	op_ops
0BBC74 60 0E             			cmp	a,$0e			;shl
0BBC76 18 04             			jrz	op_ops
0BBC78 60 0D             			cmp	a,$0d			;shr
0BBC7A 1A 73             			jrnz	op_plus
0BBC7C                   	op_ops:		local
0BBC7C 98 80 2A 01       			mv	a,[(bp+!src_local)+1]
0BBC80 60 FF             			cmp	a,$ff
0BBC82 18 0B             			jrz	l1
0BBC84 98 80 2A 05       			mv	a,[(bp+!src_local)+5]
0BBC88 60 FF             			cmp	a,$ff
0BBC8A 15 1F BB          			jpnz	..!op_mul!set_work	;Both A and B are coded
0BBC8D 13 B9             			jr	..!op_mul!l4		;A is coded,B is constant
0BBC8F 98 80 2A 05       	l1:		mv	a,[(bp+!src_local)+5]
0BBC93 60 FF             			cmp	a,$ff
0BBC95 19 65             			jrz	..!op_mul!l3		;Both A and B are constant
0BBC97 28                			pushu	a
0BBC98 28                			pushu	a
0BBC99 28                			pushu	a
0BBC9A 04 52 BC          			call	..!make_clr_work	;Write 'call clear_work'
0BBC9D 60 02             			cmp	a,2			;A is constant,B is coded
0BBC9F 1E 0F             			jrnc	l4__3
0BBCA1 0A CC 00          			mv	ba,$cc+!src_work1*256
0BBCA4 04 8D B5          			call	!objout2
0BBCA7 98 80 2A 02       			mv	a,[(bp+!src_local)+2]
0BBCAB 04 72 B5          			call	!objout1
0BBCAE 12 1E             			jr	l4_2
0BBCB0 18 0F             	l4__3:		jrz	l4_1
0BBCB2 0A DC 00          			mv	ba,$dc+!src_work1*256
0BBCB5 04 8D B5          			call	!objout2
0BBCB8 9C 80 2A 02       			mv	x,[(bp+!src_local)+2]
0BBCBC 04 AE B5          			call	!objout3
0BBCBF 12 0D             			jr	l4_2
0BBCC1 0A CD 00          	l4_1:		mv	ba,$cd+!src_work1*256
0BBCC4 04 8D B5          			call	!objout2
0BBCC7 9A 80 2A 02       			mv	ba,[(bp+!src_local)+2]
0BBCCB 04 8D B5          			call	!objout2
0BBCCE 38                	l4_2:		popu	a
0BBCCF 40 A0             			add	a,$a0
0BBCD1 75                			mv	b,a
0BBCD2 08 03             			mv	a,!src_work2
0BBCD4 DD                			ex	a,b
0BBCD5 04 8D B5          			call	!objout2
0BBCD8 08 04             			mv	a,$04
0BBCDA 04 72 B5          			call	!objout1
0BBCDD 38                			popu	a
0BBCDE 60 04             			cmp	a,4
0BBCE0 9A 80 2A 09       			mv	ba,[(bp+!src_local)+9]
0BBCE4 1A 04             			jrnz	l4_3
0BBCE6 9A 80 2A 0C       			mv	ba,[(bp+!src_local)+12]
0BBCEA 04 8D B5          	l4_3:		call	!objout2
0BBCED 38                			popu	a
0BBCEE 06                			ret
0BBCEF                   			endl
0BBCEF                   	op_plus:	local
0BBCEF F0 80 01 2A 0F    			mv	(bp+!src_work1+1),[(bp+!src_local)+15]
0BBCF4 F0 80 03 2A 05    			mv	(bp+!src_work2),[(bp+!src_local)+5]
0BBCF9 60 2B             			cmp	a,'+'
0BBCFB 98 80 2A 01       			mv	a,[(bp+!src_local)+1]
0BBCFF A0 00             			mv	(bp+!src_work1),a
0BBD01 18 2F             			jrz	l0
0BBD03 65 01 01          			test	(bp+!src_work1+1),1
0BBD06 18 2A             			jrz	l0
0BBD08 C8 04 03          			mv	(bp+!src_work2+1),(bp+!src_work2)
0BBD0B 7B 04             			or	(bp+!src_work2+1),a
0BBD0D 6D 04             			inc	(bp+!src_work2+1)
0BBD0F 1A 21             			jrnz	l0
0BBD11 99 80 2A 05       			mv	il,[(bp+!src_local)+5]
0BBD15 B8 80 2A 05       			mv	[(bp+!src_local)+5],a
0BBD19 B9 80 2A 01       			mv	[(bp+!src_local)+1],il
0BBD1D 9C 80 2A 02       			mv	x,[(bp+!src_local)+2]
0BBD21 9D 80 2A 06       			mv	y,[(bp+!src_local)+6]
0BBD25 BD 80 2A 02       			mv	[(bp+!src_local)+2],y
0BBD29 BC 80 2A 06       			mv	[(bp+!src_local)+6],x
0BBD2D FD 01             			mv	a,il
0BBD2F C0 00 03          			ex	(bp+!src_work1),(bp+!src_work2)
0BBD32 60 FF             	l0:		cmp	a,$ff
0BBD34 18 8F             			jrz	l6
0BBD36 61 03 FF          			cmp	(bp+!src_work2),$ff
0BBD39 18 A1             			jrz	l9
0BBD3B 61 03 02          			cmp	(bp+!src_work2),2
0BBD3E 08 54             			mv	a,$54
0BBD40 1E 15             			jrnc	l0_1
0BBD42 08 10             			mv	a,$10
0BBD44 61 00 02          			cmp	(bp+!src_work1),2
0BBD47 1C 19             			jrc	l0_3
0BBD49 04 E5 BA          			call	!make_cast
0BBD4C 08 32             			mv	a,$32
0BBD4E 61 00 02          			cmp	(bp+!src_work1),2
0BBD51 18 0F             			jrz	l0_3
0BBD53 08 52             			mv	a,$52
0BBD55 12 0B             			jr	l0_3
0BBD57 1A 09             	l0_1:		jrnz	l0_3
0BBD59 08 32             			mv	a,$32			;B is int
0BBD5B 61 00 04          			cmp	(bp+!src_work1),4
0BBD5E 1A 02             			jrnz	l0_3
0BBD60 08 52             			mv	a,$52
0BBD62 75                	l0_3:		mv	b,a
0BBD63 08 FD             			mv	a,$fd
0BBD65 04 8D B5          			call	!objout2
0BBD68 74                			mv	a,b
0BBD69 EE                			swap	a
0BBD6A 70 06             			and	a,6
0BBD6C A0 03             			mv	(bp+!src_work2),a
0BBD6E 80 00             			mv	a,(bp+!src_work1)
0BBD70 40 38             			add	a,$38			;Write 'popu r'
0BBD72 04 72 B5          			call	!objout1
0BBD75 61 00 02          			cmp	(bp+!src_work1),2
0BBD78 1E 1B             			jrnc	l0_4
0BBD7A 61 03 02          			cmp	(bp+!src_work2),2
0BBD7D 1C 1D             			jrc	l1
0BBD7F 04 E5 BA          			call	!make_cast
0BBD82 61 03 04          			cmp	(bp+!src_work2),4
0BBD85 CC 00 02          			mv	(bp+!src_work1),2
0BBD88 1A 12             			jrnz	l1
0BBD8A 0A FD 42          	l0_5:		mv	ba,$42fd
0BBD8D 04 8D B5          			call	!objout2
0BBD90 CC 00 04          			mv	(bp+!src_work1),4
0BBD93 12 07             			jr	l1
0BBD95 1A 05             	l0_4:		jrnz	l1
0BBD97 61 03 04          			cmp	(bp+!src_work2),4
0BBD9A 19 12             			jrz	l0_5
0BBD9C 61 00 02          	l1:		cmp	(bp+!src_work1),2
0BBD9F 1A 03             			jrnz	skip_modify
0BBDA1 04 A7 BE          			call	modify_int		;If both are INT, then modify
0BBDA4 80 00             	skip_modify:	mv	a,(bp+!src_work1)
0BBDA6 EE                			swap	a
0BBDA7 42 00             			add	a,(bp+!src_work1)
0BBDA9 6C 00             			inc	a
0BBDAB 65 01 01          			test	(bp+!src_work1+1),1
0BBDAE 18 01             			jrz	l1_1
0BBDB0 EE                			swap	a
0BBDB1 75                	l1_1:		mv	b,a
0BBDB2 98 00 2A          			mv	a,[(bp+!src_local)]
0BBDB5 60 2B             			cmp	a,'+'
0BBDB7 74                			mv	a,b
0BBDB8 1A 05             			jrnz	l4
0BBDBA 04 2D BA          			call	!make_add
0BBDBD 12 03             			jr	l5
0BBDBF 04 48 BA          	l4:		call	!make_sub
0BBDC2 80 00             	l5:		mv	a,(bp+!src_work1)
0BBDC4 06                			ret
0BBDC5 61 03 FF          	l6:		cmp	(bp+!src_work2),$ff
0BBDC8 18 C5             			jrz	l7
0BBDCA 98 00 2A          			mv	a,[(bp+!src_local)]	;A is constant,B is coded
0BBDCD 60 2D             			cmp	a,'-'
0BBDCF 18 70             			jrz	l8
0BBDD1 C0 00 03          			ex	(bp+!src_work1),(bp+!src_work2)
0BBDD4 9C 80 2A 02       			mv	x,[(bp+!src_local)+2]
0BBDD8 BC 80 2A 06       			mv	[(bp+!src_local)+6],x		
0BBDDC 9C 80 2A 06       	l9:		mv	x,[(bp+!src_local)+6]
0BBDE0 98 00 2A          			mv	a,[(bp+!src_local)]
0BBDE3 60 2B             			cmp	a,'+'
0BBDE5 4F                			pushs	f
0BBDE6 61 00 02          			cmp	(bp+!src_work1),2
0BBDE9 1E 07             			jrnc	l10		
0BBDEB FD 04             			mv	a,x			;Write 'add a,imm8' or 'sub a,imm8'
0BBDED 75                			mv	b,a
0BBDEE 08 40             			mv	a,$40
0BBDF0 12 18             			jr	l10_2
0BBDF2 1A 30             	l10:		jrnz	l11
0BBDF4 7C 04             			dec	x
0BBDF6 18 1D             			jrz	l10_3
0BBDF8 6C 04             	l10_6:		inc	x
0BBDFA 08 0B             			mv	a,$b			;Write 'mv i,imm16'
0BBDFC 04 72 B5          			call	!objout1
0BBDFF FD 24             			mv	ba,x
0BBE01 04 8D B5          			call	!objout2
0BBE04 04 A7 BE          			call	modify_int
0BBE07 0A 44 23          			mv	ba,$2344		;Write 'add ba,i' or 'sub ba,i'
0BBE0A 5F                	l10_2:		pops	f
0BBE0B 18 02             			jrz	l10_1
0BBE0D 40 08             			add	a,8
0BBE0F 04 8D B5          	l10_1:		call	!objout2
0BBE12 80 00             			mv	a,(bp+!src_work1)
0BBE14 06                			ret
0BBE15 65 01 02          	l10_3:		test	(bp+!src_work1+1),2
0BBE18 1B 22             			jrnz	l10_6
0BBE1A 0A 6C 02          			mv	ba,$026c		;Write 'inc ba' or 'dec ba'
0BBE1D 5F                	l10_5:		pops	f
0BBE1E 19 11             			jrz	l10_1
0BBE20 40 10             			add	a,$10
0BBE22 13 15             	l10_4:		jr	l10_1
0BBE24 7C 04             	l11:		dec	x
0BBE26 18 0F             			jrz	l11_1
0BBE28 6C 04             	l11_2:		inc	x
0BBE2A 08 0D             			mv	a,$d			;Write 'mv y,imm20'
0BBE2C 04 72 B5          			call	!objout1
0BBE2F 04 AE B5          			call	!objout3
0BBE32 0A 45 45          			mv	ba,$4545
0BBE35 13 2D             			jr	l10_2
0BBE37 65 01 02          	l11_1:		test	(bp+!src_work1+1),2
0BBE3A 1B 14             			jrnz	l11_2
0BBE3C 0A 6C 04          			mv	ba,$046c		;Write 'inc x' or 'dec x'
0BBE3F 13 24             			jr	l10_5
0BBE41 80 03             	l8:		mv	a,(bp+!src_work2)	;A is constant,B is coded,sub
0BBE43 FD 10             			mv	il,a			;Write 'mv r,r'
0BBE45 EE                			swap	a
0BBE46 46 01             			add	a,il
0BBE48 40 10             			add	a,$10
0BBE4A 75                			mv	b,a
0BBE4B 08 FD             			mv	a,$fd
0BBE4D 04 8D B5          			call	!objout2
0BBE50 61 03 02          			cmp	(bp+!src_work2),2
0BBE53 1E 0F             			jrnc	l8_1
0BBE55 98 80 2A 02       			mv	a,[(bp+!src_local)+2]	;Write 'mv a,imm8'
0BBE59 75                			mv	b,a
0BBE5A 08 08             			mv	a,$08
0BBE5C 04 8D B5          			call	!objout2
0BBE5F 0A 4E 01          			mv	ba,$014e
0BBE62 12 14             			jr	l8_2
0BBE64 1A 18             	l8_1:		jrnz	l8_3
0BBE66 08 0A             			mv	a,$0a			;Write 'mv ba,imm16'
0BBE68 04 72 B5          			call	!objout1
0BBE6B 9A 80 2A 02       			mv	ba,[(bp+!src_local)+2]
0BBE6F 04 8D B5          			call	!objout2
0BBE72 04 A7 BE          			call	modify_int
0BBE75 0A 4C 23          			mv	ba,$234c
0BBE78 04 8D B5          	l8_2:		call	!objout2
0BBE7B 80 03             			mv	a,(bp+!src_work2)
0BBE7D 06                			ret
0BBE7E 08 0C             	l8_3:		mv	a,$0c			;Write 'mv x,imm20'
0BBE80 04 72 B5          			call	!objout1
0BBE83 9C 80 2A 02       			mv	x,[(bp+!src_local)+2]
0BBE87 04 AE B5          			call	!objout3
0BBE8A 0A 4D 45          			mv	ba,$454d
0BBE8D 13 17             			jr	l8_2
0BBE8F 98 00 2A          	l7:		mv	a,[(bp+!src_local)]	;Both A and B are constants
0BBE92 9C 80 2A 02       			mv	x,[(bp+!src_local)+2]
0BBE96 9D 80 2A 06       			mv	y,[(bp+!src_local)+6]
0BBE9A 60 2B             			cmp	a,'+'
0BBE9C 1A 04             			jrnz	l7_1
0BBE9E 45 45             			add	x,y
0BBEA0 12 02             			jr	l7_2
0BBEA2 4D 45             	l7_1:		sub	x,y
0BBEA4 08 FF             	l7_2:		mv	a,$ff
0BBEA6 06                	_return:	ret
0BBEA7 65 01 02          	modify_int:	test	(bp+!src_work1+1),2
0BBEAA 19 06             			jrz	_return
0BBEAC 08 04             			mv	a,$04
0BBEAE 04 72 B5          			call	!objout1
0BBEB1 0A 07 A3          			mv	ba,!modify_int
0BBEB4 02 8D B5          			jp	!objout2
0BBEB7                   			endl
0BBEB7                   	;
0BBEB7                   			endl
0BBEB7                   	;
0BBEB7                   	exp3:		local
0BBEB7 0D 10 00 00       			mv	y,16			;Make stack frame
0BBEBB 04 BB 98          			call	!make_frame
0BBEBE                   	;
0BBEBE 04 41 B9          			call	!exp4
0BBEC1 B8 80 2A 01       	l5:		mv	[(bp+!src_local)+1],a
0BBEC5 BC 80 2A 02       			mv	[(bp+!src_local)+2],x
0BBEC9 80 12             			mv	a,(bp+!src_sym)
0BBECB B8 00 2A          			mv	[(bp+!src_local)],a
0BBECE 0C 5E A1 0B       			mv	x,!mul16
0BBED2 0D 7F A1 0B       			mv	y,!mul20
0BBED6 60 2A             			cmp	a,'*'
0BBED8 18 2E             			jrz	l2
0BBEDA 0C AB A1 0B       			mv	x,!div16
0BBEDE 0D 1C A2 0B       			mv	y,!div20
0BBEE2 60 2F             			cmp	a,'/'
0BBEE4 18 22             			jrz	l2
0BBEE6 0C BB A1 0B       			mv	x,!mod16
0BBEEA 0D 84 A2 0B       			mv	y,!mod20
0BBEEE 60 25             			cmp	a,'%'
0BBEF0 18 16             			jrz	l2
0BBEF2 0C 8A A2 0B       			mv	x,!and16
0BBEF6 0D 93 A2 0B       			mv	y,!and20
0BBEFA 60 26             			cmp	a,'&'
0BBEFC 18 0A             			jrz	l2
0BBEFE 98 80 2A 01       			mv	a,[(bp+!src_local)+1]
0BBF02 9C 80 2A 02       			mv	x,[(bp+!src_local)+2]
0BBF06 12 3B             			jr	exit
0BBF08 BC 80 2A 09       	l2:		mv	[(bp+!src_local)+9],x
0BBF0C BD 80 2A 0C       			mv	[(bp+!src_local)+12],y
0BBF10 98 80 2A 01       			mv	a,[(bp+!src_local)+1]
0BBF14 60 FF             			cmp	a,$ff
0BBF16 18 0C             			jrz	l3
0BBF18 04 1A B6          			call	!eval
0BBF1B B8 80 2A 01       			mv	[(bp+!src_local)+1],a
0BBF1F 40 28             			add	a,$28
0BBF21 04 72 B5          			call	!objout1
0BBF24 04 87 B2          	l3:		call	!getsym
0BBF27 04 41 B9          			call	!exp4
0BBF2A 60 FF             			cmp	a,$ff
0BBF2C 18 03             			jrz	l4
0BBF2E 04 1A B6          			call	!eval
0BBF31 B8 80 2A 05       	l4:		mv	[(bp+!src_local)+5],a
0BBF35 BC 80 2A 06       			mv	[(bp+!src_local)+6],x
0BBF39 F8 80 2A 27 0F    			mv	[(bp+!src_local)+15],(bp+!src_zero)
0BBF3E 04 F4 BA          			call	!make_opr
0BBF41 13 82             			jr	l5
0BBF43 0D 10 00 00       	exit:		mv	y,16			;Release stack frame
0BBF47 02 F5 98          			jp	!release_frame
0BBF4A                   			endl
0BBF4A                   	;
0BBF4A                   	exp2:		local
0BBF4A 0D 10 00 00       			mv	y,16			;Make stack frame
0BBF4E 04 BB 98          			call	!make_frame
0BBF51                   	;
0BBF51 04 B7 BE          			call	!exp3
0BBF54 B8 80 2A 01       	l5:		mv	[(bp+!src_local)+1],a
0BBF58 BC 80 2A 02       			mv	[(bp+!src_local)+2],x
0BBF5C 80 12             			mv	a,(bp+!src_sym)
0BBF5E B8 00 2A          			mv	[(bp+!src_local)],a
0BBF61 60 2B             			cmp	a,'+'
0BBF63 18 3E             			jrz	l2
0BBF65 60 2D             			cmp	a,'-'
0BBF67 18 3A             			jrz	l2
0BBF69 0C 9F A2 0B       			mv	x,!or16
0BBF6D 0D A8 A2 0B       			mv	y,!or20
0BBF71 60 7C             			cmp	a,'|'
0BBF73 18 2E             			jrz	l2
0BBF75 0C B4 A2 0B       			mv	x,!xor16
0BBF79 0D BD A2 0B       			mv	y,!xor20
0BBF7D 60 23             			cmp	a,'#'
0BBF7F 18 22             			jrz	l2
0BBF81 0C C9 A2 0B       			mv	x,!shl16
0BBF85 0D D7 A2 0B       			mv	y,!shl20
0BBF89 60 0E             			cmp	a,$0e
0BBF8B 18 16             			jrz	l2
0BBF8D 0C E5 A2 0B       			mv	x,!shr16
0BBF91 0D F5 A2 0B       			mv	y,!shr20
0BBF95 60 0D             			cmp	a,$0d
0BBF97 18 0A             			jrz	l2
0BBF99 98 80 2A 01       			mv	a,[(bp+!src_local)+1]
0BBF9D 9C 80 2A 02       			mv	x,[(bp+!src_local)+2]
0BBFA1 12 3B             			jr	exit
0BBFA3 98 80 2A 01       	l2:		mv	a,[(bp+!src_local)+1]
0BBFA7 BC 80 2A 09       			mv	[(bp+!src_local)+9],x
0BBFAB BD 80 2A 0C       			mv	[(bp+!src_local)+12],y
0BBFAF 60 FF             			cmp	a,$ff
0BBFB1 18 0C             			jrz	l3
0BBFB3 04 1A B6          			call	!eval
0BBFB6 B8 80 2A 01       			mv	[(bp+!src_local)+1],a
0BBFBA 40 28             			add	a,$28
0BBFBC 04 72 B5          			call	!objout1
0BBFBF 04 87 B2          	l3:		call	!getsym
0BBFC2 04 B7 BE          			call	!exp3
0BBFC5 60 FF             			cmp	a,$ff
0BBFC7 18 03             			jrz	l4
0BBFC9 04 1A B6          			call	!eval
0BBFCC B8 80 2A 05       	l4:		mv	[(bp+!src_local)+5],a
0BBFD0 BC 80 2A 06       			mv	[(bp+!src_local)+6],x
0BBFD4 F8 80 2A 27 0F    			mv	[(bp+!src_local)+15],(bp+!src_zero)
0BBFD9 04 F4 BA          			call	!make_opr
0BBFDC 13 8A             			jr	l5
0BBFDE 0D 10 00 00       	exit:		mv	y,16			;Release stack frame
0BBFE2 02 F5 98          			jp	!release_frame
0BBFE5                   			endl
0BBFE5                   	;
0BBFE5                   	exp1:		local
0BBFE5 0D 11 00 00       			mv	y,17			;Make stack frame
0BBFE9 04 BB 98          			call	!make_frame
0BBFEC                   	;
0BBFEC 04 4A BF          			call	!exp2
0BBFEF B8 80 2A 01       	l5:		mv	[(bp+!src_local)+1],a
0BBFF3 BC 80 2A 02       			mv	[(bp+!src_local)+2],x
0BBFF7 80 12             			mv	a,(bp+!src_sym)
0BBFF9 B8 00 2A          			mv	[(bp+!src_local)],a
0BBFFC 09 00             			mv	il,0
0BBFFE 60 01             			cmp	a,1			;A != B
0BC000 18 28             			jrz	l2
0BC002 09 04             			mv	il,4
0BC004 60 04             			cmp	a,4			;A == B
0BC006 18 22             			jrz	l2
0BC008 09 0F             			mv	il,15
0BC00A 60 3E             			cmp	a,'>'			;A > B
0BC00C 18 1C             			jrz	l2
0BC00E 09 0E             			mv	il,14
0BC010 60 3C             			cmp	a,'<'			;A < B
0BC012 18 16             			jrz	l2
0BC014 09 0A             			mv	il,10
0BC016 60 03             			cmp	a,3			;A >= B
0BC018 18 10             			jrz	l2
0BC01A 09 0B             			mv	il,11
0BC01C 60 02             			cmp	a,2			;A <= B
0BC01E 18 0A             			jrz	l2
0BC020 98 80 2A 01       			mv	a,[(bp+!src_local)+1]
0BC024 9C 80 2A 02       			mv	x,[(bp+!src_local)+2]
0BC028 12 4F             			jr	exit
0BC02A 08 2D             	l2:		mv	a,'-'
0BC02C B8 00 2A          			mv	[(bp+!src_local)],a
0BC02F FD 01             			mv	a,il
0BC031 B8 80 2A 10       			mv	[(bp+!src_local)+16],a
0BC035 70 03             			and	a,3
0BC037 B8 80 2A 0F       			mv	[(bp+!src_local)+15],a
0BC03B 98 80 2A 01       			mv	a,[(bp+!src_local)+1]
0BC03F 60 FF             			cmp	a,$ff
0BC041 18 0C             			jrz	l3
0BC043 04 1A B6          			call	!eval
0BC046 B8 80 2A 01       			mv	[(bp+!src_local)+1],a
0BC04A 40 28             			add	a,$28
0BC04C 04 72 B5          			call	!objout1
0BC04F 04 87 B2          	l3:		call	!getsym
0BC052 04 4A BF          			call	!exp2
0BC055 60 FF             			cmp	a,$ff
0BC057 18 03             			jrz	l4
0BC059 04 1A B6          			call	!eval
0BC05C B8 80 2A 05       	l4:		mv	[(bp+!src_local)+5],a
0BC060 BC 80 2A 06       			mv	[(bp+!src_local)+6],x
0BC064 04 F4 BA          	l4_1:		call	!make_opr
0BC067 4F                			pushs	f
0BC068 60 FF             			cmp	a,$ff
0BC06A 98 80 2A 10       			mv	a,[(bp+!src_local)+16]
0BC06E 18 10             			jrz	const_relative
0BC070 5F                			pops	f
0BC071 9F                			rc
0BC072 F4                			shr	a
0BC073 9F                			rc
0BC074 F4                			shr	a
0BC075 40 20             			add	a,$20
0BC077 13 8A             			jr	l5
0BC079 0D 11 00 00       	exit:		mv	y,17			;Release stack frame
0BC07D 02 F5 98          			jp	!release_frame
0BC080 9F                	const_relative:	rc
0BC081 F4                			shr	a
0BC082 9F                			rc
0BC083 F4                			shr	a
0BC084 E6                			rol	a
0BC085 40 18             			add	a,$18
0BC087 A8 90 C0 0B       			mv	[jump],a
0BC08B 0C 00 00 00       			mv	x,0
0BC08F 5F                			pops	f
0BC090 12 04             	jump:		jr	jump1
0BC092 0C 01 00 00       			mv	x,1
0BC096 08 FF             	jump1:		mv	a,$ff
0BC098 13 AB             			jr	l5		
0BC09A                   			endl
0BC09A                   	;
0BC09A                   	exp:		local
0BC09A 0D 10 00 00       			mv	y,16			;Make stack frame
0BC09E 04 BB 98          			call	!make_frame
0BC0A1                   	;
0BC0A1 04 E5 BF          			call	!exp1
0BC0A4 B8 80 2A 01       	l5:		mv	[(bp+!src_local)+1],a
0BC0A8 BC 80 2A 02       			mv	[(bp+!src_local)+2],x
0BC0AC 80 12             			mv	a,(bp+!src_sym)
0BC0AE B8 00 2A          			mv	[(bp+!src_local)],a
0BC0B1 09 3D             			mv	il,'='
0BC0B3 60 3D             			cmp	a,'='			;A = B
0BC0B5 18 86             			jrz	l2
0BC0B7 09 2B             			mv	il,'+'
0BC0B9 60 05             			cmp	a,5			;A += B
0BC0BB 18 80             			jrz	l2
0BC0BD 09 2D             			mv	il,'-'
0BC0BF 60 06             			cmp	a,6			;A -= B
0BC0C1 18 7A             			jrz	l2
0BC0C3 09 2A             			mv	il,'*'
0BC0C5 0C 5E A1 0B       			mv	x,!mul16
0BC0C9 0D 7F A1 0B       			mv	y,!mul20
0BC0CD 60 07             			cmp	a,7			;A *= B
0BC0CF 18 6C             			jrz	l2
0BC0D1 09 2F             			mv	il,'/'
0BC0D3 0C AB A1 0B       			mv	x,!div16
0BC0D7 0D 1C A2 0B       			mv	y,!div20
0BC0DB 60 08             			cmp	a,8			;A /= B
0BC0DD 18 5E             			jrz	l2
0BC0DF 09 25             			mv	il,'%'
0BC0E1 0C BB A1 0B       			mv	x,!mod16
0BC0E5 0D 84 A2 0B       			mv	y,!mod20
0BC0E9 60 09             			cmp	a,9			;A %= B
0BC0EB 18 50             			jrz	l2
0BC0ED 09 26             			mv	il,'&'
0BC0EF 0C 8A A2 0B       			mv	x,!and16
0BC0F3 0D 93 A2 0B       			mv	y,!and20
0BC0F7 60 0A             			cmp	a,10			;A &= B
0BC0F9 18 42             			jrz	l2
0BC0FB 09 7C             			mv	il,'|'
0BC0FD 0C 9F A2 0B       			mv	x,!or16
0BC101 0D A8 A2 0B       			mv	y,!or20
0BC105 60 0B             			cmp	a,11			;A |= B
0BC107 18 34             			jrz	l2
0BC109 09 23             			mv	il,'#'
0BC10B 0C B4 A2 0B       			mv	x,!xor16
0BC10F 0D BD A2 0B       			mv	y,!xor20
0BC113 60 0C             			cmp	a,12			;A #= B
0BC115 18 26             			jrz	l2
0BC117 09 0E             			mv	il,$0e
0BC119 0C C9 A2 0B       			mv	x,!shl16
0BC11D 0D D7 A2 0B       			mv	y,!shl20
0BC121 60 FF             			cmp	a,$ff			;A <<= B
0BC123 18 18             			jrz	l2
0BC125 09 0D             			mv	il,$0d
0BC127 0C E5 A2 0B       			mv	x,!shr16
0BC12B 0D F5 A2 0B       			mv	y,!shr20
0BC12F 60 0F             			cmp	a,$0f			;A >>= B
0BC131 18 0A             			jrz	l2
0BC133 98 80 2A 01       			mv	a,[(bp+!src_local)+1]
0BC137 9C 80 2A 02       			mv	x,[(bp+!src_local)+2]
0BC13B 12 C3             			jr	exit
0BC13D B9 00 2A          	l2:		mv	[(bp+!src_local)],il
0BC140 29                			pushu	il
0BC141 BC 80 2A 09       			mv	[(bp+!src_local)+9],x
0BC145 BD 80 2A 0C       			mv	[(bp+!src_local)+12],y
0BC149 98 80 2A 01       			mv	a,[(bp+!src_local)+1]
0BC14D FD 10             			mv	il,a
0BC14F 60 10             			cmp	a,$10
0BC151 16 EB CA          			jpc	!err9			;Can't equ
0BC154 60 1E             			cmp	a,$1e
0BC156 17 EB CA          			jpnc	!err9
0BC159 08 2C             			mv	a,$2c			;Write 'pushu x'
0BC15B 04 72 B5          			call	!objout1
0BC15E 38                			popu	a
0BC15F 60 3D             			cmp	a,'='
0BC161 1A 55             			jrnz	equ_with_opr
0BC163 FD 01             			mv	a,il
0BC165 09 02             			mv	il,2
0BC167 60 18             			cmp	a,$18
0BC169 1C 14             			jrc	l2_0
0BC16B 18 10             			jrz	l2_1
0BC16D 60 1C             			cmp	a,$1c
0BC16F 18 0C             			jrz	l2_1
0BC171 09 04             			mv	il,4
0BC173 60 19             			cmp	a,$19
0BC175 18 06             			jrz	l2_1
0BC177 60 1B             			cmp	a,$1b
0BC179 18 02             			jrz	l2_1
0BC17B 09 00             			mv	il,0
0BC17D FD 01             	l2_1:		mv	a,il
0BC17F 70 07             	l2_0:		and	a,7
0BC181 B8 80 2A 01       			mv	[(bp+!src_local)+1],a
0BC185 04 87 B2          			call	!getsym			;pure assignment
0BC188 04 9A C0          			call	!exp
0BC18B 60 FF             			cmp	a,$ff
0BC18D 18 05             			jrz	l2_2
0BC18F 04 1A B6          			call	!eval
0BC192 12 22             			jr	l2_3
0BC194 98 80 2A 01       	l2_2:		mv	a,[(bp+!src_local)+1]
0BC198 28                			pushu	a
0BC199 40 08             			add	a,8
0BC19B 04 72 B5          			call	!objout1
0BC19E 60 0A             			cmp	a,$0a
0BC1A0 1E 07             			jrnc	l2_5
0BC1A2 FD 04             			mv	a,x
0BC1A4 04 72 B5          			call	!objout1
0BC1A7 12 0C             			jr	l2_4
0BC1A9 1A 07             	l2_5:		jrnz	l2_6
0BC1AB FD 24             			mv	ba,x
0BC1AD 04 8D B5          			call	!objout2
0BC1B0 12 03             			jr	l2_4
0BC1B2 04 AE B5          	l2_6:		call	!objout3		
0BC1B5 38                	l2_4:		popu	a
0BC1B6 12 2D             	l2_3:		jr	exit1
0BC1B8                   	;
0BC1B8 98 80 2A 01       	equ_with_opr:	mv	a,[(bp+!src_local)+1]
0BC1BC 04 1A B6          			call	!eval
0BC1BF B8 80 2A 01       			mv	[(bp+!src_local)+1],a
0BC1C3 40 28             			add	a,$28			;Write 'pushu r'
0BC1C5 04 72 B5          			call	!objout1
0BC1C8 04 87 B2          			call	!getsym
0BC1CB 04 9A C0          			call	!exp
0BC1CE 60 FF             			cmp	a,$ff
0BC1D0 18 03             			jrz	lx
0BC1D2 04 1A B6          			call	!eval
0BC1D5 B8 80 2A 05       	lx:		mv	[(bp+!src_local)+5],a
0BC1D9 BC 80 2A 06       			mv	[(bp+!src_local)+6],x
0BC1DD F8 80 2A 27 0F    			mv	[(bp+!src_local)+15],(bp+!src_zero)
0BC1E2 04 F4 BA          			call	!make_opr
0BC1E5 75                	exit1:		mv	b,a
0BC1E6 98 80 2A 01       			mv	a,[(bp+!src_local)+1]
0BC1EA DD                			ex	a,b
0BC1EB 04 63 BA          			call	!cast
0BC1EE 28                			pushu	a
0BC1EF 08 3D             			mv	a,$3d			;Write 'popu y'
0BC1F1 04 72 B5          			call	!objout1
0BC1F4 38                			popu	a
0BC1F5 28                			pushu	a
0BC1F6 40 B0             			add	a,$b0			;Write	'mv [y],r'
0BC1F8 75                			mv	b,a
0BC1F9 08 05             			mv	a,5
0BC1FB DD                			ex	a,b
0BC1FC 04 8D B5          			call	!objout2
0BC1FF 38                			popu	a
0BC200                   	;		
0BC200 0D 10 00 00       	exit:		mv	y,16			;Release stack frame
0BC204 02 F5 98          			jp	!release_frame
0BC207                   			endl
0BC207                   	;
0BC207                   	cond_exp:	local
0BC207 61 12 28          			cmp	(bp+!src_sym),'('
0BC20A 15 F1 CA          			jpnz	!err10			;'(' expected
0BC20D 04 87 B2          			call	!getsym
0BC210 04 9A C0          			call	!exp
0BC213 61 12 29          			cmp	(bp+!src_sym),')'
0BC216 15 F7 CA          			jpnz	!err11			;')' expected
0BC219 28                			pushu	a
0BC21A 2C                			pushu	x
0BC21B 04 87 B2          			call	!getsym
0BC21E 3C                			popu	x
0BC21F 38                			popu	a
0BC220 60 FF             			cmp	a,$ff
0BC222 1A 0A             			jrnz	l1
0BC224 D7 04 27          			cmpp	(bp+!src_zero),x
0BC227 08 00             			mv	a,0			;Always TRUE
0BC229 1A 02             			jrnz	l2
0BC22B 08 01             			mv	a,1			;Always FALSE
0BC22D 06                	l2:		ret
0BC22E 60 20             	l1:		cmp	a,$20
0BC230 1E 21             			jrnc	exit
0BC232 04 1A B6          			call	!eval
0BC235 60 02             			cmp	a,2
0BC237 1E 08             			jrnc	l3
0BC239 0A 60 00          			mv	ba,$0060		;Write 'cmp a,0'
0BC23C 04 8D B5          			call	!objout2
0BC23F 12 10             			jr	l4
0BC241 0A D6 02          	l3:		mv	ba,$02d6
0BC244 18 03             			jrz	l5
0BC246 0A D7 04          			mv	ba,$04d7
0BC249 04 8D B5          	l5:		call	!objout2
0BC24C 08 27             			mv	a,!src_zero
0BC24E 04 72 B5          			call	!objout1
0BC251 08 20             	l4:		mv	a,$20
0BC253 06                	exit:		ret
0BC254                   			endl
0BC254                   	;
0BC254                   	make_release:	local
0BC254 61 1E 00          			cmp	(bp+!release_size+2),0	;Write suitable object for release_frame!
0BC257 1A 20             			jrnz	l7_pnt
0BC259 61 1D 00          			cmp	(bp+!release_size+1),0
0BC25C 1A 07             			jrnz	l7_int
0BC25E 80 1C             			mv	a,(bp+!release_size)	;Char range release_frame
0BC260 75                			mv	b,a
0BC261 08 09             			mv	a,$09
0BC263 12 07             			jr	l7_rel_int
0BC265 08 0B             	l7_int:		mv	a,$0b			;Int range release_frame
0BC267 04 72 B5          			call	!objout1
0BC26A 82 1C             			mv	ba,(bp+!release_size)
0BC26C 04 8D B5          	l7_rel_int:	call	!objout2
0BC26F 08 02             			mv	a,$02
0BC271 04 72 B5          			call	!objout1
0BC274 0A F3 98          			mv	ba,!release_int
0BC277 12 12             			jr	l7_jump
0BC279 08 0D             	l7_pnt:		mv	a,$0d			;Write 'mv y,imm20'
0BC27B 04 72 B5          			call	!objout1
0BC27E 84 1C             			mv	x,(bp+!release_size)
0BC280 04 AE B5          			call	!objout3
0BC283 08 02             			mv	a,$02			;Write 'jp release_frame'
0BC285 04 72 B5          			call	!objout1
0BC288 0A F5 98          			mv	ba,!release_frame
0BC28B 02 8D B5          	l7_jump:	jp	!objout2
0BC28E                   			endl
0BC28E                   	;
0BC28E                   	statement:	local
0BC28E 0D 09 00 00       			mv	y,9			;Make stack frame
0BC292 04 BB 98          			call	!make_frame
0BC295                   	;
0BC295 04 6B A2          			call	!user_break
0BC298 61 2D 00          			cmp	(bp+!prcs_head),0
0BC29B 1A 05             			jrnz	statement2
0BC29D 08 FE             			mv	a,$fe
0BC29F 04 72 B5          			call	!objout1		;Write 'IR'
0BC2A2 80 12             	statement2:	mv	a,(bp+!src_sym)
0BC2A4 60 7B             			cmp	a,'{'
0BC2A6 1A 19             			jrnz	block2
0BC2A8                   	;
0BC2A8                   	block:		local
0BC2A8 04 87 B2          			call	!getsym			; { [statement ;]* }
0BC2AB 61 12 7D          			cmp	(bp+!src_sym),'}'
0BC2AE 18 0B             			jrz	l1
0BC2B0 04 8E C2          			call	!statement
0BC2B3 61 12 3B          			cmp	(bp+!src_sym),';'
0BC2B6 19 10             			jrz	..!block
0BC2B8 02 D9 CA          			jp	!err6
0BC2BB 04 87 B2          	l1:		call	!getsym
0BC2BE 02 C0 C4          			jp	..!exit
0BC2C1                   			endl
0BC2C1                   	;
0BC2C1 60 5B             	block2:		cmp	a,'['
0BC2C3 1A 1D             			jrnz	if
0BC2C5 6D 2D             			inc	(bp+!prcs_head)
0BC2C7                   	_block2:	local
0BC2C7 04 87 B2          			call	!getsym			; [ [statement ;]* ]
0BC2CA 61 12 5D          			cmp	(bp+!src_sym),']'
0BC2CD 18 0B             			jrz	l1
0BC2CF 04 8E C2          			call	!statement
0BC2D2 61 12 3B          			cmp	(bp+!src_sym),';'
0BC2D5 19 10             			jrz	..!_block2
0BC2D7 02 D9 CA          			jp	!err6
0BC2DA 04 87 B2          	l1:		call	!getsym
0BC2DD 7D 2D             			dec	(bp+!prcs_head)
0BC2DF 02 C0 C4          			jp	..!exit
0BC2E2                   			endl
0BC2E2                   	;
0BC2E2 60 16             	if:		cmp	a,$16
0BC2E4 1A 78             			jrnz	while
0BC2E6                   	_if:		local
0BC2E6 04 87 B2          			call	!getsym			;if cond_exp ...
0BC2E9 04 07 C2          			call	!cond_exp
0BC2EC 60 00             			cmp	a,0
0BC2EE 1A 04             			jrnz	l1
0BC2F0 08 16             			mv	a,$0a+$0c
0BC2F2 12 06             			jr	l2
0BC2F4 60 01             	l1:		cmp	a,1
0BC2F6 1A 02             			jrnz	l2
0BC2F8 08 0E             			mv	a,$02+$0c
0BC2FA 48 0C             	l2:		sub	a,$c
0BC2FC 04 72 B5          			call	!objout1		;Write 'JPcc' on FALSE
0BC2FF FA 00 2A 19       			mvp	[(bp+!src_local)],(bp+!obj_adr)
0BC303 04 8D B5          			call	!objout2
0BC306 04 8E C2          			call	!statement
0BC309 61 12 17          			cmp	(bp+!src_sym),$17
0BC30C 18 15             			jrz	l3
0BC30E 85 19             			mv	y,(bp+!obj_adr)		;No 'ELSE'
0BC310 9C 00 2A          			mv	x,[(bp+!src_local)]
0BC313 04 EA B4          			call	!movobj
0BC316 FD 25             			mv	ba,y
0BC318 04 8D B5          			call	!objout2		;Write Jump address on FALSE
0BC31B FD 45             			mv	x,y
0BC31D 04 EA B4          			call	!movobj
0BC320 02 C0 C4          			jp	..!exit
0BC323 08 02             	l3:		mv	a,$02			;With 'ELSE'
0BC325 04 72 B5          			call	!objout1
0BC328 FA 80 2A 19 03    			mvp	[(bp+!src_local)+3],(bp+!obj_adr)
0BC32D 04 8D B5          			call	!objout2
0BC330 85 19             			mv	y,(bp+!obj_adr)
0BC332 9C 00 2A          			mv	x,[(bp+!src_local)]
0BC335 04 EA B4          			call	!movobj
0BC338 FD 25             			mv	ba,y
0BC33A 04 8D B5          			call	!objout2		;Write Jump address on FALSE
0BC33D FD 45             			mv	x,y
0BC33F 04 EA B4          			call	!movobj
0BC342 04 87 B2          			call	!getsym
0BC345 04 8E C2          			call	!statement
0BC348 85 19             			mv	y,(bp+!obj_adr)
0BC34A 9C 80 2A 03       			mv	x,[(bp+!src_local)+3]
0BC34E 04 EA B4          			call	!movobj
0BC351 FD 25             			mv	ba,y
0BC353 04 8D B5          			call	!objout2		;Write Jump address on TURE
0BC356 FD 45             			mv	x,y
0BC358 04 EA B4          			call	!movobj
0BC35B 02 C0 C4          			jp	..!exit
0BC35E                   			endl
0BC35E                   	;
0BC35E 60 18             	while:		cmp	a,$18
0BC360 1A 91             			jrnz	do
0BC362                   	_while:		local
0BC362 88 47 D0 0B       			mv	a,[!while_links]
0BC366 6C 00             			inc	a
0BC368 A8 47 D0 0B       			mv	[!while_links],a
0BC36C FA 00 2A 19       			mvp	[(bp+!src_local)],(bp+!obj_adr)
0BC370 04 87 B2          			call	!getsym
0BC373 04 07 C2          			call	!cond_exp
0BC376 60 00             			cmp	a,0
0BC378 1A 04             			jrnz	l1
0BC37A 08 12             			mv	a,$12
0BC37C 12 10             			jr	l2
0BC37E 60 01             	l1:		cmp	a,1
0BC380 1A 04             			jrnz	l2_1
0BC382 08 08             			mv	a,$08
0BC384 12 08             			jr	l2
0BC386 48 20             	l2_1:		sub	a,$20
0BC388 68 01             			xor	a,1
0BC38A 46 00             			add	a,a
0BC38C 40 18             			add	a,$18			;Make 'JR!cc +3'
0BC38E 75                	l2:		mv	b,a
0BC38F 08 03             			mv	a,3
0BC391 DD                			ex	a,b
0BC392 04 8D B5          			call	!objout2
0BC395 8C 44 D0 0B       			mv	x,[!while_out]
0BC399 BC 80 2A 06       			mv	[(bp+!src_local)+6],x
0BC39D DA 44 D0 0B 19    			mvp	[!while_out],(bp+!obj_adr)
0BC3A2 08 02             			mv	a,$02
0BC3A4 04 72 B5          			call	!objout1
0BC3A7 FA 80 2A 19 03    			mvp	[(bp+!src_local)+3],(bp+!obj_adr)
0BC3AC 04 8D B5          			call	!objout2		;Write 'JP' on LOOP OUT
0BC3AF 04 8E C2          			call	!statement
0BC3B2 04 C7 C4          			call	..!length
0BC3B5 1E 0A             			jrnc	l3
0BC3B7 FD 04             			mv	a,x
0BC3B9 75                			mv	b,a
0BC3BA 08 13             			mv	a,$13			;Write 'JR- imm8'
0BC3BC 04 8D B5          			call	!objout2
0BC3BF 12 0B             			jr	l4
0BC3C1 08 02             	l3:		mv	a,$02			;Write 'JP imm16'
0BC3C3 04 72 B5          			call	!objout1
0BC3C6 9A 00 2A          			mv	ba,[(bp+!src_local)]
0BC3C9 04 8D B5          			call	!objout2
0BC3CC 85 19             	l4:		mv	y,(bp+!obj_adr)
0BC3CE 9C 80 2A 03       			mv	x,[(bp+!src_local)+3]
0BC3D2 04 EA B4          			call	!movobj
0BC3D5 FD 25             			mv	ba,y
0BC3D7 04 8D B5          			call	!objout2
0BC3DA FD 45             			mv	x,y
0BC3DC 04 EA B4          			call	!movobj
0BC3DF 88 47 D0 0B       			mv	a,[!while_links]
0BC3E3 7C 00             			dec	a
0BC3E5 A8 47 D0 0B       			mv	[!while_links],a
0BC3E9 9C 80 2A 06       			mv	x,[(bp+!src_local)+6]
0BC3ED AC 44 D0 0B       			mv	[!while_out],x
0BC3F1 12 CD             			jr	..!exit
0BC3F3                   			endl
0BC3F3                   	;
0BC3F3 60 19             	do:		cmp	a,$19
0BC3F5 1A 47             			jrnz	inline
0BC3F7                   	_do:		local
0BC3F7 FA 00 2A 19       			mvp	[(bp+!src_local)],(bp+!obj_adr)
0BC3FB 04 87 B2          			call	!getsym
0BC3FE 04 8E C2          			call	!statement
0BC401 61 12 1A          			cmp	(bp+!src_sym),$1a
0BC404 15 C7 CA          			jpnz	!err3			;'UNTIL' expected
0BC407 04 87 B2          			call	!getsym
0BC40A 04 07 C2          			call	!cond_exp
0BC40D 28                			pushu	a
0BC40E 04 C7 C4          			call	..!length
0BC411 FD 04             			mv	a,x
0BC413 75                			mv	b,a
0BC414 38                			popu	a
0BC415 1E 13             			jrnc	l1
0BC417 60 01             			cmp	a,1
0BC419 1C A5             			jrc	..!exit
0BC41B 1A 02             			jrnz	l2
0BC41D 08 1D             			mv	a,($13-$19)/2+$20	;Write 'JR- imm8'
0BC41F 48 20             	l2:		sub	a,$20
0BC421 9F                			rc
0BC422 F6                			shl	a
0BC423 40 19             			add	a,$19
0BC425 04 8D B5          			call	!objout2
0BC428 12 96             			jr	..!exit
0BC42A 60 01             	l1:		cmp	a,1
0BC42C 1C 92             			jrc	..!exit
0BC42E 1A 02             			jrnz	l3
0BC430 08 0E             			mv	a,$02+$0c
0BC432 48 0C             	l3:		sub	a,$0c
0BC434 04 72 B5          			call	!objout1		;Write 'JPcc' on FALSE
0BC437 FD 25             			mv	ba,y
0BC439 04 8D B5          			call	!objout2
0BC43C 12 82             			jr	..!exit
0BC43E                   			endl
0BC43E                   	;
0BC43E 60 13             	inline:		cmp	a,$13
0BC440 1A 28             			jrnz	return
0BC442                   	_inline:	local
0BC442 04 87 B2          			call	!getsym
0BC445 61 12 28          			cmp	(bp+!src_sym),'('
0BC448 15 F1 CA          			jpnz	!err10			;'(' expected
0BC44B 04 87 B2          	l2:		call	!getsym
0BC44E 04 9A C0          			call	!exp
0BC451 60 FF             			cmp	a,$ff
0BC453 1A 05             			jrnz	l1
0BC455 FD 04             			mv	a,x
0BC457 04 72 B5          			call	!objout1
0BC45A 61 12 2C          	l1:		cmp	(bp+!src_sym),','
0BC45D 19 14             			jrz	l2
0BC45F 61 12 29          			cmp	(bp+!src_sym),')'
0BC462 15 F7 CA          			jpnz	!err11			;')' expected
0BC465 04 87 B2          			call	!getsym
0BC468 12 56             			jr	..!exit
0BC46A                   			endl
0BC46A                   	;
0BC46A 60 14             	return:		cmp	a,$14
0BC46C 1A 1D             			jrnz	p_exit
0BC46E                   	;
0BC46E                   	_return:	local
0BC46E 04 87 B2          			call	!getsym
0BC471 04 9A C0          			call	!exp
0BC474 04 1A B6          			call	!eval
0BC477 75                			mv	b,a
0BC478 80 1F             			mv	a,(bp+!func_type)
0BC47A 60 00             			cmp	a,0
0BC47C 14 C7 CA          			jpz	!err3			;Can't use 'return' in main
0BC47F 48 10             			sub	a,$10
0BC481 F6                			shl	a
0BC482 DD                			ex	a,b
0BC483 04 63 BA          			call	!cast
0BC486 04 54 C2          			call	!make_release
0BC489 12 35             			jr	..!exit
0BC48B                   			endl
0BC48B                   	;
0BC48B 60 1B             	p_exit:		cmp	a,$1b
0BC48D 1A 10             			jrnz	break
0BC48F                   	;
0BC48F                   	_p_exit:	local
0BC48F 08 02             			mv	a,$02
0BC491 04 72 B5          			call	!objout1
0BC494 0A C5 9B          			mv	ba,!terminate
0BC497 04 8D B5          			call	!objout2
0BC49A 04 87 B2          			call	!getsym
0BC49D 12 21             			jr	..!exit
0BC49F                   			endl
0BC49F                   	;
0BC49F 60 1E             	break:		cmp	a,$1e
0BC4A1 1A 1A             			jrnz	expression
0BC4A3                   	;
0BC4A3                   	_break:		local
0BC4A3 88 47 D0 0B       			mv	a,[!while_links]
0BC4A7 60 00             			cmp	a,0
0BC4A9 14 C7 CA          			jpz	!err3			;Used BREAK out of WHILE
0BC4AC 08 02             			mv	a,$02
0BC4AE 04 72 B5          			call	!objout1
0BC4B1 8A 44 D0 0B       			mv	ba,[!while_out]
0BC4B5 04 8D B5          			call	!objout2
0BC4B8 04 87 B2          			call	!getsym
0BC4BB 12 03             			jr	..!exit
0BC4BD                   			endl
0BC4BD                   	;
0BC4BD 04 9A C0          	expression:	call	!exp
0BC4C0                   	;
0BC4C0 0D 09 00 00       	exit:		mv	y,9			;Release stack frame
0BC4C4 02 F5 98          			jp	!release_frame
0BC4C7                   	;
0BC4C7 84 19             	length:		mv	x,(bp+!obj_adr)
0BC4C9 9D 00 2A          			mv	y,[(bp+!src_local)]
0BC4CC 4D 45             			sub	x,y
0BC4CE 6C 04             			inc	x
0BC4D0 6C 04             			inc	x
0BC4D2 2C                			pushu	x
0BC4D3 08 FF             			mv	a,255
0BC4D5 4D 40             			sub	x,a
0BC4D7 3C                			popu	x
0BC4D8 06                			ret
0BC4D9                   	;
0BC4D9                   			endl
0BC4D9                   	;
0BC4D9                   			include	main.s
0BC4D9 AF A9 B1 0B       	main:		mv	[!s_stack],s
0BC4DD AE AC B1 0B       			mv	[!u_stack],u
0BC4E1 04 52 98          			call	!interrupt1
0BC4E4 CC 0B 00          			mv	(bp+src_stat),0
0BC4E7 CC 2D 00          			mv	(bp+prcs_head),0
0BC4EA C9 0C 27          			mvw	(bp+line1),(bp+src_zero)
0BC4ED C9 0E 0C          			mvw	(bp+line2),(bp+line1)
0BC4F0 0C FF F7 0B       			mv	x,table_end
0BC4F4 08 FF             			mv	a,$ff
0BC4F6 B0 04             			mv	[x],a
0BC4F8 A4 16             			mv	(bp+src_table),x
0BC4FA DC 19 61 D0 0B    			mvp	(bp+obj_adr),obj_start
0BC4FF DC 34 61 D0 0B    			mvp	(bp+obj_pnt),obj_start
0BC504 0D F8 B0 0B       			mv	y,symbuf+16
0BC508 2D                			pushu	y
0BC509 0D 39 D0 0B       			mv	y,start_symbol
0BC50D 2D                			pushu	y
0BC50E 04 A2 9E          			call	strcpy		
0BC511 0C FE B0 0B       			mv	x,!symbuf+22
0BC515 AC 41 D0 0B       			mv	[!symadr],x
0BC519 71 06 00          			and	(bp+!src_symswitch),0
0BC51C 72 47 D0 0B 00    			and	[!while_links],0
0BC521 72 4B D0 0B 00    			and	[!txtcount],0
0BC526 72 50 D0 0B 00    			and	[!objcount],0
0BC52B 04 B8 B4          			call	flush_obj
0BC52E                   	;
0BC52E                   	option:		local
0BC52E 3C                			popu	x
0BC52F 2C                			pushu	x
0BC530 90 24             	l1:		mv	a,[x++]
0BC532 60 0D             			cmp	a,$0d
0BC534 18 5A             			jrz	exit
0BC536 60 2D             			cmp	a,'-'
0BC538 1B 0A             			jrnz	l1
0BC53A 90 24             			mv	a,[x++]
0BC53C 78 20             			or	a,$20
0BC53E 60 66             	l2_1:		cmp	a,'f'
0BC540 1A 0A             			jrnz	l2
0BC542 79 0B 08          			or	(bp+!src_stat),8
0BC545 DC 34 C2 B1 0B    			mvp	(bp+!obj_pnt),!getch
0BC54A 12 04             			jr	l2_2
0BC54C 60 6F             	l2:		cmp	a,'o'
0BC54E 1A 1E             			jrnz	l3
0BC550 2C                	l2_2:		pushu	x
0BC551 0C 00 00 00       			mv	x,0
0BC555 2C                			pushu	x
0BC556 04 19 A0          			call	!fcreat
0BC559 6C 02             			inc ba
0BC55B 14 9F CA          			jpz	!error3			;Can't open object
0BC55E 7C 00             			dec	a
0BC560 A0 3E             			mv	(bp+!obj_handle),a
0BC562 79 0B 10          			or	(bp+!src_stat),$10
0BC565 DC 19 C2 B1 0B    			mvp	(bp+!obj_adr),!getch
0BC56A 84 07             			mv	x,(bp+!src_pnt)
0BC56C 13 3E             			jr	l1
0BC56E 60 73             	l3:		cmp	a,'s'
0BC570 15 99 CA          			jpnz	!error2			;Bad option
0BC573 2C                			pushu	x
0BC574 0C 01 00 00       			mv	x,1
0BC578 2C                			pushu	x
0BC579 04 1E A0          			call	!fopen
0BC57C 6C 02             			inc	ba
0BC57E 14 93 CA          			jpz	!error1			;Source not open
0BC581 7C 00             			dec	a
0BC583 A0 0A             			mv	(bp+!src_handle),a
0BC585 79 0B 01          			or	(bp+!src_stat),1
0BC588 84 07             			mv	x,(bp+!src_pnt)
0BC58A CD 0E 01 00       			mvw	(bp+!line2),1
0BC58E 13 60             			jr	l1
0BC590                   	exit:		endl
0BC590                   	;
0BC590 7C 04             			dec	x
0BC592 3D                			popu	y
0BC593 2C                			pushu	x
0BC594 30 71 FB 7F       			and	($fb),$7f
0BC598 0E 00 F0 0B       			mv	u,ctime_u_top
0BC59C 30 79 FB 80       			or	($fb),$80
0BC5A0 65 0B 01          			test	(bp+!src_stat),1
0BC5A3 1A 60             			jrnz	l1_2
0BC5A5 8C 0E FD 0B       			mv	x,[basic_work_top]
0BC5A9 08 72             			mv	a,$72
0BC5AB 45 40             			add	x,a
0BC5AD 0D E8 B0 0B       			mv	y,symbuf
0BC5B1 08 53             			mv	a,'S'
0BC5B3 75                			mv	b,a
0BC5B4 90 24             			mv	a,[x++]
0BC5B6 40 31             			add	a,$31
0BC5B8 DD                			ex	a,b
0BC5B9 B2 25             			mv	[y++],ba
0BC5BB 08 3A             			mv	a,':'
0BC5BD B0 25             			mv	[y++],a
0BC5BF 09 04             			mv	il,4
0BC5C1 92 24             	copyname1:	mv	ba,[x++]
0BC5C3 B2 25             			mv	[y++],ba
0BC5C5 7C 01             			dec	il
0BC5C7 1B 08             			jrnz	copyname1
0BC5C9 08 2E             			mv	a,'.'
0BC5CB B0 25             			mv	[y++],a
0BC5CD 09 03             			mv	il,3
0BC5CF 90 24             	copyname2:	mv	a,[x++]
0BC5D1 B0 25             			mv	[y++],a
0BC5D3 7C 01             			dec	il
0BC5D5 1B 08             			jrnz	copyname2
0BC5D7 08 00             			mv	a,0
0BC5D9 B0 05             			mv	[y],a
0BC5DB 08 01             			mv	a,1
0BC5DD 09 01             			mv	il,1
0BC5DF 0C E8 B0 0B       			mv	x,symbuf
0BC5E3 05 E4 FF 0F       			callf	fcntl
0BC5E7 16 93 CA          			jpc	error1			;Source not opened
0BC5EA                   	;
0BC5EA 22 C8 0A D6       			mv	(bp+src_handle),(cl)
0BC5EE 09 0A             			mv	il,$a
0BC5F0 08 00             			mv	a,0
0BC5F2 05 E4 FF 0F       			callf	fcntl
0BC5F6 72 4C D0 0B 00    			and	[dev_attr],0
0BC5FB 74                			mv	a,b
0BC5FC 64 20             			test	a,$20
0BC5FE 1A 05             			jrnz	l1_2			;Jump if CHAR-DEV.
0BC600 7A 4C D0 0B 01    			or	[dev_attr],1		
0BC605                   	;
0BC605 79 0B 01          	l1_2:		or	(bp+src_stat),1
0BC608 09 08             			mv	il,8
0BC60A 30 C8 D6 0A       			mv	(cl),(bp+src_handle)
0BC60E 08 80             			mv	a,$80
0BC610 05 E4 FF 0F       			callf	fcntl			;non-destructive char read
0BC614 60 FF             			cmp	a,$ff
0BC616 1A 18             			jrnz	l1_1
0BC618 71 0B FE          			and	(bp+src_stat),$fe
0BC61B 08 12             			mv	a,18
0BC61D 28                	l2:		pushu	a
0BC61E 04 2E B2          			call	_getch1
0BC621 38                			popu	a
0BC622 7C 00             			dec	a
0BC624 1B 09             			jrnz	l2
0BC626 71 0B FD          			and	(bp+src_stat),$fd
0BC629                   	;
0BC629 0A 71 A2          			mv	ba,!user_break!entry
0BC62C AA 50 98 0B       			mv	[!jump_to_obj+1],ba
0BC630                   	;
0BC630 65 0B 08          	l1_1:		test	(bp+src_stat),$08
0BC633 18 12             			jrz	l__1
0BC635 09 09             			mv	il,9			;Seek to next of Header+Runtime
0BC637 30 C8 D6 3E       			mv	(cl),(bp+obj_handle)
0BC63B 30 DC DA D2 19 00 			mvp	(si),getch - start + 16
0BC641 08 00             			mv	a,0
0BC643 05 E4 FF 0F       			callf	fcntl
0BC647 04 C2 B1          	l__1:		call	getch
0BC64A 04 87 B2          			call	getsym
0BC64D                   	;
0BC64D                   	program_begin:	local
0BC64D                   	;
0BC64D 80 12             	constant:	mv	a,(bp+!src_sym)
0BC64F 60 1D             			cmp	a,$1d
0BC651 1A 3A             			jrnz	define_var
0BC653                   	_constant:	local
0BC653 04 87 B2          			call	!getsym
0BC656 61 12 1F          			cmp	(bp+!src_sym),$1f
0BC659 15 EB CA          			jpnz	!err9			;Identifier expected
0BC65C 0A 00 01          			mv	ba,$100
0BC65F 04 D1 B5          			call	!getadd
0BC662 16 D3 CA          			jpc	!err5			;Duplicate ID
0BC665 08 00             			mv	a,0
0BC667 CC 20 10          			mv	(bp+!var_type),$10
0BC66A 04 44 C9          			call	..!make_table
0BC66D 04 87 B2          			call	!getsym
0BC670 04 9A C0          			call	!exp
0BC673 60 FF             			cmp	a,$ff
0BC675 15 E5 CA          			jpnz	!err8			;constant number expected
0BC678 A4 00             			mv	(bp+!src_work1),x
0BC67A 79 02 10          			or	(bp+!src_work1+2),$10
0BC67D FA 80 16 00 09    			mvp	[(bp+!src_table)+9],(bp+!src_work1)
0BC682 61 12 3B          			cmp	(bp+!src_sym),';'
0BC685 15 D9 CA          			jpnz	!err6			;';' expected
0BC688 04 87 B2          			call	!getsym
0BC68B 13 40             			jr	..!constant
0BC68D                   			endl
0BC68D                   	;
0BC68D 80 12             	define_var:	mv	a,(bp+!src_sym)
0BC68F 60 10             			cmp	a,$10
0BC691 1C A0             			jrc	define_proto
0BC693 60 13             			cmp	a,$13
0BC695 1E 9C             			jrnc	define_proto
0BC697                   	;
0BC697                   	_define_var:	local
0BC697 A0 20             			mv	(bp+!var_type),a
0BC699 04 87 B2          	l8:		call	!getsym
0BC69C 61 12 1F          			cmp	(bp+!src_sym),$1f
0BC69F 15 EB CA          			jpnz	!err9			;var_id expected
0BC6A2 0A 08 01          			mv	ba,$108
0BC6A5 04 D1 B5          			call	!getadd
0BC6A8 16 D3 CA          			jpc	!err5			;Duplicate id
0BC6AB 08 08             			mv	a,8
0BC6AD 04 44 C9          			call	..!make_table
0BC6B0 EA 25 19          			mvp	[y++],(bp+!obj_adr)	;Write address on table
0BC6B3 EA 36 19          			mvp	[--u],(bp+!obj_adr)
0BC6B6 04 87 B2          			call	!getsym
0BC6B9 61 12 5B          			cmp	(bp+!src_sym),'['
0BC6BC 1A 1E             			jrnz	l2
0BC6BE 04 87 B2          			call	!getsym
0BC6C1 04 9A C0          			call	!exp
0BC6C4 60 FF             			cmp	a,$ff
0BC6C6 15 E5 CA          			jpnz	!err8			;contant expected
0BC6C9 CA 00 21          			mvp	(bp+!src_work1),(bp+!var_size)
0BC6CC A4 03             			mv	(bp+!src_work2),x
0BC6CE 04 7F A1          			call	!mul20
0BC6D1 A4 21             			mv	(bp+!var_size),x
0BC6D3 61 12 5D          			cmp	(bp+!src_sym),']'
0BC6D6 15 C7 CA          			jpnz	!err3			;']' expected
0BC6D9 04 87 B2          			call	!getsym
0BC6DC 61 12 3D          	l2:		cmp	(bp+!src_sym),'='
0BC6DF 1A 3A             			jrnz	l3
0BC6E1 04 87 B2          			call	!getsym			;Initialive var
0BC6E4 61 12 7B          			cmp	(bp+!src_sym),'{'
0BC6E7 15 C7 CA          			jpnz	!err3			;'{' expected
0BC6EA 04 87 B2          	l7:		call	!getsym
0BC6ED 04 9A C0          			call	!exp
0BC6F0 60 FF             			cmp	a,$ff
0BC6F2 15 E5 CA          			jpnz	!err8			;constant expected
0BC6F5 61 20 11          			cmp	(bp+!var_type),$11
0BC6F8 1E 07             			jrnc	l4
0BC6FA FD 04             			mv	a,x
0BC6FC 04 72 B5          			call	!objout1
0BC6FF 12 0C             			jr	l5
0BC701 1A 07             	l4:		jrnz	l6
0BC703 FD 24             			mv	ba,x
0BC705 04 8D B5          			call	!objout2
0BC708 12 03             			jr	l5
0BC70A 04 AE B5          	l6:		call	!objout3
0BC70D 61 12 2C          	l5:		cmp	(bp+!src_sym),','
0BC710 19 28             			jrz	l7
0BC712 61 12 7D          			cmp	(bp+!src_sym),'}'
0BC715 15 C7 CA          			jpnz	!err3			;'}' expected
0BC718 04 87 B2          			call	!getsym
0BC71B 3C                	l3:		popu	x
0BC71C 85 21             			mv	y,(bp+!var_size)
0BC71E 45 45             			add	x,y
0BC720 04 EA B4          			call	!movobj
0BC723 61 12 2C          			cmp	(bp+!src_sym),','
0BC726 19 8F             			jrz	l8
0BC728 61 12 3B          			cmp	(bp+!src_sym),';'
0BC72B 15 D9 CA          			jpnz	!err6			;';' expected
0BC72E 04 87 B2          			call	!getsym
0BC731 13 A6             			jr	..!define_var
0BC733                   			endl
0BC733                   	;
0BC733 60 1C             	define_proto:	cmp	a,$1c
0BC735 1A 45             			jrnz	define_func
0BC737                   	_define_proto:	local
0BC737 04 87 B2          			call	!getsym
0BC73A 80 12             			mv	a,(bp+!src_sym)
0BC73C 60 10             			cmp	a,$10
0BC73E 16 DF CA          			jpc	!err7
0BC741 60 13             			cmp	a,$13
0BC743 17 DF CA          			jpnc	!err7
0BC746 A0 1F             			mv	(bp+!func_type),a
0BC748 A0 20             			mv	(bp+!var_type),a
0BC74A 04 87 B2          			call	!getsym
0BC74D 61 12 1F          			cmp	(bp+!src_sym),$1f
0BC750 15 EB CA          			jpnz	!err9			;ID expected
0BC753 0A 88 01          			mv	ba,$188
0BC756 04 D1 B5          			call	!getadd
0BC759 16 D3 CA          			jpc	!err5			;Duplicate identifier
0BC75C 08 A0             			mv	a,$a0
0BC75E 04 44 C9          			call	..!make_table
0BC761 EA 25 19          			mvp	[y++],(bp+!obj_adr)
0BC764 08 02             			mv	a,$02
0BC766 04 72 B5          			call	!objout1		;Write 'JP xxxx'
0BC769 04 8D B5          			call	!objout2
0BC76C 04 87 B2          			call	!getsym
0BC76F 61 12 3A          	l1:		cmp	(bp+!src_sym),':'
0BC772 15 03 CB          			jpnz	!err13			;':' expected
0BC775 04 87 B2          			call	!getsym
0BC778 80 12             			mv	a,(bp+!src_sym)
0BC77A 13 49             			jr	..!define_proto
0BC77C                   			endl
0BC77C                   	;
0BC77C 60 15             	define_func:	cmp	a,$15
0BC77E 15 A8 C8          			jpnz	write_main
0BC781                   	_define_func:	local
0BC781 04 87 B2          			call	!getsym
0BC784 80 12             			mv	a,(bp+!src_sym)
0BC786 60 10             			cmp	a,$10
0BC788 16 DF CA          			jpc	!err7
0BC78B 60 13             			cmp	a,$13
0BC78D 17 DF CA          			jpnc	!err7
0BC790 A0 1F             			mv	(bp+!func_type),a
0BC792 A0 20             			mv	(bp+!var_type),a
0BC794 04 87 B2          			call	!getsym
0BC797 61 12 1F          			cmp	(bp+!src_sym),$1f
0BC79A 15 EB CA          			jpnz	!err9			;ID expected
0BC79D 0A 00 01          			mv	ba,$100
0BC7A0 04 D1 B5          			call	!getadd
0BC7A3 16 D3 CA          			jpc	!err5			;Duplicate identifier
0BC7A6 0A 80 00          			mv	ba,$80
0BC7A9 04 D1 B5          			call	!getadd
0BC7AC 1E 29             			jrnc	non_proto
0BC7AE 2C                			pushu	x
0BC7AF 84 00             			mv	x,(bp+!src_work1)
0BC7B1 90 04             			mv	a,[x]
0BC7B3 70 07             			and	a,7
0BC7B5 9F                			rc
0BC7B6 F4                			shr	a
0BC7B7 40 10             			add	a,$10
0BC7B9 63 1F             			cmp	(bp+!func_type),a
0BC7BB 15 09 CB          			jpnz	!err14
0BC7BE 08 00             			mv	a,0
0BC7C0 B0 04             			mv	[x],a
0BC7C2 94 84 09          			mv	x,[x+9]
0BC7C5 6C 04             			inc	x
0BC7C7 EA 36 19          			mvp	[--u],(bp+!obj_adr)
0BC7CA 04 EA B4          			call	!movobj
0BC7CD 3C                			popu	x
0BC7CE FD 24             			mv	ba,x
0BC7D0 04 8D B5          			call	!objout2
0BC7D3 04 EA B4          			call	!movobj
0BC7D6 3C                			popu	x
0BC7D7 0A 28 00          	non_proto:	mv	ba,$28
0BC7DA 04 D1 B5          			call	!getadd
0BC7DD 16 D3 CA          			jpc	!err5			;Duplicate identifier
0BC7E0 08 20             			mv	a,$20
0BC7E2 04 44 C9          			call	..!make_table
0BC7E5 EA 25 19          			mvp	[y++],(bp+!obj_adr)
0BC7E8 CA 24 16          			mvp	(bp+!release_adr),(bp+!src_table)
0BC7EB CA 1C 27          			mvp	(bp+!release_size),(bp+!src_zero)
0BC7EE 04 87 B2          			call	!getsym
0BC7F1 61 12 28          			cmp	(bp+!src_sym),'('
0BC7F4 1A 17             			jrnz	l1
0BC7F6 04 87 B2          	l2:		call	!getsym
0BC7F9 CC 33 00          			mv	(bp+!define_type),0
0BC7FC 04 DC C8          			call	..!define_l_var
0BC7FF 61 12 3B          			cmp	(bp+!src_sym),';'
0BC802 19 0E             			jrz	l2
0BC804 61 12 29          			cmp	(bp+!src_sym),')'
0BC807 15 F7 CA          			jpnz	!err11			;')' expected
0BC80A 04 87 B2          			call	!getsym
0BC80D 61 12 3A          	l1:		cmp	(bp+!src_sym),':'
0BC810 15 03 CB          			jpnz	!err13			;':' expected
0BC813 04 87 B2          			call	!getsym
0BC816 CA 13 27          			mvp	(bp+!make_size),(bp+!src_zero)
0BC819 61 12 7B          	l4:		cmp	(bp+!src_sym),'{'
0BC81C 18 11             			jrz	l3
0BC81E CC 33 01          			mv	(bp+!define_type),1
0BC821 04 DC C8          			call	..!define_l_var
0BC824 61 12 3B          			cmp	(bp+!src_sym),';'
0BC827 15 D9 CA          			jpnz	!err6			;';' expected
0BC82A 04 87 B2          			call	!getsym
0BC82D 13 16             			jr	l4
0BC82F CA 00 16          	l3:		mvp	(bp+!src_work1),(bp+!src_table)	;Modify table
0BC832 C7 00 24          	l6:		cmpp	(bp+!src_work1),(bp+!release_adr)
0BC835 18 16             			jrz	l5
0BC837 84 1C             			mv	x,(bp+!release_size)
0BC839 9D 80 00 09       			mv	y,[(bp+!src_work1)+9]
0BC83D 4D 45             			sub	x,y
0BC83F BC 80 00 09       			mv	[(bp+!src_work1)+9],x
0BC843 84 00             			mv	x,(bp+!src_work1)
0BC845 08 0C             			mv	a,12
0BC847 45 40             			add	x,a
0BC849 A4 00             			mv	(bp+!src_work1),x
0BC84B 13 1B             			jr	l6
0BC84D 61 15 00          	l5:		cmp	(bp+!make_size+2),0	;Write suitable object for make_frame!
0BC850 1A 20             			jrnz	l5_pnt
0BC852 61 14 00          			cmp	(bp+!make_size+1),0
0BC855 1A 07             			jrnz	l5_int
0BC857 80 13             			mv	a,(bp+!make_size)	;Char range make_frame
0BC859 75                			mv	b,a
0BC85A 08 09             			mv	a,$09
0BC85C 12 07             			jr	l5_make_int
0BC85E 08 0B             	l5_int:		mv	a,$0b			;Int range make_frame
0BC860 04 72 B5          			call	!objout1
0BC863 82 13             			mv	ba,(bp+!make_size)
0BC865 04 8D B5          	l5_make_int:	call	!objout2
0BC868 08 04             			mv	a,$04
0BC86A 04 72 B5          			call	!objout1
0BC86D 0A B9 98          			mv	ba,!make_frame_int
0BC870 12 12             			jr	l5_call		
0BC872 08 0D             	l5_pnt:		mv	a,$0d			;Write 'mv y,imm20'
0BC874 04 72 B5          			call	!objout1
0BC877 84 13             			mv	x,(bp+!make_size)
0BC879 04 AE B5          			call	!objout3
0BC87C 08 04             			mv	a,$04			;Write 'call make_frame'
0BC87E 04 72 B5          			call	!objout1
0BC881 0A BB 98          			mv	ba,!make_frame
0BC884 04 8D B5          	l5_call:	call	!objout2
0BC887 04 87 B2          	l8:		call	!getsym
0BC88A 61 12 7D          			cmp	(bp+!src_sym),'}'
0BC88D 18 0B             			jrz	l7
0BC88F 04 8E C2          			call	!statement
0BC892 61 12 3B          			cmp	(bp+!src_sym),';'
0BC895 15 D9 CA          			jpnz	!err6			;';' expected
0BC898 13 13             			jr	l8
0BC89A 04 54 C2          	l7:		call	!make_release
0BC89D CA 16 24          			mvp	(bp+!src_table),(bp+!release_adr)
0BC8A0 04 87 B2          			call	!getsym
0BC8A3 80 12             			mv	a,(bp+!src_sym)
0BC8A5 02 7C C7          			jp	..!define_func
0BC8A8                   			endl
0BC8A8                   	;
0BC8A8 84 16             	write_main:	mv	x,(bp+!src_table)
0BC8AA                   	check_func:	local				;Check if there is still undefined function
0BC8AA 90 04             			mv	a,[x]
0BC8AC 60 FF             			cmp	a,$ff
0BC8AE 18 0B             			jrz	..!write_main2
0BC8B0 64 80             			test	a,$80
0BC8B2 15 0F CB          			jpnz	!err15
0BC8B5 08 0C             			mv	a,12
0BC8B7 45 40             			add	x,a
0BC8B9 13 11             			jr	..!check_func
0BC8BB                   			endl
0BC8BB                   	;
0BC8BB 61 12 7B          	write_main2:	cmp	(bp+!src_sym),'{'
0BC8BE 15 C7 CA          			jpnz	!err3			;'{' expected
0BC8C1 D9 3F D0 0B 19    			mvw	[!main_start],(bp+!obj_adr)
0BC8C6 CC 1F 00          			mv	(bp+!func_type),0
0BC8C9                   	;
0BC8C9                   	_write_main:	local
0BC8C9 04 87 B2          			call	!getsym
0BC8CC 61 12 7D          			cmp	(bp+!src_sym),'}'
0BC8CF 18 A9             			jrz	!program_end
0BC8D1 04 8E C2          			call	!statement
0BC8D4 61 12 3B          			cmp	(bp+!src_sym),';'
0BC8D7 15 D9 CA          			jpnz	!err6			;';' expected
0BC8DA 13 13             			jr	..!_write_main
0BC8DC                   			endl
0BC8DC                   	;
0BC8DC                   	define_l_var:	local
0BC8DC C8 20 12          			mv	(bp+!var_type),(bp+!src_sym)
0BC8DF 04 87 B2          	l4:		call	!getsym
0BC8E2 61 12 1F          			cmp	(bp+!src_sym),$1f
0BC8E5 15 EB CA          			jpnz	!err9			;var_id expected
0BC8E8 0A 30 00          			mv	ba,$30
0BC8EB 04 D1 B5          			call	!getadd
0BC8EE 16 D3 CA          			jpc	!err5			;Duplicate id
0BC8F1 08 10             			mv	a,$10
0BC8F3 04 44 C9          			call	..!make_table
0BC8F6 B4 25             			mv	[y++],x			;Write dummy address
0BC8F8 61 33 00          			cmp	(bp+!define_type),0
0BC8FB 1A 03             			jrnz	l3			;Argument size is always 3bytes
0BC8FD CC 21 03          			mv	(bp+!var_size),3
0BC900 04 87 B2          	l3:		call	!getsym
0BC903 61 12 5B          			cmp	(bp+!src_sym),'['
0BC906 1A 24             			jrnz	l2
0BC908 04 87 B2          			call	!getsym
0BC90B 04 9A C0          			call	!exp
0BC90E 60 FF             			cmp	a,$ff
0BC910 15 E5 CA          			jpnz	!err8			;contant expected
0BC913 61 33 00          			cmp	(bp+!define_type),0
0BC916 14 C7 CA          			jpz	!err3			;can't make array in argument
0BC919 CA 00 21          			mvp	(bp+!src_work1),(bp+!var_size)
0BC91C A4 03             			mv	(bp+!src_work2),x
0BC91E 04 7F A1          			call	!mul20
0BC921 A4 21             			mv	(bp+!var_size),x
0BC923 61 12 5D          			cmp	(bp+!src_sym),']'
0BC926 15 C7 CA          			jpnz	!err3			;']' expected
0BC929 04 87 B2          			call	!getsym
0BC92C 85 21             	l2:		mv	y,(bp+!var_size)
0BC92E 84 1C             			mv	x,(bp+!release_size)
0BC930 45 45             			add	x,y
0BC932 A4 1C             			mv	(bp+!release_size),x
0BC934 BC 80 16 09       			mv	[(bp+!src_table)+9],x
0BC938 84 13             			mv	x,(bp+!make_size)
0BC93A 45 45             			add	x,y
0BC93C A4 13             			mv	(bp+!make_size),x
0BC93E 61 12 2C          			cmp	(bp+!src_sym),','
0BC941 19 64             			jrz	l4
0BC943 06                			ret
0BC944                   			endl
0BC944                   	;
0BC944                   	make_table:	local
0BC944 85 16             			mv	y,(bp+!src_table)
0BC946 09 0C             			mv	il,12
0BC948 4D 51             			sub	y,il
0BC94A 2C                			pushu	x
0BC94B 0C 00 F0 0B       			mv	x,!ctime_u_top
0BC94F 4D 45             			sub	x,y
0BC951 17 FD CA          			jpnc	!err12			;Table overflow
0BC954 3C                			popu	x
0BC955 A5 16             			mv	(bp+!src_table),y
0BC957 28                			pushu	a
0BC958 80 20             			mv	a,(bp+!var_type)
0BC95A 48 10             			sub	a,$10
0BC95C F6                			shl	a
0BC95D 39                			popu	il
0BC95E 46 01             			add	a,il
0BC960 B0 25             			mv	[y++],a			;Write ID on table
0BC962 09 08             			mv	il,8
0BC964 0C E8 B0 0B       			mv	x,!symbuf
0BC968 90 24             	l1:		mv	a,[x++]			;Copy symbol on table
0BC96A B0 25             			mv	[y++],a
0BC96C 7C 01             			dec	il
0BC96E 1B 08             			jrnz	l1
0BC970 CA 21 27          			mvp	(bp+!var_size),(bp+!src_zero)
0BC973 80 20             			mv	a,(bp+!var_type)
0BC975 48 0F             			sub	a,$f
0BC977 A0 21             			mv	(bp+!var_size),a
0BC979 06                			ret
0BC97A                   			endl
0BC97A                   	;
0BC97A                   			endl
0BC97A                   	;
0BC97A 08 FE             	program_end:	mv	a,$fe			;Write 'IR'
0BC97C 04 72 B5          			call	objout1
0BC97F 08 02             			mv	a,$02			;Write 'jp terminate'
0BC981 04 72 B5          			call	objout1
0BC984 0A C5 9B          			mv	ba,terminate
0BC987 04 8D B5          			call	objout2
0BC98A 65 0B 08          			test	(bp+!src_stat),8
0BC98D 18 03             			jrz	no_flush_obj
0BC98F 04 B8 B4          			call	flush_obj
0BC992 84 19             	no_flush_obj:	mv	x,(bp+!obj_adr)
0BC994 08 20             			mv	a,32
0BC996 45 40             			add	x,a
0BC998 AC 3C 98 0B       			mv	[initialize!set_obj_pnt+2],x
0BC99C 8A 3F D0 0B       			mv	ba,[!main_start]
0BC9A0 AA 50 98 0B       			mv	[!jump_to_obj+1],ba
0BC9A4 FD 46             			mv	x,u
0BC9A6 0D 69 CC 0B       			mv	y,endmsg
0BC9AA 2D                			pushu	y
0BC9AB 85 19             			mv	y,(bp+!obj_adr)
0BC9AD 7C 05             			dec	y
0BC9AF 2D                			pushu	y
0BC9B0 04 94 A3          			call	!printf
0BC9B3                   	;
0BC9B3 0D F8 B0 0B       			mv	y,symbuf+16
0BC9B7 2D                			pushu	y
0BC9B8 0D 39 D0 0B       			mv	y,start_symbol
0BC9BC 2D                			pushu	y
0BC9BD 04 A2 9E          			call	strcpy		
0BC9C0 0C FE B0 0B       			mv	x,!symbuf+22
0BC9C4 AC 41 D0 0B       			mv	[!symadr],x
0BC9C8                   	;
0BC9C8 65 0B 10          			test	(bp+!src_stat),$10
0BC9CB 18 81             			jrz	compile_end
0BC9CD 09 09             			mv	il,9
0BC9CF 30 C8 D6 3E       			mv	(!cl),(bp+!obj_handle)	;Reset FilePointer
0BC9D3 30 DC DA 00 00 00 			mvp	(si),0
0BC9D9 08 00             			mv	a,0
0BC9DB 05 E4 FF 0F       			callf	!fcntl
0BC9DF D2 00 00 98 0B    			mvp	(bp+!src_work1),[!start]
0BC9E4 DA 00 98 0B 27    			mvp	[!start],(bp+!src_zero)
0BC9E9 84 19             			mv	x,(bp+!obj_adr)		;Write object to file
0BC9EB 0D 00 98 0B       			mv	y,!start
0BC9EF 4D 45             			sub	x,y
0BC9F1 AC 56 D0 0B       			mv	[!header+5],x
0BC9F5 09 04             			mv	il,04
0BC9F7 30 C8 D6 3E       			mv	(!cl),(bp+!obj_handle)
0BC9FB 0C 51 D0 0B       			mv	x,!header
0BC9FF 0D 10 00 00       			mv	y,16
0BCA03 2D                			pushu	y
0BCA04 05 E4 FF 0F       			callf	!fcntl			;Write header
0BCA08 3C                			popu	x
0BCA09 4D 45             			sub	x,y
0BCA0B 15 A5 CA          			jpnz	!error4			;Object write error
0BCA0E 09 04             			mv	il,04
0BCA10 30 C8 D6 3E       			mv	(!cl),(bp+!obj_handle)
0BCA14 0C 00 98 0B       			mv	x,!start
0BCA18 0D C2 19 00       			mv	y,!getch-!start
0BCA1C 2D                			pushu	y
0BCA1D 05 E4 FF 0F       			callf	!fcntl			;Write runtime-routine
0BCA21 3C                			popu	x
0BCA22 4D 45             			sub	x,y
0BCA24 15 A5 CA          			jpnz	!error4
0BCA27 65 0B 08          			test	(bp+!src_stat),8
0BCA2A 1A 1D             			jrnz	obj_type2		;Body had been already written
0BCA2C 85 34             			mv	y,(bp+!obj_pnt)
0BCA2E 0C 61 D0 0B       			mv	x,!obj_start
0BCA32 4D 54             			sub	y,x
0BCA34 2D                			pushu	y
0BCA35 09 04             			mv	il,04
0BCA37 30 C8 D6 3E       			mv	(!cl),(bp+!obj_handle)
0BCA3B 0C 61 D0 0B       			mv	x,!obj_start
0BCA3F 05 E4 FF 0F       			callf	!fcntl			;Write body
0BCA43 3C                			popu	x
0BCA44 4D 45             			sub	x,y
0BCA46 15 A5 CA          			jpnz	!error4
0BCA49 DA 00 98 0B 00    	obj_type2:	mvp	[!start],(bp+!src_work1)
0BCA4E                   	;
0BCA4E 30 71 FB 7F       	compile_end:	and	($fb),$7f
0BCA52 8F A9 B1 0B       			mv	s,[!s_stack]
0BCA56 8E AC B1 0B       			mv	u,[!u_stack]
0BCA5A 04 9E 98          			call	!interrupt2
0BCA5D 30 79 FB 80       			or	($fb),$80
0BCA61 04 A2 9B          			call	!close_all
0BCA64 30 D0 EC A8 B1 0B 			mv	($ec),[!base]
0BCA6A 9F                			rc
0BCA6B 07                			retf
0BCA6C                   	;
0BCA6C FD 46             	exit:		mv	x,u
0BCA6E 2D                			pushu	y
0BCA6F 04 94 A3          			call	printf
0BCA72 FD 46             			mv	x,u
0BCA74 0D 8D CA 0B       			mv	y,sus_symbol
0BCA78 2D                			pushu	y
0BCA79 8D 41 D0 0B       			mv	y,[symadr]
0BCA7D 7C 05             			dec	y
0BCA7F 08 00             			mv	a,0
0BCA81 B0 05             			mv	[y],a
0BCA83 0D F8 B0 0B       			mv	y,symbuf+16
0BCA87 2D                			pushu	y
0BCA88 04 94 A3          			call	printf
0BCA8B 13 3F             			jr	compile_end
0BCA8D 20 28 25 73 29 00 	sus_symbol:	db	' (%s)',0
0BCA93 0D 15 CB 0B       	error1:		mv	y,errmsg1
0BCA97 12 14             			jr	exit2
0BCA99 0D 27 CB 0B       	error2:		mv	y,errmsg2
0BCA9D 12 0E             			jr	exit2
0BCA9F 0D 32 CB 0B       	error3:		mv	y,errmsg3
0BCAA3 12 08             			jr	exit2
0BCAA5 0D 44 CB 0B       	error4:		mv	y,errmsg4
0BCAA9 8E AC B1 0B       			mv	u,[!u_stack]
0BCAAD 3C                	exit2:		popu	x
0BCAAE 90 04             	exit2_2:	mv	a,[x]
0BCAB0 60 0D             			cmp	a,$0d
0BCAB2 1A 03             			jrnz	exit2_1
0BCAB4 2C                			pushu	x
0BCAB5 13 4B             			jr	exit
0BCAB7 6C 04             	exit2_1:	inc	x
0BCAB9 13 0D             			jr	exit2_2
0BCABB                   	;
0BCABB 0D 59 CB 0B       	err1:		mv	y,emsg1			;Unexpected EOF
0BCABF 13 55             			jr	exit
0BCAC1 0D 68 CB 0B       	err2:		mv	y,emsg2			;Too long identifier
0BCAC5 13 5B             			jr	exit
0BCAC7 0D 7C CB 0B       	err3:		mv	y,emsg3			;Syntax error
0BCACB 13 61             			jr	exit
0BCACD 0D 89 CB 0B       	err4:		mv	y,emsg4			;Undefined identifier
0BCAD1 13 67             			jr	exit
0BCAD3 0D 9E CB 0B       	err5:		mv	y,emsg5			;Duplicate identifier
0BCAD7 13 6D             			jr	exit
0BCAD9 0D B3 CB 0B       	err6:		mv	y,emsg6			;';' expected
0BCADD 13 73             			jr	exit
0BCADF 0D C0 CB 0B       	err7:		mv	y,emsg7			;Type specifier expected
0BCAE3 13 79             			jr	exit
0BCAE5 0D D8 CB 0B       	err8:		mv	y,emsg8			;Constant number expected
0BCAE9 13 7F             			jr	exit
0BCAEB 0D F1 CB 0B       	err9:		mv	y,emsg9			;Illegal identifier
0BCAEF 13 85             			jr	exit
0BCAF1 0D 0C CC 0B       	err10:		mv	y,emsg10		;'(' expected
0BCAF5 13 8B             			jr	exit
0BCAF7 0D 19 CC 0B       	err11:		mv	y,emsg11		;')' expected
0BCAFB 13 91             			jr	exit
0BCAFD 0D 26 CC 0B       	err12:		mv	y,emsg12		;Table overflow
0BCB01 13 97             			jr	exit
0BCB03 0D 35 CC 0B       	err13:		mv	y,emsg13		;':' expected
0BCB07 13 9D             			jr	exit
0BCB09 0D 42 CC 0B       	err14:		mv	y,emsg14		;Type conflict
0BCB0D 13 A3             			jr	exit
0BCB0F 0D 50 CC 0B       	err15:		mv	y,emsg15		;Undefined function exist
0BCB13 13 A9             			jr	exit
0BCB15                   	;
0BCB15                   			end
0BCB15                   			include	database.s
0BCB15 53 6F 75 72 63 65 	errmsg1:	db	'Source not opened',0
0BCB1B 20 6E 6F 74 20 6F 	
0BCB21 70 65 6E 65 64 00 	
0BCB27 42 61 64 20 6F 70 	errmsg2:	db	'Bad option',0
0BCB2D 74 69 6F 6E 00    	
0BCB32 4F 62 6A 65 63 74 	errmsg3:	db	'Object not opened',0
0BCB38 20 6E 6F 74 20 6F 	
0BCB3E 70 65 6E 65 64 00 	
0BCB44 0D 0A 4F 62 6A 65 	errmsg4:	db	13,10,'Object write error',0
0BCB4A 63 74 20 77 72 69 	
0BCB50 74 65 20 65 72 72 	
0BCB56 6F 72 00          	
0BCB59 55 6E 65 78 70 65 	emsg1:		db	'Unexpected EOF',0
0BCB5F 63 74 65 64 20 45 	
0BCB65 4F 46 00          	
0BCB68 54 6F 6F 20 6C 6F 	emsg2:		db	'Too long identifier',0
0BCB6E 6E 67 20 69 64 65 	
0BCB74 6E 74 69 66 69 65 	
0BCB7A 72 00             	
0BCB7C 53 79 6E 74 61 78 	emsg3:		db	'Syntax error',0
0BCB82 20 65 72 72 6F 72 	
0BCB88 00                	
0BCB89 55 6E 64 65 66 69 	emsg4:		db	'Undefined identifier',0
0BCB8F 6E 65 64 20 69 64 	
0BCB95 65 6E 74 69 66 69 	
0BCB9B 65 72 00          	
0BCB9E 44 75 70 6C 69 63 	emsg5:		db	'Duplicate identifier',0
0BCBA4 61 74 65 20 69 64 	
0BCBAA 65 6E 74 69 66 69 	
0BCBB0 65 72 00          	
0BCBB3 27 3B 27 20 65 78 	emsg6:		db	''';'' expected',0
0BCBB9 70 65 63 74 65 64 	
0BCBBF 00                	
0BCBC0 54 79 70 65 20 73 	emsg7:		db	'Type specifier expected',0
0BCBC6 70 65 63 69 66 69 	
0BCBCC 65 72 20 65 78 70 	
0BCBD2 65 63 74 65 64 00 	
0BCBD8 43 6F 6E 73 74 61 	emsg8:		db	'Constant number expected',0
0BCBDE 6E 74 20 6E 75 6D 	
0BCBE4 62 65 72 20 65 78 	
0BCBEA 70 65 63 74 65 64 	
0BCBF0 00                	
0BCBF1 49 6C 6C 65 67 61 	emsg9:		db	'Illegal type of identifier',0
0BCBF7 6C 20 74 79 70 65 	
0BCBFD 20 6F 66 20 69 64 	
0BCC03 65 6E 74 69 66 69 	
0BCC09 65 72 00          	
0BCC0C 27 28 27 20 65 78 	emsg10:		db	'''('' expected',0
0BCC12 70 65 63 74 65 64 	
0BCC18 00                	
0BCC19 27 29 27 20 65 78 	emsg11:		db	''')'' expected',0
0BCC1F 70 65 63 74 65 64 	
0BCC25 00                	
0BCC26 54 61 62 6C 65 20 	emsg12:		db	'Table overflow',0
0BCC2C 6F 76 65 72 66 6C 	
0BCC32 6F 77 00          	
0BCC35 27 3A 27 20 65 78 	emsg13:		db	''':'' expected',0
0BCC3B 70 65 63 74 65 64 	
0BCC41 00                	
0BCC42 54 79 70 65 20 63 	emsg14:		db	'Type conflict',0
0BCC48 6F 6E 66 6C 69 63 	
0BCC4E 74 00             	
0BCC50 55 6E 64 65 66 69 	emsg15:		db	'Undefined function exist',0
0BCC56 6E 65 64 20 66 75 	
0BCC5C 6E 63 74 69 6F 6E 	
0BCC62 20 65 78 69 73 74 	
0BCC68 00                	
0BCC69 43 6F 6D 70 69 6C 	endmsg:		db	'Compile end  [ End = $%x ]',0
0BCC6F 65 20 65 6E 64 20 	
0BCC75 20 5B 20 45 6E 64 	
0BCC7B 20 3D 20 24 25 78 	
0BCC81 20 5D 00          	
0BCC84                   	;
0BCC84 62 46 50 52 49 4E 	builtin_func:	db	$62,'FPRINTF',0
0BCC8A 54 46 00          	
0BCC8D 6E A3 0B          			dp	fprintf
0BCC90 62 50 52 49 4E 54 			db	$62,'PRINTF',0,0
0BCC96 46 00 00          	
0BCC99 94 A3 0B          			dp	printf
0BCC9C 60 53 50 52 49 4E 			db	$60,'SPRINTF',0
0BCCA2 54 46 00          	
0BCCA5 CD A3 0B          			dp	sprintf
0BCCA8 20 53 54 52 43 4D 			db	$20,'STRCMP',0,0
0BCCAE 50 00 00          	
0BCCB1 65 A5 0B          			dp	strcmp
0BCCB4 24 53 54 52 4C 45 			db	$24,'STRLEN',0,0
0BCCBA 4E 00 00          	
0BCCBD 60 A3 0B          			dp	strlen
0BCCC0 20 49 53 44 49 47 			db	$20,'ISDIGIT',0
0BCCC6 49 54 00          	
0BCCC9 48 A5 0B          			dp	isdigit
0BCCCC 20 49 53 41 4C 50 			db	$20,'ISALPHA',0
0BCCD2 48 41 00          	
0BCCD5 58 A5 0B          			dp	isalpha
0BCCD8 20 55 50 43 41 53 			db	$20,'UPCASE',0,0
0BCCDE 45 00 00          	
0BCCE1 3B A5 0B          			dp	upcase
0BCCE4 22 47 45 54 43 00 			db	$22,'GETC',0,0,0,0
0BCCEA 00 00 00          	
0BCCED 7B 9F 0B          			dp	getc
0BCCF0 22 50 55 54 43 00 			db	$22,'PUTC',0,0,0,0
0BCCF6 00 00 00          	
0BCCF9 A3 9F 0B          			dp	putc
0BCCFC 22 46 47 45 54 43 			db	$22,'FGETC',0,0,0
0BCD02 00 00 00          	
0BCD05 81 9F 0B          			dp	fgetc
0BCD08 22 46 50 55 54 43 			db	$22,'FPUTC',0,0,0
0BCD0E 00 00 00          	
0BCD11 AC 9F 0B          			dp	fputc
0BCD14 24 47 45 54 53 00 			db	$24,'GETS',0,0,0,0
0BCD1A 00 00 00          	
0BCD1D E3 9B 0B          			dp	gets
0BCD20 22 50 55 54 53 00 			db	$22,'PUTS',0,0,0,0
0BCD26 00 00 00          	
0BCD29 CC 9F 0B          			dp	puts
0BCD2C 24 46 47 45 54 53 			db	$24,'FGETS',0,0,0
0BCD32 00 00 00          	
0BCD35 F8 9C 0B          			dp	fgets
0BCD38 22 46 50 55 54 53 			db	$22,'FPUTS',0,0,0
0BCD3E 00 00 00          	
0BCD41 FA 9F 0B          			dp	fputs
0BCD44 62 46 53 43 41 4E 			db	$62,'FSCANF',0,0
0BCD4A 46 00 00          	
0BCD4D 31 9D 0B          			dp	fscanf
0BCD50 60 53 53 43 41 4E 			db	$60,'SSCANF',0,0
0BCD56 46 00 00          	
0BCD59 79 9D 0B          			dp	sscanf
0BCD5C 62 53 43 41 4E 46 			db	$62,'SCANF',0,0,0
0BCD62 00 00 00          	
0BCD65 57 9D 0B          			dp	scanf
0BCD68 24 41 54 4F 44 00 			db	$24,'ATOD',0,0,0,0
0BCD6E 00 00 00          	
0BCD71 01 9E 0B          			dp	atod
0BCD74 24 41 54 4F 58 00 			db	$24,'ATOX',0,0,0,0
0BCD7A 00 00 00          	
0BCD7D 4F 9E 0B          			dp	atox
0BCD80 24 53 54 52 43 50 			db	$24,'STRCPY',0,0
0BCD86 59 00 00          	
0BCD89 A2 9E 0B          			dp	strcpy
0BCD8C 24 53 54 52 43 41 			db	$24,'STRCAT',0,0
0BCD92 54 00 00          	
0BCD95 AF 9E 0B          			dp	strcat
0BCD98 20 5F 46 4E 41 4D 			db	$20,'_FNAME',0,0
0BCD9E 45 00 00          	
0BCDA1 C4 9E 0B          			dp	_fname
0BCDA4 22 46 43 52 45 41 			db	$22,'FCREAT',0,0
0BCDAA 54 00 00          	
0BCDAD 19 A0 0B          			dp	fcreat
0BCDB0 22 46 4F 50 45 4E 			db	$22,'FOPEN',0,0,0
0BCDB6 00 00 00          	
0BCDB9 1E A0 0B          			dp	fopen
0BCDBC 22 46 43 4C 4F 53 			db	$22,'FCLOSE',0,0
0BCDC2 45 00 00          	
0BCDC5 4D A0 0B          			dp	fclose
0BCDC8 24 46 53 45 45 4B 			db	$24,'FSEEK',0,0,0
0BCDCE 00 00 00          	
0BCDD1 5D A0 0B          			dp	fseek
0BCDD4 24 46 52 45 41 44 			db	$24,'FREAD',0,0,0
0BCDDA 00 00 00          	
0BCDDD 85 A0 0B          			dp	fread
0BCDE0 24 46 57 52 49 54 			db	$24,'FWRITE',0,0
0BCDE6 45 00 00          	
0BCDE9 98 A0 0B          			dp	fwrite
0BCDEC 22 52 45 4D 4F 56 			db	$22,'REMOVE',0,0
0BCDF2 45 00 00          	
0BCDF5 9C A0 0B          			dp	remove
0BCDF8 22 46 43 4E 54 4C 			db	$22,'FCNTL',0,0,0
0BCDFE 00 00 00          	
0BCE01 B4 A0 0B          			dp	_fcntl
0BCE04 22 49 4F 43 53 00 			db	$22,'IOCS',0,0,0,0
0BCE0A 00 00 00          	
0BCE0D F2 A0 0B          			dp	_iocs
0BCE10 24 53 42 52 4B 00 			db	$24,'SBRK',0,0,0,0
0BCE16 00 00 00          	
0BCE19 FE A0 0B          			dp	sbrk
0BCE1C 22 52 41 4E 44 00 			db	$22,'RAND',0,0,0,0
0BCE22 00 00 00          	
0BCE25 22 A1 0B          			dp	rand
0BCE28 20 53 52 41 4E 44 			db	$20,'SRAND',0,0,0
0BCE2E 00 00 00          	
0BCE31 42 A1 0B          			dp	srand
0BCE34 22 4B 53 43 41 4E 			db	$22,'KSCAN',0,0,0
0BCE3A 00 00 00          	
0BCE3D 46 A1 0B          			dp	kscan
0BCE40 20 45 52 52 4E 55 			db	$20,'ERRNUM',0,0
0BCE46 4D 00 00          	
0BCE49 5B A1 0B          			dp	perror
0BCE4C 22 46 4F 52 4B 00 			db	$22,'FORK',0,0,0,0
0BCE52 00 00 00          	
0BCE55 0B 9A 0B          			dp	fork
0BCE58 20 50 49 44 00 00 			db	$20,'PID',0,0,0,0,0
0BCE5E 00 00 00          	
0BCE61 33 9A 0B          			dp	pid
0BCE64 24 46 52 45 45 00 			db	$24,'FREE',0,0,0,0
0BCE6A 00 00 00          	
0BCE6D 38 9A 0B          			dp	free
0BCE70 22 53 4C 45 45 50 			db	$22,'SLEEP',0,0,0
0BCE76 00 00 00          	
0BCE79 41 9A 0B          			dp	sleep
0BCE7C 22 57 41 4B 45 55 			db	$22,'WAKEUP',0,0
0BCE82 50 00 00          	
0BCE85 58 9A 0B          			dp	wakeup
0BCE88 22 50 53 54 41 54 			db	$22,'PSTAT',0,0,0
0BCE8E 00 00 00          	
0BCE91 66 9A 0B          			dp	pstat
0BCE94 22 4B 49 4C 4C 00 			db	$22,'KILL',0,0,0,0
0BCE9A 00 00 00          	
0BCE9D 3A 9B 0B          			dp	kill
0BCEA0 20 47 45 54 52 41 			db	$20,'GETRAM',0,0
0BCEA6 4D 00 00          	
0BCEA9 79 9A 0B          			dp	getram
0BCEAC 20 53 45 54 52 41 			db	$20,'SETRAM',0,0
0BCEB2 4D 00 00          	
0BCEB5 83 9A 0B          			dp	setram
0BCEB8 22 53 5F 50 52 4F 			db	$22,'S_PROJ',0,0
0BCEBE 4A 00 00          	
0BCEC1 C9 AA 0B          			dp	s_proj
0BCEC4 22 53 5F 50 49 58 			db	$22,'S_PIXEL',0
0BCECA 45 4C 00          	
0BCECD 5E A8 0B          			dp	s_pixel
0BCED0 22 53 5F 50 4F 49 			db	$22,'S_POINT',0
0BCED6 4E 54 00          	
0BCED9 37 A8 0B          			dp	s_point
0BCEDC 22 53 5F 4C 49 4E 			db	$22,'S_LINE',0,0
0BCEE2 45 00 00          	
0BCEE5 58 A9 0B          			dp	s_line
0BCEE8 22 53 5F 42 4F 58 			db	$22,'S_BOX',0,0,0
0BCEEE 00 00 00          	
0BCEF1 EA A8 0B          			dp	s_box
0BCEF4 22 53 5F 46 49 4C 			db	$22,'S_FILL',0,0
0BCEFA 4C 00 00          	
0BCEFD 99 A8 0B          			dp	s_fill
0BCF00 20 53 5F 43 4C 45 			db	$20,'S_CLEAR',0
0BCF06 41 52 00          	
0BCF09 06 A8 0B          			dp	s_clear
0BCF0C 22 53 5F 43 4F 50 			db	$22,'S_COPY',0,0
0BCF12 59 00 00          	
0BCF15 5D AD 0B          			dp	s_copy
0BCF18 22 53 5F 52 45 41 			db	$22,'S_REAL',0,0
0BCF1E 4C 00 00          	
0BCF21 7D AE 0B          			dp	s_real
0BCF24 22 53 5F 54 41 4B 			db	$22,'S_TAKE',0,0
0BCF2A 45 00 00          	
0BCF2D 43 AF 0B          			dp	s_take
0BCF30 20 53 5F 53 48 49 			db	$20,'S_SHIFT',0
0BCF36 46 54 00          	
0BCF39 A4 AD 0B          			dp	s_shift
0BCF3C 22 53 5F 50 55 54 			db	$22,'S_PUTS',0,0
0BCF42 53 00 00          	
0BCF45 E8 AF 0B          			dp	s_puts
0BCF48 22 53 5F 50 55 54 			db	$22,'S_PUTC',0,0
0BCF4E 43 00 00          	
0BCF51 13 B0 0B          			dp	s_putc
0BCF54 20 4B 45 59 00 00 			db	$20,'KEY',0,0,0,0,0
0BCF5A 00 00 00          	
0BCF5D 90 9A 0B          			dp	key
0BCF60 20 42 45 45 50 00 			db	$20,'BEEP',0,0,0,0
0BCF66 00 00 00          	
0BCF69 A7 9A 0B          			dp	beep
0BCF6C 22 41 42 53 00 00 			db	$22,'ABS',0,0,0,0,0
0BCF72 00 00 00          	
0BCF75 C0 9A 0B          			dp	abs
0BCF78 22 53 47 4E 00 00 			db	$22,'SGN',0,0,0,0,0
0BCF7E 00 00 00          	
0BCF81 D1 9A 0B          			dp	sgn
0BCF84 20 4C 4F 43 41 54 			db	$20,'LOCATE',0,0
0BCF8A 45 00 00          	
0BCF8D ED 9A 0B          			dp	locate
0BCF90 24 41 4C 41 52 4D 			db	$24,'ALARMF',0,0
0BCF96 46 00 00          	
0BCF99 74 9B 0B          			dp	alarmf
0BCF9C 24 41 4C 41 52 4D 			db	$24,'ALARMS',0,0
0BCFA2 53 00 00          	
0BCFA5 8B 9B 0B          			dp	alarms
0BCFA8 20 4C 41 54 45 53 			db	$20,'LATEST',0,0
0BCFAE 54 00 00          	
0BCFB1 E8 9A 0B          			dp	latest
0BCFB4 20 4D 49 44 49 54 			db	$20,'MIDITX',0,0
0BCFBA 58 00 00          	
0BCFBD 7D A5 0B          			dp	miditx
0BCFC0 24 41 54 4F 46 00 			db	$24,'ATOF',0,0,0,0
0BCFC6 00 00 00          	
0BCFC9 B5 A5 0B          			dp	atof
0BCFCC 24 46 54 4F 41 00 			db	$24,'FTOA',0,0,0,0
0BCFD2 00 00 00          	
0BCFD5 48 A6 0B          			dp	ftoa
0BCFD8 24 5F 4D 41 54 48 			db	$24,'_MATH1',0,0
0BCFDE 31 00 00          	
0BCFE1 33 A7 0B          			dp	_math1
0BCFE4 24 5F 4D 41 54 48 			db	$24,'_MATH2',0,0
0BCFEA 32 00 00          	
0BCFED 5A A7 0B          			dp	_math2
0BCFF0 24 49 54 4F 46 00 			db	$24,'ITOF',0,0,0,0
0BCFF6 00 00 00          	
0BCFF9 66 A7 0B          			dp	itof
0BCFFC 22 46 54 4F 49 00 			db	$22,'FTOI',0,0,0,0
0BD002 00 00 00          	
0BD005 80 A7 0B          			dp	ftoi
0BD008 24 4D 4F 56 45 00 			db	$24,'MOVE',0,0,0,0
0BD00E 00 00 00          	
0BD011 B4 A7 0B          			dp	move
0BD014 24 4D 4F 56 45 5A 			db	$24,'MOVEZ',0,0,0
0BD01A 00 00 00          	
0BD01D AD A7 0B          			dp	movez
0BD020 24 41 52 47 50 00 			db	$24,'ARGP',0,0,0,0
0BD026 00 00 00          	
0BD029 DF A7 0B          			dp	argp
0BD02C 20 43 42 52 45 41 			db	$20,'CBREAK',0,0
0BD032 4B 00 00          	
0BD035 6B A2 0B          			dp	user_break
0BD038 FE                			db	$fe
0BD039                   	;
0BD039 66 69 6C 65 3F 00 	start_symbol:	db	'file?',0
0BD03F 00 00             	main_start:	ds	2
0BD041 00 00 00          	symadr:		ds	3
0BD044 00 00 00          	while_out:	ds	3
0BD047 00                	while_links:	ds	1
0BD048 00 00 00          	txtpnt:		ds	3
0BD04B 00                	txtcount:	ds	1
0BD04C 00                	dev_attr:	ds	1
0BD04D 00 00 00          	objpoint:	ds	3
0BD050 00                	objcount:	ds	1
0BD051 FF 00 06 01 10 00 	header:		db	$ff,$00,$06,$01,$10,$00,$00,$00
0BD057 00 00             	
0BD059 00 98 0B FF FF FF 			db	!start,!start/256,$0b,$ff,$ff,$ff,$00,$0f
0BD05F 00 0F             	
0BD061                   	;
0BD061                   			end
0BD061                   	;
0BD061                   	;
0BD061                   			end
0BD061                   	obj_start:
0BD061                   	objbuf:
0BD061                   	;
0BD061                   			end

  No fatal error.  Code: 0B9800h - 0BD060h [    14433 byte(s)]
